VentaCodigo,FechaVenta,ClienteCodigo,ProductoCodigo,VendedorCodigo,SucursalCodigo,Canal,Cantidad,PrecioUnitario,CostoUnitario
VTA000001,2026-05-06,CLI0012,PROD0033,VEN004,SUC007,Web,4,233200,173500
VTA000002,2025-11-30,CLI0043,PROD0021,VEN013,SUC010,Presencial,4,837700,667300
VTA000003,2026-05-14,CLI0034,PROD0031,VEN007,SUC004,Presencial,9,270400,198500
VTA000004,2025-04-16,CLI0096,PROD0003,VEN003,SUC003,Web,10,84100,61500
VTA000005,2025-01-24,CLI0081,PROD0003,VEN007,SUC008,Web,11,92900,62100
VTA000006,2025-04-21,CLI0061,PROD0010,VEN001,SUC008,Web,6,318400,233300
VTA000007,2026-04-30,CLI0023,PROD0009,VEN017,SUC006,Telefónico,8,799300,465500
VTA000008,2025-07-03,CLI0027,PROD0003,VEN020,SUC001,Presencial,7,80300,62100
VTA000009,2026-03-06,CLI0022,PROD0050,VEN002,SUC004,Presencial,12,285000,210300
VTA000010,2025-04-01,CLI0070,PROD0010,VEN016,SUC004,Presencial,11,318300,226300
VTA000011,2025-05-15,CLI0059,PROD0035,VEN012,SUC006,Telefónico,5,680600,440300
VTA000012,2025-05-21,CLI0075,PROD0008,VEN008,SUC008,Web,10,635600,388800
VTA000013,2026-05-29,CLI0049,PROD0015,VEN014,SUC010,Presencial,2,187500,109400
VTA000014,2025-07-19,CLI0098,PROD0032,VEN008,SUC005,Presencial,8,308800,179900
VTA000015,2025-01-05,CLI0031,PROD0027,VEN010,SUC007,Telefónico,4,107900,75000
VTA000016,2025-02-04,CLI0083,PROD0037,VEN012,SUC010,Web,11,229200,165700
VTA000017,2025-07-06,CLI0085,PROD0001,VEN010,SUC005,Presencial,3,389200,254800
VTA000018,2025-04-08,CLI0033,PROD0027,VEN005,SUC007,Presencial,10,98700,78200
VTA000019,2025-02-11,CLI0096,PROD0047,VEN004,SUC004,Web,1,414900,362300
VTA000020,2026-02-17,CLI0032,PROD0044,VEN014,SUC010,Telefónico,3,835600,607500
VTA000021,2026-07-19,CLI0038,PROD0024,VEN018,SUC001,Presencial,11,672400,577700
VTA000022,2026-06-06,CLI0071,PROD0003,VEN011,SUC007,Web,6,83000,61000
VTA000023,2025-10-31,CLI0053,PROD0010,VEN019,SUC001,Presencial,6,331700,231200
VTA000024,2026-06-16,CLI0050,PROD0012,VEN012,SUC004,Telefónico,3,395300,285300
VTA000025,2026-05-26,CLI0013,PROD0016,VEN011,SUC007,Telefónico,1,137200,109300
VTA000026,2025-10-17,CLI0082,PROD0013,VEN014,SUC009,Web,9,472200,400900
VTA000027,2025-12-12,CLI0051,PROD0018,VEN012,SUC007,Presencial,12,188600,146200
VTA000028,2025-07-13,CLI0053,PROD0030,VEN016,SUC007,Telefónico,11,569400,453200
VTA000029,2025-07-01,CLI0074,PROD0049,VEN015,SUC009,Web,5,347800,252400
VTA000030,2025-12-13,CLI0078,PROD0018,VEN011,SUC010,Web,3,188500,151400
VTA000031,2026-07-12,CLI0057,PROD0008,VEN010,SUC002,Web,5,621400,387000
VTA000032,2026-05-26,CLI0058,PROD0029,VEN005,SUC004,Presencial,6,685400,421300
VTA000033,2025-11-04,CLI0054,PROD0016,VEN004,SUC004,Telefónico,1,132900,110000
VTA000034,2025-05-09,CLI0046,PROD0042,VEN005,SUC007,Web,4,375400,283500
VTA000035,2025-01-17,CLI0078,PROD0021,VEN019,SUC009,Web,7,853300,662100
VTA000036,2025-04-01,CLI0073,PROD0030,VEN018,SUC006,Web,9,626000,441900
VTA000037,2026-03-09,CLI0047,PROD0044,VEN013,SUC003,Presencial,12,805700,580800
VTA000038,2026-03-03,CLI0048,PROD0007,VEN016,SUC001,Web,1,614400,459400
VTA000039,2025-03-06,CLI0003,PROD0045,VEN002,SUC009,Web,1,122400,94600
VTA000040,2025-08-29,CLI0096,PROD0042,VEN015,SUC010,Telefónico,8,392300,285500
VTA000041,2026-07-07,CLI0065,PROD0001,VEN010,SUC004,Presencial,2,384600,252700
VTA000042,2025-02-12,CLI0004,PROD0035,VEN002,SUC006,Web,8,756800,446900
VTA000043,2026-03-07,CLI0030,PROD0005,VEN017,SUC002,Web,4,477900,306800
VTA000044,2025-10-21,CLI0011,PROD0032,VEN012,SUC001,Web,3,303900,181300
VTA000045,2026-06-06,CLI0045,PROD0044,VEN020,SUC005,Presencial,12,731800,595000
VTA000046,2025-03-07,CLI0018,PROD0036,VEN018,SUC003,Web,8,493600,315500
VTA000047,2025-08-13,CLI0044,PROD0030,VEN019,SUC005,Presencial,1,626200,440500
VTA000048,2025-10-28,CLI0029,PROD0043,VEN015,SUC008,Web,4,457100,356300
VTA000049,2025-07-14,CLI0087,PROD0029,VEN016,SUC007,Presencial,6,628300,427800
VTA000050,2025-12-29,CLI0054,PROD0019,VEN007,SUC002,Web,3,743400,471700
VTA000051,2026-03-16,CLI0080,PROD0050,VEN014,SUC006,Presencial,4,255300,206100
VTA000052,2025-11-10,CLI0032,PROD0016,VEN009,SUC006,Presencial,7,152200,112200
VTA000053,2025-08-24,CLI0098,PROD0028,VEN019,SUC007,Web,12,440800,270200
VTA000054,2025-08-29,CLI0078,PROD0002,VEN016,SUC006,Presencial,7,417600,235500
VTA000055,2026-05-22,CLI0097,PROD0034,VEN013,SUC006,Presencial,1,515100,418200
VTA000056,2025-07-12,CLI0009,PROD0020,VEN009,SUC010,Web,7,477300,414200
VTA000057,2026-01-24,CLI0068,PROD0012,VEN011,SUC010,Presencial,2,450000,284800
VTA000058,2025-08-08,CLI0006,PROD0034,VEN010,SUC005,Web,9,540200,415400
VTA000059,2026-05-29,CLI0055,PROD0005,VEN014,SUC010,Presencial,10,412400,305200
VTA000060,2025-08-17,CLI0037,PROD0008,VEN004,SUC001,Web,9,642000,384900
VTA000061,2025-02-05,CLI0062,PROD0033,VEN001,SUC003,Presencial,7,259700,171100
VTA000062,2026-04-20,CLI0096,PROD0048,VEN006,SUC008,Presencial,8,19200,12900
VTA000063,2026-07-17,CLI0083,PROD0023,VEN005,SUC005,Presencial,6,567000,395500
VTA000064,2025-03-30,CLI0065,PROD0002,VEN016,SUC009,Web,11,432800,237100
VTA000065,2025-05-26,CLI0060,PROD0026,VEN010,SUC004,Web,10,544800,379200
VTA000066,2025-12-28,CLI0044,PROD0006,VEN007,SUC007,Web,12,260600,184600
VTA000067,2025-04-04,CLI0024,PROD0046,VEN006,SUC007,Web,1,567900,359600
VTA000068,2026-07-06,CLI0085,PROD0017,VEN003,SUC005,Web,8,207100,145300
VTA000069,2026-02-01,CLI0042,PROD0023,VEN012,SUC005,Web,5,654200,396100
VTA000070,2025-05-24,CLI0095,PROD0048,VEN010,SUC005,Telefónico,9,19400,13300
VTA000071,2025-05-08,CLI0097,PROD0016,VEN008,SUC008,Web,1,150500,109400
VTA000072,2026-05-31,CLI0041,PROD0039,VEN003,SUC001,Web,5,340600,216100
VTA000073,2026-06-17,CLI0025,PROD0040,VEN012,SUC010,Presencial,7,226600,150800
VTA000074,2026-06-04,CLI0008,PROD0014,VEN010,SUC004,Web,10,60600,43100
VTA000075,2025-02-25,CLI0002,PROD0045,VEN018,SUC002,Web,8,115500,91700
VTA000076,2026-05-08,CLI0083,PROD0032,VEN015,SUC009,Web,2,300300,185800
VTA000077,2026-06-20,CLI0028,PROD0014,VEN011,SUC001,Telefónico,10,59000,42800
VTA000078,2026-07-06,CLI0077,PROD0023,VEN011,SUC006,Presencial,10,568600,408600
VTA000079,2025-08-25,CLI0074,PROD0024,VEN017,SUC006,Telefónico,2,699700,575000
VTA000080,2025-03-08,CLI0094,PROD0035,VEN005,SUC001,Presencial,11,746400,439500
VTA000081,2025-04-11,CLI0009,PROD0023,VEN013,SUC007,Presencial,12,633600,396000
VTA000082,2025-12-03,CLI0030,PROD0034,VEN013,SUC002,Presencial,9,595400,412300
VTA000083,2026-02-19,CLI0058,PROD0012,VEN013,SUC003,Presencial,1,444300,280500
VTA000084,2025-09-27,CLI0053,PROD0011,VEN007,SUC005,Web,1,839200,698300
VTA000085,2025-10-31,CLI0064,PROD0004,VEN015,SUC007,Web,2,404300,296000
VTA000086,2025-01-21,CLI0076,PROD0020,VEN009,SUC005,Presencial,6,506700,415400
VTA000087,2025-12-01,CLI0034,PROD0044,VEN017,SUC010,Presencial,1,732500,580900
VTA000088,2026-02-25,CLI0073,PROD0048,VEN015,SUC007,Telefónico,9,19900,13100
VTA000089,2025-09-16,CLI0020,PROD0006,VEN003,SUC002,Web,9,283500,186700
VTA000090,2026-05-22,CLI0078,PROD0031,VEN016,SUC004,Web,6,264300,198700
VTA000091,2026-04-30,CLI0068,PROD0012,VEN005,SUC002,Presencial,9,396300,279600
VTA000092,2026-02-28,CLI0091,PROD0042,VEN020,SUC003,Web,10,392500,279100
VTA000093,2026-04-20,CLI0076,PROD0047,VEN014,SUC008,Telefónico,6,410100,352700
VTA000094,2026-03-10,CLI0047,PROD0036,VEN005,SUC004,Web,5,506900,325800
VTA000095,2025-02-12,CLI0019,PROD0023,VEN020,SUC001,Web,4,582600,396400
VTA000096,2026-03-07,CLI0067,PROD0050,VEN013,SUC008,Presencial,1,263600,206000
VTA000097,2026-02-16,CLI0086,PROD0018,VEN003,SUC006,Presencial,8,193000,153300
VTA000098,2025-02-24,CLI0091,PROD0030,VEN018,SUC004,Web,12,584900,437400
VTA000099,2026-01-20,CLI0047,PROD0044,VEN018,SUC008,Web,1,748900,602400
VTA000100,2025-10-09,CLI0057,PROD0037,VEN004,SUC002,Web,2,250000,163300
VTA000101,2025-01-22,CLI0052,PROD0049,VEN005,SUC001,Web,10,320600,249600
VTA000102,2025-12-27,CLI0093,PROD0004,VEN014,SUC010,Presencial,6,353900,295600
VTA000103,2026-05-06,CLI0054,PROD0030,VEN005,SUC001,Presencial,7,634600,437800
VTA000104,2025-09-18,CLI0069,PROD0010,VEN008,SUC004,Web,3,302200,231700
VTA000105,2025-03-03,CLI0083,PROD0022,VEN004,SUC002,Presencial,12,477700,313500
VTA000106,2025-10-31,CLI0060,PROD0039,VEN013,SUC002,Web,8,325300,218800
VTA000107,2025-11-11,CLI0058,PROD0032,VEN005,SUC008,Web,9,317400,186600
VTA000108,2025-05-05,CLI0016,PROD0025,VEN009,SUC007,Presencial,5,71900,59400
VTA000109,2025-04-20,CLI0041,PROD0006,VEN005,SUC009,Presencial,12,264400,183600
VTA000110,2026-07-23,CLI0099,PROD0009,VEN014,SUC004,Presencial,5,768800,459000
VTA000111,2025-02-09,CLI0067,PROD0022,VEN015,SUC004,Web,9,482000,311000
VTA000112,2025-07-12,CLI0017,PROD0001,VEN004,SUC004,Presencial,9,434700,251000
VTA000113,2026-05-09,CLI0082,PROD0049,VEN017,SUC002,Telefónico,4,328400,250000
VTA000114,2025-06-15,CLI0060,PROD0043,VEN008,SUC002,Presencial,5,493200,363200
VTA000115,2025-01-13,CLI0083,PROD0012,VEN018,SUC010,Presencial,10,430500,283200
VTA000116,2025-10-06,CLI0090,PROD0030,VEN002,SUC010,Presencial,9,586800,447400
VTA000117,2025-05-29,CLI0023,PROD0037,VEN019,SUC006,Telefónico,2,257000,161900
VTA000118,2026-01-22,CLI0075,PROD0047,VEN008,SUC005,Presencial,2,423700,349300
VTA000119,2026-04-19,CLI0058,PROD0048,VEN006,SUC006,Web,7,21600,13300
VTA000120,2025-02-08,CLI0047,PROD0041,VEN015,SUC003,Presencial,2,205700,137300
VTA000121,2026-06-26,CLI0086,PROD0028,VEN020,SUC008,Presencial,12,439200,277500
VTA000122,2025-03-19,CLI0054,PROD0028,VEN003,SUC001,Web,4,464500,274500
VTA000123,2025-04-25,CLI0004,PROD0012,VEN012,SUC005,Web,7,439200,283800
VTA000124,2025-01-27,CLI0082,PROD0010,VEN006,SUC008,Presencial,10,328200,224900
VTA000125,2025-12-26,CLI0088,PROD0022,VEN005,SUC005,Presencial,10,482800,318100
VTA000126,2025-08-28,CLI0024,PROD0021,VEN006,SUC007,Telefónico,12,873300,658000
VTA000127,2026-05-12,CLI0028,PROD0007,VEN020,SUC002,Web,8,616200,455800
VTA000128,2025-10-22,CLI0080,PROD0028,VEN012,SUC001,Web,6,455400,270800
VTA000129,2026-03-09,CLI0020,PROD0025,VEN002,SUC008,Presencial,6,74500,61300
VTA000130,2025-08-28,CLI0023,PROD0034,VEN005,SUC010,Web,11,596500,414800
VTA000131,2026-04-23,CLI0090,PROD0019,VEN013,SUC008,Presencial,11,722800,460400
VTA000132,2026-04-22,CLI0028,PROD0002,VEN009,SUC002,Web,2,463200,244700
VTA000133,2025-11-23,CLI0057,PROD0030,VEN017,SUC007,Telefónico,12,601800,444100
VTA000134,2026-07-03,CLI0010,PROD0034,VEN006,SUC009,Web,10,563500,414200
VTA000135,2026-01-11,CLI0002,PROD0045,VEN014,SUC004,Telefónico,7,119400,94600
VTA000136,2026-04-19,CLI0020,PROD0009,VEN010,SUC001,Presencial,1,768100,469400
VTA000137,2026-06-11,CLI0043,PROD0047,VEN017,SUC007,Web,2,436000,364600
VTA000138,2025-04-09,CLI0058,PROD0001,VEN017,SUC008,Web,5,440000,248400
VTA000139,2025-10-17,CLI0007,PROD0029,VEN010,SUC006,Telefónico,2,651000,423800
VTA000140,2026-01-25,CLI0079,PROD0012,VEN014,SUC008,Web,7,451800,283700
VTA000141,2026-05-22,CLI0027,PROD0025,VEN020,SUC008,Telefónico,9,78900,59500
VTA000142,2025-05-18,CLI0079,PROD0012,VEN001,SUC010,Presencial,4,394500,283600
VTA000143,2026-02-21,CLI0052,PROD0045,VEN016,SUC003,Presencial,8,117300,93600
VTA000144,2025-08-14,CLI0073,PROD0045,VEN002,SUC003,Telefónico,5,128900,92600
VTA000145,2025-02-05,CLI0021,PROD0009,VEN018,SUC008,Web,2,853800,470100
VTA000146,2025-10-10,CLI0015,PROD0042,VEN005,SUC009,Web,1,404800,274400
VTA000147,2026-04-01,CLI0035,PROD0013,VEN015,SUC010,Presencial,6,533700,397600
VTA000148,2026-05-17,CLI0052,PROD0046,VEN007,SUC006,Presencial,7,599700,360100
VTA000149,2026-03-22,CLI0094,PROD0008,VEN007,SUC003,Web,1,661700,387500
VTA000150,2025-02-22,CLI0041,PROD0022,VEN012,SUC010,Presencial,9,470400,317800
VTA000151,2025-11-19,CLI0036,PROD0003,VEN017,SUC006,Presencial,8,91900,59600
VTA000152,2025-05-19,CLI0083,PROD0020,VEN010,SUC003,Presencial,7,498100,409000
VTA000153,2025-04-21,CLI0057,PROD0006,VEN011,SUC007,Web,8,291300,183700
VTA000154,2025-05-20,CLI0096,PROD0046,VEN014,SUC007,Presencial,1,527300,349600
VTA000155,2025-08-08,CLI0082,PROD0047,VEN002,SUC009,Presencial,12,438500,350800
VTA000156,2026-07-01,CLI0091,PROD0045,VEN008,SUC008,Telefónico,3,122900,93400
VTA000157,2026-04-05,CLI0004,PROD0005,VEN012,SUC008,Presencial,12,450700,297000
VTA000158,2025-12-06,CLI0070,PROD0010,VEN016,SUC007,Telefónico,7,302600,228600
VTA000159,2025-12-02,CLI0060,PROD0001,VEN017,SUC007,Presencial,11,376500,249500
VTA000160,2025-08-04,CLI0010,PROD0041,VEN011,SUC009,Telefónico,5,201400,140500
VTA000161,2025-07-12,CLI0093,PROD0039,VEN018,SUC010,Web,3,348500,212600
VTA000162,2025-06-04,CLI0094,PROD0032,VEN012,SUC004,Presencial,2,320300,182100
VTA000163,2025-10-24,CLI0031,PROD0041,VEN017,SUC005,Telefónico,7,219200,138600
VTA000164,2025-06-25,CLI0027,PROD0034,VEN003,SUC006,Web,11,541200,414000
VTA000165,2026-02-12,CLI0014,PROD0010,VEN011,SUC003,Telefónico,11,331000,228600
VTA000166,2025-02-18,CLI0069,PROD0012,VEN010,SUC004,Presencial,5,417200,278100
VTA000167,2025-03-16,CLI0009,PROD0044,VEN008,SUC002,Web,5,825600,581300
VTA000168,2026-07-13,CLI0073,PROD0027,VEN016,SUC005,Web,7,101000,77200
VTA000169,2025-07-06,CLI0025,PROD0025,VEN007,SUC008,Presencial,11,79200,60000
VTA000170,2025-08-19,CLI0034,PROD0002,VEN003,SUC008,Presencial,9,441200,243200
VTA000171,2025-04-12,CLI0009,PROD0019,VEN012,SUC004,Web,12,638000,470200
VTA000172,2025-11-19,CLI0048,PROD0002,VEN017,SUC002,Telefónico,1,445100,240900
VTA000173,2025-07-11,CLI0096,PROD0028,VEN002,SUC006,Web,12,420200,274300
VTA000174,2025-09-09,CLI0010,PROD0029,VEN015,SUC008,Web,7,652400,425700
VTA000175,2026-04-13,CLI0001,PROD0021,VEN003,SUC005,Presencial,2,803900,651100
VTA000176,2025-01-14,CLI0081,PROD0048,VEN011,SUC005,Web,7,20100,13000
VTA000177,2026-06-19,CLI0073,PROD0027,VEN007,SUC005,Web,9,108200,75100
VTA000178,2025-12-04,CLI0037,PROD0021,VEN012,SUC010,Presencial,12,788300,648900
VTA000179,2026-07-21,CLI0026,PROD0041,VEN005,SUC004,Web,11,207700,139500
VTA000180,2025-08-18,CLI0074,PROD0002,VEN001,SUC006,Web,3,411200,239000
VTA000181,2026-01-23,CLI0089,PROD0050,VEN005,SUC008,Web,1,256300,208400
VTA000182,2025-01-28,CLI0052,PROD0026,VEN008,SUC008,Web,7,537600,380700
VTA000183,2025-06-22,CLI0091,PROD0046,VEN020,SUC009,Presencial,1,589300,352200
VTA000184,2025-05-07,CLI0005,PROD0014,VEN007,SUC005,Presencial,6,60700,42400
VTA000185,2026-07-27,CLI0074,PROD0006,VEN014,SUC006,Presencial,2,291200,180500
VTA000186,2025-06-05,CLI0006,PROD0041,VEN004,SUC005,Web,9,193700,139200
VTA000187,2025-01-13,CLI0056,PROD0031,VEN004,SUC007,Presencial,10,289700,198300
VTA000188,2025-08-23,CLI0047,PROD0005,VEN019,SUC002,Presencial,4,445100,310700
VTA000189,2025-11-02,CLI0024,PROD0033,VEN019,SUC006,Presencial,1,268600,170900
VTA000190,2026-03-25,CLI0082,PROD0045,VEN004,SUC003,Presencial,4,119100,92900
VTA000191,2025-12-19,CLI0049,PROD0029,VEN019,SUC007,Presencial,1,684100,418300
VTA000192,2026-01-24,CLI0047,PROD0045,VEN006,SUC007,Telefónico,10,117600,91900
VTA000193,2026-05-15,CLI0081,PROD0015,VEN019,SUC009,Telefónico,3,163200,106600
VTA000194,2026-02-17,CLI0069,PROD0012,VEN020,SUC003,Telefónico,3,416500,283800
VTA000195,2026-05-26,CLI0036,PROD0040,VEN003,SUC004,Presencial,7,207100,153900
VTA000196,2025-04-07,CLI0097,PROD0046,VEN005,SUC008,Web,4,530200,358600
VTA000197,2026-01-11,CLI0033,PROD0021,VEN011,SUC004,Presencial,12,879400,662700
VTA000198,2025-11-14,CLI0050,PROD0008,VEN009,SUC010,Presencial,11,590700,376100
VTA000199,2025-02-05,CLI0090,PROD0023,VEN009,SUC010,Telefónico,6,629300,409300
VTA000200,2025-04-16,CLI0085,PROD0015,VEN011,SUC009,Presencial,12,166400,110300
VTA000201,2025-08-24,CLI0054,PROD0045,VEN002,SUC010,Presencial,3,114400,94000
VTA000202,2026-03-15,CLI0008,PROD0032,VEN015,SUC004,Presencial,1,289800,185200
VTA000203,2026-04-26,CLI0010,PROD0004,VEN010,SUC006,Presencial,6,393300,287400
VTA000204,2025-05-15,CLI0060,PROD0037,VEN008,SUC007,Web,9,227000,166600
VTA000205,2026-07-31,CLI0095,PROD0014,VEN011,SUC003,Web,11,61700,44200
VTA000206,2026-02-06,CLI0040,PROD0034,VEN007,SUC001,Presencial,11,588700,405400
VTA000207,2025-04-18,CLI0079,PROD0041,VEN016,SUC010,Web,1,198800,141400
VTA000208,2026-05-21,CLI0012,PROD0006,VEN016,SUC006,Telefónico,7,267900,182300
VTA000209,2025-11-23,CLI0037,PROD0048,VEN007,SUC002,Presencial,7,21400,12800
VTA000210,2025-09-01,CLI0058,PROD0045,VEN011,SUC002,Presencial,5,127100,91400
VTA000211,2025-03-05,CLI0087,PROD0006,VEN006,SUC010,Web,6,276000,185100
VTA000212,2026-05-03,CLI0014,PROD0046,VEN005,SUC001,Telefónico,3,600700,358900
VTA000213,2025-04-13,CLI0054,PROD0042,VEN007,SUC005,Presencial,12,382300,278200
VTA000214,2025-09-06,CLI0073,PROD0018,VEN019,SUC010,Presencial,7,185600,147200
VTA000215,2026-04-28,CLI0009,PROD0005,VEN016,SUC009,Web,3,462800,300600
VTA000216,2025-06-01,CLI0020,PROD0037,VEN005,SUC006,Web,10,237800,164000
VTA000217,2026-01-21,CLI0070,PROD0021,VEN005,SUC002,Presencial,12,843000,648600
VTA000218,2026-03-02,CLI0062,PROD0020,VEN010,SUC002,Presencial,2,521600,408900
VTA000219,2026-07-10,CLI0002,PROD0003,VEN014,SUC006,Telefónico,1,80800,60500
VTA000220,2025-08-23,CLI0002,PROD0019,VEN005,SUC001,Presencial,2,668700,481000
VTA000221,2026-03-12,CLI0017,PROD0035,VEN020,SUC007,Presencial,7,727300,460200
VTA000222,2025-09-02,CLI0038,PROD0037,VEN001,SUC007,Web,2,244800,166800
VTA000223,2026-05-24,CLI0032,PROD0030,VEN003,SUC008,Presencial,11,651500,454600
VTA000224,2025-05-23,CLI0064,PROD0031,VEN016,SUC005,Presencial,6,252900,205000
VTA000225,2025-09-26,CLI0036,PROD0002,VEN006,SUC004,Presencial,5,406800,241000
VTA000226,2025-08-08,CLI0035,PROD0020,VEN017,SUC003,Web,11,547400,405700
VTA000227,2026-03-28,CLI0057,PROD0046,VEN002,SUC004,Presencial,2,549400,353900
VTA000228,2026-06-28,CLI0026,PROD0042,VEN019,SUC003,Presencial,1,411700,285000
VTA000229,2026-02-08,CLI0070,PROD0048,VEN013,SUC002,Web,9,21400,12700
VTA000230,2025-12-12,CLI0059,PROD0015,VEN019,SUC004,Web,1,178500,108800
VTA000231,2025-02-16,CLI0098,PROD0038,VEN015,SUC004,Presencial,7,89200,59500
VTA000232,2025-07-28,CLI0062,PROD0050,VEN018,SUC009,Web,4,270300,207000
VTA000233,2025-07-12,CLI0053,PROD0019,VEN005,SUC001,Web,10,685100,481500
VTA000234,2025-11-07,CLI0028,PROD0038,VEN016,SUC006,Presencial,6,101400,57900
VTA000235,2025-01-28,CLI0002,PROD0007,VEN006,SUC007,Web,1,628700,453600
VTA000236,2026-05-12,CLI0008,PROD0009,VEN005,SUC007,Web,1,882900,461300
VTA000237,2025-06-25,CLI0026,PROD0003,VEN001,SUC010,Presencial,2,80200,59700
VTA000238,2025-03-18,CLI0082,PROD0019,VEN006,SUC003,Presencial,5,679700,470400
VTA000239,2025-11-01,CLI0021,PROD0004,VEN010,SUC004,Web,9,383300,294700
VTA000240,2026-05-03,CLI0092,PROD0018,VEN020,SUC009,Web,11,207300,149300
VTA000241,2026-05-09,CLI0083,PROD0039,VEN007,SUC009,Web,12,333900,212500
VTA000242,2025-01-17,CLI0056,PROD0021,VEN014,SUC006,Telefónico,4,820200,665000
VTA000243,2026-02-08,CLI0096,PROD0018,VEN004,SUC002,Web,1,211100,148600
VTA000244,2026-01-14,CLI0044,PROD0042,VEN003,SUC007,Telefónico,1,403800,279700
VTA000245,2025-03-12,CLI0017,PROD0024,VEN015,SUC001,Presencial,10,675800,598300
VTA000246,2026-03-21,CLI0085,PROD0003,VEN020,SUC008,Web,3,88000,61100
VTA000247,2026-04-08,CLI0024,PROD0016,VEN011,SUC009,Presencial,9,142100,113400
VTA000248,2025-06-07,CLI0077,PROD0034,VEN016,SUC002,Web,6,571400,420200
VTA000249,2025-06-17,CLI0011,PROD0042,VEN016,SUC005,Presencial,7,365700,277500
VTA000250,2026-03-18,CLI0100,PROD0041,VEN007,SUC003,Presencial,3,215600,142600
VTA000251,2025-12-16,CLI0063,PROD0031,VEN009,SUC004,Telefónico,10,254100,205700
VTA000252,2025-04-08,CLI0015,PROD0005,VEN008,SUC006,Telefónico,12,464200,310800
VTA000253,2025-11-06,CLI0089,PROD0017,VEN017,SUC010,Web,7,210600,145100
VTA000254,2026-04-29,CLI0061,PROD0036,VEN014,SUC002,Web,8,552700,326900
VTA000255,2026-03-19,CLI0069,PROD0046,VEN005,SUC001,Web,10,540300,354800
VTA000256,2026-05-18,CLI0012,PROD0016,VEN011,SUC008,Web,4,150000,112000
VTA000257,2025-10-29,CLI0046,PROD0033,VEN017,SUC003,Telefónico,7,262700,171200
VTA000258,2025-12-28,CLI0031,PROD0030,VEN010,SUC009,Presencial,9,581500,439800
VTA000259,2026-04-09,CLI0015,PROD0014,VEN003,SUC008,Presencial,11,56500,44300
VTA000260,2025-03-04,CLI0097,PROD0021,VEN015,SUC006,Web,9,845400,660900
VTA000261,2026-04-07,CLI0023,PROD0023,VEN002,SUC009,Presencial,2,586100,409300
VTA000262,2025-01-21,CLI0052,PROD0035,VEN007,SUC006,Presencial,1,706400,446900
VTA000263,2025-11-16,CLI0046,PROD0021,VEN007,SUC009,Web,6,840700,658900
VTA000264,2025-05-27,CLI0019,PROD0011,VEN012,SUC009,Presencial,2,902600,672300
VTA000265,2025-10-11,CLI0027,PROD0033,VEN001,SUC002,Web,6,250500,169900
VTA000266,2026-01-12,CLI0011,PROD0048,VEN001,SUC010,Telefónico,4,18500,13300
VTA000267,2025-10-17,CLI0021,PROD0007,VEN011,SUC008,Telefónico,11,593800,465900
VTA000268,2026-07-29,CLI0010,PROD0007,VEN016,SUC005,Presencial,12,614100,462000
VTA000269,2026-06-12,CLI0059,PROD0008,VEN005,SUC003,Presencial,10,664400,375600
VTA000270,2025-03-29,CLI0094,PROD0028,VEN017,SUC007,Telefónico,5,445000,273100
VTA000271,2025-06-01,CLI0072,PROD0045,VEN005,SUC008,Presencial,3,120800,91100
VTA000272,2025-01-19,CLI0067,PROD0021,VEN014,SUC008,Presencial,2,886400,669100
VTA000273,2025-05-26,CLI0035,PROD0021,VEN018,SUC003,Presencial,8,804500,663700
VTA000274,2026-04-15,CLI0040,PROD0021,VEN007,SUC010,Web,4,808600,678600
VTA000275,2025-12-01,CLI0072,PROD0025,VEN002,SUC009,Presencial,5,79100,60100
VTA000276,2026-07-15,CLI0060,PROD0012,VEN009,SUC009,Presencial,3,459100,279800
VTA000277,2026-04-27,CLI0099,PROD0042,VEN014,SUC008,Web,12,379200,278200
VTA000278,2026-03-03,CLI0075,PROD0037,VEN015,SUC010,Presencial,9,256000,167900
VTA000279,2025-07-03,CLI0041,PROD0010,VEN011,SUC007,Presencial,7,330500,226900
VTA000280,2025-04-30,CLI0089,PROD0014,VEN008,SUC002,Telefónico,11,56400,43800
VTA000281,2025-07-25,CLI0046,PROD0048,VEN007,SUC001,Presencial,2,18700,13300
VTA000282,2025-07-13,CLI0089,PROD0003,VEN019,SUC003,Web,12,80700,61400
VTA000283,2026-04-04,CLI0007,PROD0003,VEN020,SUC003,Presencial,8,88000,61400
VTA000284,2025-05-22,CLI0011,PROD0036,VEN019,SUC009,Telefónico,4,526900,312500
VTA000285,2025-10-11,CLI0076,PROD0006,VEN001,SUC001,Presencial,11,263700,184800
VTA000286,2026-01-22,CLI0078,PROD0037,VEN010,SUC007,Presencial,6,242700,165100
VTA000287,2026-02-26,CLI0067,PROD0023,VEN007,SUC001,Presencial,9,581600,394700
VTA000288,2025-05-18,CLI0011,PROD0018,VEN009,SUC006,Web,8,208900,148200
VTA000289,2025-05-23,CLI0028,PROD0003,VEN020,SUC010,Telefónico,12,86100,61600
VTA000290,2026-03-24,CLI0010,PROD0023,VEN017,SUC005,Web,5,643400,401900
VTA000291,2025-10-26,CLI0074,PROD0031,VEN003,SUC007,Telefónico,7,280800,205400
VTA000292,2026-07-17,CLI0078,PROD0029,VEN017,SUC002,Web,5,630200,426800
VTA000293,2025-04-04,CLI0007,PROD0045,VEN004,SUC008,Presencial,10,125100,93900
VTA000294,2025-04-21,CLI0067,PROD0044,VEN004,SUC009,Presencial,8,736100,590800
VTA000295,2026-01-02,CLI0087,PROD0037,VEN003,SUC008,Presencial,4,239200,163400
VTA000296,2025-08-19,CLI0035,PROD0013,VEN011,SUC007,Presencial,1,490100,393600
VTA000297,2025-09-26,CLI0022,PROD0005,VEN017,SUC007,Web,1,447400,306200
VTA000298,2025-11-08,CLI0018,PROD0031,VEN011,SUC007,Web,9,263200,204200
VTA000299,2025-08-15,CLI0085,PROD0006,VEN009,SUC001,Web,7,253800,179300
VTA000300,2025-06-06,CLI0076,PROD0004,VEN018,SUC005,Presencial,3,390100,298300
VTA000301,2026-02-22,CLI0073,PROD0003,VEN004,SUC010,Presencial,3,89800,60000
VTA000302,2025-08-18,CLI0055,PROD0020,VEN011,SUC005,Web,3,477100,398900
VTA000303,2025-04-01,CLI0035,PROD0018,VEN001,SUC007,Web,4,204800,151800
VTA000304,2025-09-06,CLI0078,PROD0030,VEN014,SUC006,Presencial,3,614700,449500
VTA000305,2026-02-28,CLI0019,PROD0033,VEN020,SUC004,Presencial,1,245800,174500
VTA000306,2025-03-22,CLI0037,PROD0047,VEN013,SUC009,Web,12,417100,349000
VTA000307,2026-07-05,CLI0006,PROD0019,VEN013,SUC010,Telefónico,10,664300,467900
VTA000308,2025-11-03,CLI0007,PROD0037,VEN009,SUC002,Telefónico,9,255400,160900
VTA000309,2026-01-01,CLI0044,PROD0039,VEN004,SUC009,Telefónico,2,326300,212600
VTA000310,2025-06-29,CLI0047,PROD0047,VEN014,SUC009,Telefónico,12,441500,350300
VTA000311,2025-05-05,CLI0005,PROD0021,VEN017,SUC007,Web,11,781700,656900
VTA000312,2026-06-11,CLI0091,PROD0011,VEN003,SUC009,Web,7,865700,675200
VTA000313,2025-08-29,CLI0083,PROD0045,VEN020,SUC009,Presencial,2,123900,92700
VTA000314,2025-07-27,CLI0021,PROD0002,VEN020,SUC008,Telefónico,11,404900,236600
VTA000315,2025-02-11,CLI0067,PROD0019,VEN001,SUC003,Web,9,648100,468500
VTA000316,2025-03-29,CLI0060,PROD0038,VEN019,SUC003,Presencial,8,92300,58400
VTA000317,2026-02-22,CLI0065,PROD0034,VEN017,SUC006,Web,4,548300,413600
VTA000318,2026-02-04,CLI0081,PROD0026,VEN003,SUC001,Web,1,507000,383100
VTA000319,2025-01-27,CLI0007,PROD0026,VEN002,SUC002,Presencial,1,506600,380800
VTA000320,2025-08-22,CLI0039,PROD0022,VEN014,SUC004,Web,2,491600,324400
VTA000321,2025-08-24,CLI0026,PROD0032,VEN018,SUC010,Web,7,288700,181400
VTA000322,2025-03-24,CLI0016,PROD0034,VEN007,SUC010,Presencial,2,559100,422400
VTA000323,2025-09-03,CLI0092,PROD0002,VEN019,SUC005,Web,4,444600,239700
VTA000324,2025-09-11,CLI0060,PROD0036,VEN014,SUC005,Web,1,497100,318100
VTA000325,2025-09-04,CLI0043,PROD0025,VEN020,SUC007,Web,9,72700,59100
VTA000326,2025-12-07,CLI0049,PROD0022,VEN003,SUC007,Web,7,481400,316000
VTA000327,2025-11-27,CLI0092,PROD0012,VEN020,SUC008,Web,10,455900,284300
VTA000328,2026-02-03,CLI0016,PROD0025,VEN012,SUC001,Presencial,11,73500,59800
VTA000329,2025-06-04,CLI0051,PROD0020,VEN020,SUC004,Telefónico,8,483500,398300
VTA000330,2025-05-17,CLI0012,PROD0045,VEN017,SUC001,Web,9,129400,94100
VTA000331,2026-06-19,CLI0010,PROD0015,VEN011,SUC008,Presencial,2,187000,111200
VTA000332,2025-08-21,CLI0076,PROD0019,VEN019,SUC005,Web,5,650100,476800
VTA000333,2026-03-23,CLI0022,PROD0016,VEN003,SUC008,Telefónico,3,135300,110800
VTA000334,2026-05-28,CLI0007,PROD0017,VEN015,SUC002,Web,10,194300,148600
VTA000335,2025-12-16,CLI0045,PROD0037,VEN014,SUC005,Presencial,8,256500,165100
VTA000336,2025-08-08,CLI0013,PROD0047,VEN006,SUC004,Web,9,464500,352500
VTA000337,2026-01-12,CLI0066,PROD0026,VEN016,SUC007,Web,9,535100,379200
VTA000338,2025-11-19,CLI0042,PROD0031,VEN003,SUC008,Web,4,250600,200500
VTA000339,2026-06-08,CLI0061,PROD0016,VEN019,SUC003,Presencial,6,137100,110300
VTA000340,2025-03-31,CLI0077,PROD0050,VEN013,SUC001,Presencial,2,264300,209700
VTA000341,2025-07-20,CLI0091,PROD0022,VEN018,SUC008,Web,6,488700,309500
VTA000342,2025-12-21,CLI0034,PROD0041,VEN018,SUC003,Web,3,194900,136900
VTA000343,2025-11-03,CLI0087,PROD0004,VEN020,SUC004,Presencial,9,391800,292800
VTA000344,2025-04-30,CLI0033,PROD0050,VEN007,SUC001,Presencial,3,258300,206300
VTA000345,2025-09-28,CLI0085,PROD0041,VEN003,SUC010,Telefónico,2,217300,138200
VTA000346,2025-03-17,CLI0071,PROD0037,VEN015,SUC004,Telefónico,7,256200,162800
VTA000347,2025-08-13,CLI0078,PROD0047,VEN010,SUC009,Web,9,457400,353800
VTA000348,2025-08-30,CLI0007,PROD0036,VEN017,SUC003,Web,8,512200,318800
VTA000349,2025-07-19,CLI0057,PROD0009,VEN009,SUC007,Web,6,865900,461400
VTA000350,2025-12-29,CLI0030,PROD0048,VEN004,SUC003,Web,11,20400,13200
VTA000351,2025-02-01,CLI0087,PROD0003,VEN012,SUC003,Web,12,83000,62300
VTA000352,2025-11-20,CLI0034,PROD0040,VEN005,SUC005,Presencial,7,212500,152000
VTA000353,2026-01-30,CLI0042,PROD0024,VEN008,SUC009,Presencial,8,747200,578900
VTA000354,2025-08-06,CLI0032,PROD0028,VEN011,SUC005,Web,3,452200,280800
VTA000355,2026-06-04,CLI0071,PROD0045,VEN005,SUC001,Web,5,121300,93100
VTA000356,2026-06-11,CLI0098,PROD0031,VEN015,SUC003,Presencial,3,267600,201700
VTA000357,2025-07-24,CLI0090,PROD0029,VEN010,SUC003,Web,4,640400,418900
VTA000358,2026-01-18,CLI0019,PROD0005,VEN013,SUC003,Web,11,478200,309500
VTA000359,2025-05-01,CLI0018,PROD0042,VEN017,SUC006,Presencial,10,400200,282900
VTA000360,2025-01-31,CLI0063,PROD0022,VEN003,SUC005,Presencial,2,500100,312000
VTA000361,2025-04-14,CLI0008,PROD0002,VEN016,SUC007,Presencial,3,462700,238900
VTA000362,2026-04-16,CLI0035,PROD0013,VEN018,SUC010,Presencial,5,527200,395300
VTA000363,2026-06-28,CLI0037,PROD0046,VEN006,SUC010,Presencial,7,598300,360300
VTA000364,2026-03-29,CLI0034,PROD0038,VEN013,SUC010,Presencial,11,89900,57700
VTA000365,2025-10-04,CLI0020,PROD0010,VEN016,SUC007,Presencial,3,336600,227300
VTA000366,2026-07-01,CLI0062,PROD0028,VEN008,SUC005,Presencial,9,416400,278300
VTA000367,2025-10-22,CLI0032,PROD0013,VEN010,SUC008,Presencial,3,479500,405300
VTA000368,2025-03-13,CLI0020,PROD0045,VEN002,SUC005,Presencial,6,121100,94900
VTA000369,2025-01-15,CLI0017,PROD0019,VEN001,SUC009,Web,11,661800,472900
VTA000370,2025-03-17,CLI0052,PROD0040,VEN019,SUC009,Telefónico,12,230500,153700
VTA000371,2025-05-21,CLI0094,PROD0040,VEN004,SUC006,Web,2,209200,149000
VTA000372,2025-01-23,CLI0070,PROD0045,VEN012,SUC010,Telefónico,8,112700,94700
VTA000373,2025-09-26,CLI0095,PROD0038,VEN011,SUC007,Web,1,92200,59300
VTA000374,2026-02-24,CLI0079,PROD0050,VEN013,SUC004,Presencial,10,266300,203600
VTA000375,2025-09-30,CLI0067,PROD0042,VEN020,SUC001,Web,1,389800,273300
VTA000376,2025-03-06,CLI0085,PROD0018,VEN015,SUC003,Web,4,184300,147700
VTA000377,2026-04-22,CLI0071,PROD0050,VEN007,SUC001,Telefónico,11,269300,209100
VTA000378,2025-04-17,CLI0078,PROD0046,VEN003,SUC001,Presencial,9,595600,365200
VTA000379,2026-03-16,CLI0016,PROD0030,VEN007,SUC008,Telefónico,2,580100,452100
VTA000380,2025-02-20,CLI0076,PROD0009,VEN013,SUC001,Presencial,9,801000,468400
VTA000381,2025-03-25,CLI0053,PROD0026,VEN007,SUC007,Web,11,564400,380200
VTA000382,2026-01-19,CLI0092,PROD0040,VEN003,SUC007,Presencial,7,233900,152400
VTA000383,2025-11-21,CLI0051,PROD0016,VEN016,SUC001,Presencial,9,144800,112600
VTA000384,2025-07-12,CLI0099,PROD0023,VEN003,SUC002,Web,10,646200,395500
VTA000385,2025-06-28,CLI0032,PROD0027,VEN018,SUC004,Presencial,10,110100,77300
VTA000386,2025-04-28,CLI0054,PROD0026,VEN018,SUC006,Presencial,3,559800,382800
VTA000387,2026-07-28,CLI0025,PROD0010,VEN006,SUC007,Telefónico,7,318800,230700
VTA000388,2026-02-04,CLI0043,PROD0008,VEN005,SUC005,Web,10,669600,393700
VTA000389,2025-07-28,CLI0078,PROD0039,VEN018,SUC001,Telefónico,6,316900,218900
VTA000390,2025-01-01,CLI0020,PROD0043,VEN016,SUC003,Web,7,467900,355100
VTA000391,2025-10-04,CLI0052,PROD0037,VEN008,SUC007,Telefónico,11,235400,165800
VTA000392,2025-10-08,CLI0075,PROD0005,VEN014,SUC008,Telefónico,2,439500,303100
VTA000393,2025-06-02,CLI0097,PROD0007,VEN018,SUC009,Presencial,6,559800,448000
VTA000394,2025-06-04,CLI0019,PROD0007,VEN011,SUC004,Telefónico,12,611100,447000
VTA000395,2025-05-30,CLI0052,PROD0038,VEN015,SUC004,Telefónico,10,99200,59900
VTA000396,2025-09-26,CLI0009,PROD0045,VEN008,SUC007,Web,3,121600,94900
VTA000397,2026-03-12,CLI0011,PROD0023,VEN010,SUC001,Web,8,595800,406300
VTA000398,2026-05-20,CLI0047,PROD0035,VEN010,SUC005,Web,2,777600,458800
VTA000399,2026-03-28,CLI0019,PROD0034,VEN003,SUC006,Telefónico,8,531300,404200
VTA000400,2025-02-25,CLI0043,PROD0011,VEN006,SUC007,Presencial,10,821000,689100
VTA000401,2025-04-11,CLI0051,PROD0018,VEN012,SUC005,Presencial,8,198500,152400
VTA000402,2026-07-22,CLI0011,PROD0032,VEN002,SUC007,Web,11,330500,180300
VTA000403,2026-05-28,CLI0057,PROD0022,VEN016,SUC008,Presencial,8,496400,317900
VTA000404,2026-02-04,CLI0032,PROD0035,VEN018,SUC008,Presencial,10,720400,456100
VTA000405,2025-08-08,CLI0072,PROD0002,VEN016,SUC007,Presencial,4,421900,235800
VTA000406,2025-08-04,CLI0077,PROD0044,VEN012,SUC005,Presencial,3,773500,592200
VTA000407,2025-12-15,CLI0049,PROD0021,VEN011,SUC006,Web,3,892000,679200
VTA000408,2026-07-11,CLI0010,PROD0030,VEN006,SUC001,Web,10,575300,440800
VTA000409,2025-03-01,CLI0015,PROD0047,VEN012,SUC007,Web,7,408500,348700
VTA000410,2026-06-28,CLI0070,PROD0013,VEN009,SUC003,Web,8,540800,399900
VTA000411,2026-06-21,CLI0012,PROD0008,VEN006,SUC009,Presencial,4,648400,376300
VTA000412,2026-04-13,CLI0042,PROD0038,VEN019,SUC005,Web,6,96000,60200
VTA000413,2026-01-03,CLI0025,PROD0042,VEN004,SUC003,Telefónico,11,370600,286100
VTA000414,2026-01-31,CLI0026,PROD0037,VEN017,SUC003,Presencial,5,235400,165300
VTA000415,2026-04-03,CLI0068,PROD0028,VEN009,SUC001,Web,9,471900,273800
VTA000416,2026-05-15,CLI0024,PROD0005,VEN008,SUC003,Presencial,12,459600,306500
VTA000417,2025-03-20,CLI0028,PROD0050,VEN003,SUC010,Presencial,7,283800,209700
VTA000418,2025-07-28,CLI0079,PROD0006,VEN010,SUC006,Presencial,3,281800,181700
VTA000419,2026-04-11,CLI0099,PROD0002,VEN006,SUC003,Presencial,9,403600,240700
VTA000420,2026-02-08,CLI0090,PROD0003,VEN013,SUC008,Web,2,85900,61800
VTA000421,2026-05-29,CLI0008,PROD0022,VEN001,SUC001,Web,3,502600,322700
VTA000422,2026-07-13,CLI0012,PROD0043,VEN011,SUC001,Web,10,475800,363000
VTA000423,2026-05-13,CLI0074,PROD0039,VEN001,SUC009,Web,9,346300,210300
VTA000424,2025-07-16,CLI0084,PROD0049,VEN004,SUC005,Telefónico,12,345800,245200
VTA000425,2025-01-03,CLI0036,PROD0038,VEN020,SUC001,Presencial,8,98700,59200
VTA000426,2025-04-11,CLI0044,PROD0005,VEN011,SUC010,Presencial,3,461500,305300
VTA000427,2025-09-08,CLI0079,PROD0038,VEN008,SUC001,Telefónico,8,89700,58600
VTA000428,2025-10-13,CLI0086,PROD0045,VEN020,SUC006,Presencial,6,125300,94100
VTA000429,2025-12-07,CLI0032,PROD0006,VEN009,SUC003,Web,7,283800,184100
VTA000430,2025-05-18,CLI0088,PROD0018,VEN009,SUC005,Web,7,211300,146300
VTA000431,2025-02-28,CLI0003,PROD0018,VEN019,SUC004,Presencial,3,197800,147200
VTA000432,2026-02-28,CLI0063,PROD0032,VEN007,SUC005,Presencial,1,313800,179800
VTA000433,2026-04-26,CLI0046,PROD0024,VEN010,SUC010,Web,3,704000,572500
VTA000434,2026-06-04,CLI0047,PROD0041,VEN016,SUC005,Telefónico,9,195900,141600
VTA000435,2025-06-17,CLI0022,PROD0026,VEN011,SUC007,Presencial,6,540500,382400
VTA000436,2025-12-19,CLI0014,PROD0026,VEN018,SUC009,Web,2,546100,379200
VTA000437,2025-07-19,CLI0052,PROD0046,VEN014,SUC001,Presencial,1,578500,360200
VTA000438,2026-05-11,CLI0072,PROD0050,VEN008,SUC008,Web,9,275100,206700
VTA000439,2025-11-22,CLI0049,PROD0027,VEN007,SUC006,Telefónico,6,102800,75700
VTA000440,2025-05-02,CLI0083,PROD0035,VEN004,SUC003,Web,2,698900,457100
VTA000441,2025-03-11,CLI0079,PROD0007,VEN006,SUC002,Presencial,12,550800,460200
VTA000442,2026-02-03,CLI0047,PROD0038,VEN012,SUC009,Web,10,100700,59800
VTA000443,2026-05-01,CLI0080,PROD0025,VEN010,SUC001,Presencial,6,77600,58900
VTA000444,2026-05-18,CLI0071,PROD0024,VEN019,SUC006,Presencial,9,745100,573300
VTA000445,2026-06-18,CLI0096,PROD0027,VEN008,SUC010,Presencial,5,114900,77500
VTA000446,2026-06-12,CLI0075,PROD0050,VEN015,SUC003,Web,5,280100,209600
VTA000447,2026-03-15,CLI0004,PROD0007,VEN008,SUC004,Web,12,576300,450000
VTA000448,2026-01-16,CLI0060,PROD0043,VEN004,SUC008,Presencial,2,461300,357600
VTA000449,2025-03-14,CLI0072,PROD0015,VEN012,SUC005,Web,10,165200,107400
VTA000450,2025-02-13,CLI0016,PROD0033,VEN010,SUC006,Telefónico,2,233700,170400
VTA000451,2025-11-20,CLI0073,PROD0043,VEN003,SUC005,Web,7,437900,354700
VTA000452,2025-03-20,CLI0065,PROD0024,VEN006,SUC005,Web,10,738600,589300
VTA000453,2026-03-05,CLI0086,PROD0003,VEN003,SUC001,Web,11,91400,61500
VTA000454,2026-05-12,CLI0008,PROD0008,VEN016,SUC003,Presencial,8,675700,391300
VTA000455,2025-04-01,CLI0024,PROD0029,VEN011,SUC002,Presencial,8,642600,415700
VTA000456,2025-08-29,CLI0047,PROD0001,VEN018,SUC005,Presencial,1,422500,248600
VTA000457,2026-07-31,CLI0011,PROD0040,VEN010,SUC007,Presencial,12,224200,149400
VTA000458,2025-10-18,CLI0029,PROD0045,VEN005,SUC004,Web,4,128000,91200
VTA000459,2025-07-02,CLI0096,PROD0020,VEN003,SUC004,Presencial,9,499600,412700
VTA000460,2025-08-29,CLI0100,PROD0037,VEN016,SUC009,Web,5,258600,168800
VTA000461,2026-05-29,CLI0058,PROD0025,VEN011,SUC007,Web,12,74600,60700
VTA000462,2026-06-04,CLI0068,PROD0005,VEN016,SUC004,Presencial,1,418100,307000
VTA000463,2026-03-13,CLI0071,PROD0026,VEN017,SUC002,Web,12,530900,384100
VTA000464,2025-09-28,CLI0071,PROD0009,VEN006,SUC004,Web,4,870400,456400
VTA000465,2026-01-04,CLI0013,PROD0016,VEN020,SUC003,Web,10,151800,109700
VTA000466,2025-03-19,CLI0078,PROD0024,VEN019,SUC005,Web,2,759200,571500
VTA000467,2025-05-05,CLI0053,PROD0008,VEN019,SUC010,Web,6,592000,385600
VTA000468,2026-07-15,CLI0061,PROD0017,VEN003,SUC001,Presencial,10,206400,149400
VTA000469,2025-06-13,CLI0087,PROD0021,VEN014,SUC003,Web,9,858400,663300
VTA000470,2026-07-19,CLI0040,PROD0017,VEN006,SUC002,Presencial,6,203600,149700
VTA000471,2025-08-11,CLI0072,PROD0032,VEN007,SUC006,Presencial,10,324200,185600
VTA000472,2025-03-16,CLI0014,PROD0033,VEN007,SUC009,Presencial,7,251200,173100
VTA000473,2025-03-09,CLI0093,PROD0035,VEN016,SUC001,Telefónico,5,665900,447800
VTA000474,2026-05-17,CLI0047,PROD0015,VEN012,SUC003,Web,5,169800,111600
VTA000475,2025-05-04,CLI0074,PROD0048,VEN013,SUC009,Presencial,3,20200,12700
VTA000476,2026-04-21,CLI0070,PROD0028,VEN014,SUC006,Telefónico,9,446800,270700
VTA000477,2025-06-09,CLI0074,PROD0013,VEN004,SUC006,Presencial,12,467400,406900
VTA000478,2025-03-11,CLI0005,PROD0042,VEN008,SUC010,Web,4,396100,284700
VTA000479,2025-12-30,CLI0027,PROD0034,VEN006,SUC003,Presencial,4,513300,408300
VTA000480,2025-05-13,CLI0073,PROD0006,VEN011,SUC001,Telefónico,12,282400,179900
VTA000481,2026-01-05,CLI0037,PROD0021,VEN008,SUC002,Presencial,2,813600,654000
VTA000482,2025-12-07,CLI0018,PROD0038,VEN016,SUC006,Telefónico,10,95300,59300
VTA000483,2025-03-06,CLI0039,PROD0005,VEN016,SUC009,Presencial,1,433000,303300
VTA000484,2025-05-04,CLI0070,PROD0033,VEN020,SUC003,Presencial,5,231900,169500
VTA000485,2025-07-28,CLI0004,PROD0007,VEN014,SUC004,Telefónico,5,546300,458200
VTA000486,2025-04-17,CLI0007,PROD0018,VEN016,SUC002,Web,3,210300,148000
VTA000487,2025-11-28,CLI0069,PROD0039,VEN003,SUC004,Web,9,338800,216100
VTA000488,2026-02-20,CLI0090,PROD0046,VEN017,SUC008,Presencial,12,546700,362700
VTA000489,2025-03-30,CLI0051,PROD0001,VEN007,SUC009,Telefónico,9,391400,250700
VTA000490,2025-01-16,CLI0077,PROD0029,VEN012,SUC009,Web,1,687200,429400
VTA000491,2025-04-19,CLI0089,PROD0043,VEN009,SUC005,Presencial,2,426900,362200
VTA000492,2025-09-07,CLI0039,PROD0024,VEN011,SUC002,Telefónico,3,765200,579200
VTA000493,2026-03-27,CLI0033,PROD0042,VEN013,SUC010,Presencial,3,363200,282200
VTA000494,2026-01-23,CLI0064,PROD0007,VEN009,SUC003,Web,11,584600,457300
VTA000495,2025-10-11,CLI0036,PROD0009,VEN006,SUC005,Presencial,6,841800,459200
VTA000496,2025-07-07,CLI0040,PROD0046,VEN008,SUC010,Web,5,546400,352400
VTA000497,2025-03-21,CLI0013,PROD0032,VEN011,SUC003,Telefónico,1,315100,183500
VTA000498,2025-11-18,CLI0014,PROD0007,VEN019,SUC008,Presencial,10,543300,459400
VTA000499,2026-03-29,CLI0066,PROD0039,VEN006,SUC001,Presencial,5,320400,216500
VTA000500,2025-11-08,CLI0099,PROD0037,VEN003,SUC004,Presencial,3,253200,162800
VTA000501,2025-07-26,CLI0029,PROD0040,VEN008,SUC010,Presencial,7,238900,150600
VTA000502,2026-01-30,CLI0066,PROD0043,VEN016,SUC005,Presencial,6,470600,357800
VTA000503,2025-09-03,CLI0031,PROD0019,VEN003,SUC001,Presencial,10,684100,480100
VTA000504,2026-05-09,CLI0019,PROD0017,VEN015,SUC008,Presencial,11,213600,145000
VTA000505,2026-05-20,CLI0024,PROD0044,VEN020,SUC006,Presencial,5,828600,605800
VTA000506,2025-09-02,CLI0027,PROD0005,VEN018,SUC008,Web,6,438800,310100
VTA000507,2025-10-26,CLI0037,PROD0009,VEN010,SUC009,Web,5,848300,469800
VTA000508,2025-05-20,CLI0083,PROD0043,VEN019,SUC003,Presencial,11,437200,361100
VTA000509,2025-09-05,CLI0024,PROD0028,VEN020,SUC002,Presencial,9,474000,279100
VTA000510,2025-06-05,CLI0025,PROD0029,VEN019,SUC006,Telefónico,9,693400,417700
VTA000511,2025-01-18,CLI0036,PROD0010,VEN015,SUC006,Web,11,341000,225600
VTA000512,2025-12-15,CLI0055,PROD0033,VEN016,SUC002,Presencial,7,249400,171700
VTA000513,2026-01-18,CLI0063,PROD0032,VEN013,SUC002,Presencial,6,299500,186800
VTA000514,2026-03-04,CLI0072,PROD0019,VEN016,SUC001,Web,6,665500,470300
VTA000515,2026-03-24,CLI0011,PROD0019,VEN013,SUC002,Presencial,7,639100,465800
VTA000516,2026-07-10,CLI0027,PROD0039,VEN018,SUC008,Presencial,11,343400,210300
VTA000517,2025-03-07,CLI0009,PROD0014,VEN006,SUC006,Presencial,6,54900,44300
VTA000518,2025-12-08,CLI0089,PROD0020,VEN019,SUC007,Web,3,528400,407900
VTA000519,2025-05-31,CLI0034,PROD0008,VEN001,SUC006,Presencial,12,620600,376900
VTA000520,2025-04-25,CLI0020,PROD0015,VEN006,SUC008,Web,8,163400,106700
VTA000521,2026-05-24,CLI0048,PROD0040,VEN004,SUC007,Web,6,237200,149500
VTA000522,2025-10-25,CLI0064,PROD0016,VEN003,SUC009,Web,8,152900,113600
VTA000523,2026-05-22,CLI0096,PROD0004,VEN009,SUC001,Presencial,3,364900,292100
VTA000524,2025-12-09,CLI0034,PROD0015,VEN002,SUC009,Presencial,12,183200,111100
VTA000525,2026-04-03,CLI0066,PROD0007,VEN016,SUC001,Web,6,613300,464100
VTA000526,2025-05-05,CLI0037,PROD0022,VEN007,SUC004,Presencial,9,505400,311000
VTA000527,2026-06-16,CLI0007,PROD0015,VEN017,SUC005,Presencial,9,167300,111000
VTA000528,2025-07-17,CLI0080,PROD0026,VEN005,SUC001,Presencial,4,528900,394600
VTA000529,2025-12-02,CLI0069,PROD0045,VEN012,SUC001,Web,1,121500,91500
VTA000530,2026-03-30,CLI0096,PROD0044,VEN015,SUC004,Presencial,9,814700,585000
VTA000531,2025-03-19,CLI0098,PROD0018,VEN020,SUC010,Telefónico,12,207700,151500
VTA000532,2026-04-08,CLI0009,PROD0047,VEN017,SUC010,Web,1,429000,356900
VTA000533,2025-09-02,CLI0079,PROD0041,VEN005,SUC008,Web,6,194600,139400
VTA000534,2025-12-07,CLI0027,PROD0020,VEN020,SUC002,Presencial,3,547700,414200
VTA000535,2025-12-22,CLI0073,PROD0033,VEN020,SUC009,Presencial,5,264700,169900
VTA000536,2025-12-17,CLI0052,PROD0007,VEN020,SUC001,Web,11,562400,458100
VTA000537,2025-02-06,CLI0017,PROD0048,VEN006,SUC008,Presencial,5,18600,13100
VTA000538,2025-08-24,CLI0006,PROD0009,VEN015,SUC005,Presencial,9,775700,469500
VTA000539,2025-02-24,CLI0076,PROD0042,VEN006,SUC004,Presencial,2,381900,279000
VTA000540,2026-01-05,CLI0011,PROD0002,VEN013,SUC006,Presencial,7,414900,244000
VTA000541,2026-03-17,CLI0014,PROD0038,VEN018,SUC005,Telefónico,6,103000,59600
VTA000542,2025-08-09,CLI0068,PROD0024,VEN020,SUC010,Telefónico,8,720000,598700
VTA000543,2025-02-07,CLI0099,PROD0031,VEN010,SUC001,Presencial,9,261700,201300
VTA000544,2026-01-13,CLI0029,PROD0032,VEN020,SUC009,Telefónico,1,299500,184900
VTA000545,2025-10-03,CLI0048,PROD0014,VEN015,SUC004,Presencial,11,62200,42800
VTA000546,2025-10-12,CLI0076,PROD0036,VEN009,SUC010,Presencial,2,482500,319700
VTA000547,2025-10-18,CLI0060,PROD0018,VEN002,SUC007,Telefónico,11,210400,149100
VTA000548,2026-06-21,CLI0079,PROD0035,VEN010,SUC008,Telefónico,6,751100,449000
VTA000549,2026-02-22,CLI0063,PROD0040,VEN012,SUC003,Web,5,239300,147600
VTA000550,2026-07-10,CLI0028,PROD0038,VEN008,SUC002,Web,1,101400,60400
VTA000551,2026-05-09,CLI0012,PROD0036,VEN010,SUC009,Telefónico,2,549100,321800
VTA000552,2026-05-08,CLI0012,PROD0042,VEN007,SUC002,Presencial,9,368200,281700
VTA000553,2025-05-14,CLI0048,PROD0037,VEN012,SUC002,Presencial,8,246100,167300
VTA000554,2025-02-27,CLI0065,PROD0034,VEN020,SUC007,Presencial,6,591200,404100
VTA000555,2026-03-26,CLI0087,PROD0030,VEN013,SUC005,Telefónico,1,640000,438500
VTA000556,2025-11-08,CLI0055,PROD0021,VEN008,SUC007,Web,11,807200,677500
VTA000557,2025-04-10,CLI0011,PROD0007,VEN007,SUC009,Presencial,9,554000,445400
VTA000558,2026-05-13,CLI0029,PROD0022,VEN013,SUC001,Presencial,3,526800,309200
VTA000559,2025-09-28,CLI0091,PROD0017,VEN002,SUC008,Presencial,4,200400,149400
VTA000560,2025-04-20,CLI0056,PROD0007,VEN006,SUC002,Telefónico,11,614200,453300
VTA000561,2026-04-17,CLI0013,PROD0046,VEN005,SUC008,Telefónico,7,570300,361700
VTA000562,2025-04-03,CLI0099,PROD0045,VEN011,SUC004,Presencial,11,117200,90700
VTA000563,2025-01-03,CLI0028,PROD0002,VEN001,SUC003,Presencial,2,429300,240200
VTA000564,2025-12-15,CLI0046,PROD0015,VEN010,SUC008,Presencial,5,185200,111100
VTA000565,2025-12-28,CLI0069,PROD0039,VEN009,SUC006,Web,8,319400,210900
VTA000566,2025-12-16,CLI0100,PROD0022,VEN004,SUC005,Web,3,476800,317500
VTA000567,2026-02-17,CLI0052,PROD0021,VEN009,SUC002,Presencial,8,833800,670500
VTA000568,2025-10-31,CLI0074,PROD0045,VEN011,SUC007,Telefónico,11,112800,95000
VTA000569,2025-06-02,CLI0057,PROD0038,VEN008,SUC004,Telefónico,4,92900,58200
VTA000570,2026-01-26,CLI0024,PROD0009,VEN019,SUC007,Presencial,1,843000,474400
VTA000571,2026-03-11,CLI0023,PROD0018,VEN001,SUC009,Web,6,184700,151500
VTA000572,2026-01-18,CLI0096,PROD0042,VEN011,SUC006,Presencial,5,371400,282100
VTA000573,2026-05-18,CLI0028,PROD0017,VEN006,SUC004,Web,3,197900,148600
VTA000574,2025-11-13,CLI0045,PROD0037,VEN018,SUC001,Presencial,6,249500,161200
VTA000575,2025-10-20,CLI0039,PROD0011,VEN011,SUC003,Web,9,820800,686000
VTA000576,2026-04-21,CLI0061,PROD0043,VEN007,SUC005,Web,2,470600,350600
VTA000577,2025-05-24,CLI0076,PROD0027,VEN017,SUC001,Web,7,100100,75200
VTA000578,2026-02-09,CLI0083,PROD0027,VEN009,SUC010,Web,9,109800,78000
VTA000579,2026-03-06,CLI0055,PROD0018,VEN008,SUC005,Web,7,214500,150800
VTA000580,2025-07-23,CLI0091,PROD0031,VEN010,SUC009,Web,7,285300,200100
VTA000581,2025-02-17,CLI0002,PROD0009,VEN009,SUC009,Web,9,842000,478500
VTA000582,2025-01-07,CLI0086,PROD0033,VEN015,SUC001,Web,6,252800,174800
VTA000583,2025-05-01,CLI0020,PROD0023,VEN019,SUC010,Presencial,2,583800,397400
VTA000584,2025-12-10,CLI0068,PROD0021,VEN018,SUC001,Presencial,10,843400,675200
VTA000585,2026-03-20,CLI0018,PROD0026,VEN007,SUC007,Presencial,8,545000,383000
VTA000586,2026-07-25,CLI0005,PROD0050,VEN007,SUC002,Presencial,2,276700,201700
VTA000587,2025-03-27,CLI0073,PROD0026,VEN017,SUC001,Presencial,12,540100,378800
VTA000588,2026-03-31,CLI0024,PROD0005,VEN003,SUC007,Web,4,420800,298000
VTA000589,2025-04-05,CLI0085,PROD0048,VEN015,SUC010,Web,3,19300,13000
VTA000590,2026-06-16,CLI0081,PROD0014,VEN001,SUC008,Web,1,56400,42300
VTA000591,2025-10-22,CLI0035,PROD0026,VEN017,SUC004,Presencial,6,569400,392500
VTA000592,2025-04-10,CLI0085,PROD0002,VEN019,SUC003,Presencial,4,467100,240300
VTA000593,2025-08-23,CLI0027,PROD0017,VEN005,SUC005,Presencial,9,205700,150100
VTA000594,2026-03-18,CLI0088,PROD0016,VEN007,SUC006,Web,12,135800,111900
VTA000595,2026-02-13,CLI0082,PROD0020,VEN020,SUC006,Web,12,490500,403500
VTA000596,2026-03-26,CLI0072,PROD0048,VEN003,SUC006,Presencial,9,18600,12900
VTA000597,2026-07-19,CLI0050,PROD0004,VEN005,SUC004,Presencial,7,404200,294600
VTA000598,2026-04-07,CLI0013,PROD0020,VEN011,SUC009,Presencial,2,522900,410500
VTA000599,2025-10-21,CLI0053,PROD0008,VEN012,SUC001,Presencial,11,653600,387900
VTA000600,2025-09-17,CLI0017,PROD0046,VEN011,SUC009,Telefónico,1,567100,366100
VTA000601,2026-06-11,CLI0022,PROD0002,VEN009,SUC002,Presencial,11,414900,243800
VTA000602,2025-08-07,CLI0066,PROD0025,VEN008,SUC009,Presencial,6,71100,59200
VTA000603,2026-03-08,CLI0063,PROD0006,VEN006,SUC008,Presencial,11,281100,180000
VTA000604,2026-06-30,CLI0070,PROD0031,VEN001,SUC003,Web,7,262800,205700
VTA000605,2026-03-21,CLI0017,PROD0033,VEN006,SUC009,Presencial,7,246300,176600
VTA000606,2025-02-26,CLI0018,PROD0022,VEN007,SUC005,Presencial,5,520100,317100
VTA000607,2026-01-16,CLI0039,PROD0033,VEN002,SUC010,Web,8,264500,172500
VTA000608,2025-11-26,CLI0041,PROD0002,VEN002,SUC005,Web,4,426200,239500
VTA000609,2025-10-23,CLI0014,PROD0037,VEN006,SUC004,Web,11,255500,167800
VTA000610,2025-03-28,CLI0065,PROD0025,VEN003,SUC008,Presencial,8,70800,60200
VTA000611,2026-02-02,CLI0061,PROD0022,VEN001,SUC005,Web,11,523900,323700
VTA000612,2026-04-28,CLI0065,PROD0020,VEN009,SUC009,Web,12,521000,409800
VTA000613,2025-07-30,CLI0027,PROD0032,VEN012,SUC010,Web,6,285100,183200
VTA000614,2025-02-27,CLI0049,PROD0009,VEN003,SUC001,Web,9,869500,468300
VTA000615,2025-06-23,CLI0077,PROD0013,VEN011,SUC009,Presencial,12,539700,403900
VTA000616,2025-07-18,CLI0012,PROD0035,VEN004,SUC007,Presencial,6,711800,457400
VTA000617,2026-06-17,CLI0065,PROD0008,VEN018,SUC008,Telefónico,10,666100,379900
VTA000618,2025-02-05,CLI0031,PROD0050,VEN006,SUC009,Telefónico,12,251600,200500
VTA000619,2025-06-17,CLI0071,PROD0043,VEN016,SUC003,Web,3,487400,362100
VTA000620,2026-07-27,CLI0063,PROD0046,VEN008,SUC009,Telefónico,12,547000,354500
VTA000621,2026-02-20,CLI0061,PROD0040,VEN020,SUC005,Telefónico,8,222100,150300
VTA000622,2025-12-16,CLI0058,PROD0040,VEN019,SUC004,Web,5,232300,147600
VTA000623,2025-04-14,CLI0062,PROD0021,VEN018,SUC004,Presencial,1,827600,671600
VTA000624,2025-03-02,CLI0056,PROD0014,VEN003,SUC005,Web,4,61900,42900
VTA000625,2025-11-24,CLI0082,PROD0003,VEN004,SUC004,Web,11,82200,59500
VTA000626,2025-05-30,CLI0095,PROD0003,VEN017,SUC006,Web,11,87200,60900
VTA000627,2026-05-06,CLI0018,PROD0038,VEN008,SUC001,Web,3,102700,60300
VTA000628,2026-01-18,CLI0024,PROD0048,VEN020,SUC005,Telefónico,7,19400,13200
VTA000629,2026-06-16,CLI0033,PROD0048,VEN008,SUC007,Web,12,18500,13000
VTA000630,2025-06-24,CLI0100,PROD0022,VEN013,SUC008,Presencial,5,523200,318100
VTA000631,2025-03-02,CLI0026,PROD0041,VEN019,SUC007,Presencial,9,196400,142900
VTA000632,2026-05-09,CLI0040,PROD0005,VEN016,SUC003,Web,2,471300,306900
VTA000633,2025-11-06,CLI0098,PROD0006,VEN002,SUC007,Presencial,12,267900,183900
VTA000634,2026-04-08,CLI0082,PROD0023,VEN003,SUC010,Presencial,1,626100,395400
VTA000635,2025-10-19,CLI0072,PROD0038,VEN020,SUC004,Telefónico,2,97100,59200
VTA000636,2026-06-28,CLI0084,PROD0029,VEN005,SUC006,Telefónico,8,679800,416300
VTA000637,2025-05-16,CLI0037,PROD0011,VEN020,SUC009,Presencial,12,884100,679300
VTA000638,2026-07-11,CLI0046,PROD0009,VEN018,SUC008,Telefónico,11,877900,473600
VTA000639,2025-04-15,CLI0060,PROD0009,VEN010,SUC008,Presencial,8,859600,462400
VTA000640,2025-04-22,CLI0040,PROD0037,VEN008,SUC004,Web,11,251700,165000
VTA000641,2025-08-20,CLI0079,PROD0011,VEN007,SUC002,Presencial,1,883300,674300
VTA000642,2026-04-25,CLI0061,PROD0029,VEN006,SUC003,Presencial,8,697300,423700
VTA000643,2026-02-17,CLI0100,PROD0025,VEN017,SUC003,Telefónico,6,73000,61300
VTA000644,2025-02-26,CLI0083,PROD0021,VEN014,SUC003,Presencial,5,886500,657700
VTA000645,2026-01-08,CLI0016,PROD0033,VEN014,SUC002,Presencial,8,264500,168600
VTA000646,2026-07-08,CLI0035,PROD0012,VEN001,SUC005,Telefónico,3,434300,283900
VTA000647,2025-08-19,CLI0001,PROD0041,VEN009,SUC001,Web,10,191700,136900
VTA000648,2026-07-28,CLI0031,PROD0003,VEN010,SUC007,Presencial,11,85900,61000
VTA000649,2026-04-08,CLI0069,PROD0049,VEN017,SUC010,Presencial,12,326100,242600
VTA000650,2026-06-05,CLI0091,PROD0011,VEN018,SUC008,Web,6,909800,672200
VTA000651,2025-06-02,CLI0006,PROD0039,VEN009,SUC003,Presencial,1,334100,217300
VTA000652,2026-03-23,CLI0028,PROD0035,VEN004,SUC010,Web,3,668000,451500
VTA000653,2025-12-29,CLI0099,PROD0013,VEN009,SUC002,Web,11,498300,401800
VTA000654,2025-03-18,CLI0025,PROD0025,VEN002,SUC002,Web,4,72500,58900
VTA000655,2025-02-02,CLI0085,PROD0030,VEN007,SUC004,Presencial,3,611400,458500
VTA000656,2025-05-23,CLI0016,PROD0006,VEN019,SUC004,Web,6,278700,180700
VTA000657,2026-03-09,CLI0013,PROD0018,VEN003,SUC005,Web,7,204300,151100
VTA000658,2026-07-15,CLI0072,PROD0048,VEN009,SUC008,Telefónico,4,19000,13200
VTA000659,2025-04-02,CLI0085,PROD0015,VEN019,SUC004,Web,11,174700,107600
VTA000660,2025-09-06,CLI0013,PROD0001,VEN003,SUC002,Presencial,9,380400,243600
VTA000661,2026-01-04,CLI0047,PROD0037,VEN013,SUC008,Presencial,11,265300,166700
VTA000662,2025-05-16,CLI0060,PROD0006,VEN007,SUC001,Telefónico,1,263300,179800
VTA000663,2025-12-04,CLI0050,PROD0031,VEN013,SUC003,Telefónico,3,257700,197800
VTA000664,2026-03-07,CLI0022,PROD0001,VEN010,SUC006,Telefónico,8,397700,244000
VTA000665,2025-09-19,CLI0088,PROD0006,VEN019,SUC002,Web,6,266300,182200
VTA000666,2026-01-30,CLI0013,PROD0044,VEN013,SUC009,Web,3,733400,597500
VTA000667,2026-02-21,CLI0067,PROD0042,VEN014,SUC004,Presencial,11,380900,277700
VTA000668,2026-02-13,CLI0080,PROD0018,VEN011,SUC004,Telefónico,1,196500,148300
VTA000669,2025-09-26,CLI0062,PROD0003,VEN020,SUC005,Presencial,5,89100,61600
VTA000670,2025-10-07,CLI0040,PROD0017,VEN017,SUC006,Presencial,12,203200,148000
VTA000671,2026-04-05,CLI0063,PROD0034,VEN020,SUC004,Presencial,11,584500,423000
VTA000672,2025-06-29,CLI0086,PROD0013,VEN006,SUC004,Web,12,476600,403900
VTA000673,2025-10-09,CLI0036,PROD0050,VEN018,SUC002,Web,12,261400,203600
VTA000674,2026-01-12,CLI0011,PROD0049,VEN005,SUC002,Web,11,348000,242800
VTA000675,2026-07-10,CLI0067,PROD0023,VEN004,SUC002,Web,9,590200,408900
VTA000676,2026-04-17,CLI0020,PROD0006,VEN015,SUC006,Web,2,264700,181200
VTA000677,2026-02-27,CLI0031,PROD0042,VEN001,SUC002,Web,2,408100,281400
VTA000678,2025-11-30,CLI0020,PROD0038,VEN018,SUC004,Presencial,6,89300,60100
VTA000679,2025-03-11,CLI0094,PROD0028,VEN011,SUC008,Presencial,1,484100,277400
VTA000680,2026-04-23,CLI0096,PROD0026,VEN020,SUC001,Web,7,521700,384100
VTA000681,2025-02-05,CLI0040,PROD0009,VEN015,SUC009,Telefónico,4,799000,459800
VTA000682,2025-01-18,CLI0041,PROD0039,VEN002,SUC008,Presencial,9,311300,218300
VTA000683,2025-01-02,CLI0091,PROD0050,VEN012,SUC010,Presencial,9,281100,210300
VTA000684,2025-06-01,CLI0092,PROD0003,VEN005,SUC004,Web,3,84500,59500
VTA000685,2025-04-23,CLI0092,PROD0021,VEN002,SUC009,Presencial,6,885000,647400
VTA000686,2026-07-09,CLI0087,PROD0011,VEN016,SUC003,Presencial,8,872000,667600
VTA000687,2025-09-28,CLI0058,PROD0004,VEN019,SUC010,Web,10,374800,290600
VTA000688,2025-04-27,CLI0004,PROD0010,VEN001,SUC002,Telefónico,1,302400,232700
VTA000689,2026-01-15,CLI0043,PROD0013,VEN017,SUC006,Web,5,483900,402300
VTA000690,2025-10-26,CLI0052,PROD0003,VEN005,SUC005,Presencial,3,83400,61400
VTA000691,2025-09-12,CLI0014,PROD0041,VEN008,SUC003,Web,2,217800,137100
VTA000692,2025-02-07,CLI0002,PROD0031,VEN005,SUC005,Presencial,10,257600,196700
VTA000693,2026-01-16,CLI0057,PROD0009,VEN009,SUC006,Presencial,12,879200,471300
VTA000694,2025-05-25,CLI0013,PROD0009,VEN015,SUC001,Telefónico,6,870400,475600
VTA000695,2025-06-12,CLI0044,PROD0021,VEN015,SUC001,Telefónico,3,829100,671600
VTA000696,2026-06-17,CLI0070,PROD0011,VEN009,SUC001,Telefónico,10,817400,666200
VTA000697,2026-05-30,CLI0092,PROD0019,VEN011,SUC010,Telefónico,6,644900,463500
VTA000698,2025-12-15,CLI0090,PROD0035,VEN002,SUC005,Web,3,761800,456700
VTA000699,2025-01-09,CLI0015,PROD0014,VEN012,SUC007,Web,7,59000,43900
VTA000700,2025-12-31,CLI0094,PROD0015,VEN007,SUC001,Web,12,188600,107200
VTA000701,2026-06-03,CLI0007,PROD0009,VEN001,SUC007,Presencial,10,842100,467600
VTA000702,2026-02-24,CLI0028,PROD0043,VEN007,SUC004,Presencial,4,454400,354400
VTA000703,2026-07-01,CLI0086,PROD0023,VEN012,SUC009,Presencial,4,586200,398600
VTA000704,2026-04-17,CLI0011,PROD0007,VEN020,SUC001,Presencial,10,585300,457200
VTA000705,2026-05-08,CLI0073,PROD0033,VEN001,SUC006,Presencial,12,238500,176200
VTA000706,2025-07-03,CLI0032,PROD0050,VEN011,SUC002,Telefónico,7,272600,205800
VTA000707,2025-10-02,CLI0036,PROD0019,VEN006,SUC009,Web,3,646000,466200
VTA000708,2026-05-15,CLI0008,PROD0021,VEN018,SUC004,Web,4,800700,664700
VTA000709,2025-12-22,CLI0049,PROD0036,VEN002,SUC006,Web,10,516700,312700
VTA000710,2026-04-22,CLI0019,PROD0035,VEN004,SUC005,Telefónico,7,733900,450000
VTA000711,2025-11-23,CLI0013,PROD0046,VEN014,SUC002,Web,1,562600,350300
VTA000712,2025-11-19,CLI0028,PROD0014,VEN001,SUC009,Web,3,57400,43300
VTA000713,2026-06-25,CLI0044,PROD0036,VEN014,SUC010,Web,7,558500,322900
VTA000714,2026-03-27,CLI0026,PROD0043,VEN018,SUC001,Web,1,426500,367400
VTA000715,2025-04-19,CLI0010,PROD0044,VEN013,SUC006,Presencial,5,788300,601100
VTA000716,2026-05-10,CLI0100,PROD0038,VEN017,SUC001,Presencial,3,93100,60200
VTA000717,2025-11-25,CLI0087,PROD0044,VEN011,SUC004,Presencial,8,811600,594300
VTA000718,2025-11-21,CLI0081,PROD0002,VEN002,SUC006,Presencial,3,409000,243200
VTA000719,2025-08-17,CLI0004,PROD0041,VEN016,SUC010,Presencial,9,218000,137600
VTA000720,2025-04-19,CLI0070,PROD0023,VEN013,SUC008,Presencial,4,591600,411900
VTA000721,2025-04-21,CLI0086,PROD0045,VEN001,SUC009,Web,2,114100,93700
VTA000722,2026-03-20,CLI0066,PROD0038,VEN008,SUC002,Presencial,10,100100,60000
VTA000723,2025-10-19,CLI0002,PROD0003,VEN005,SUC010,Presencial,10,92200,60600
VTA000724,2025-06-22,CLI0002,PROD0038,VEN018,SUC005,Presencial,12,96200,59200
VTA000725,2026-03-15,CLI0070,PROD0025,VEN010,SUC008,Telefónico,7,68400,61300
VTA000726,2025-06-23,CLI0086,PROD0048,VEN012,SUC005,Web,4,20300,12800
VTA000727,2026-03-23,CLI0074,PROD0001,VEN013,SUC005,Web,10,405500,253100
VTA000728,2025-06-12,CLI0086,PROD0039,VEN003,SUC003,Presencial,10,306300,211000
VTA000729,2025-04-05,CLI0059,PROD0021,VEN002,SUC007,Presencial,3,880600,656400
VTA000730,2026-01-28,CLI0064,PROD0001,VEN018,SUC001,Presencial,11,409900,249900
VTA000731,2025-11-29,CLI0098,PROD0015,VEN008,SUC001,Web,9,188500,107800
VTA000732,2026-03-23,CLI0039,PROD0044,VEN015,SUC008,Web,12,804800,607400
VTA000733,2026-01-31,CLI0020,PROD0039,VEN015,SUC008,Presencial,11,314700,218000
VTA000734,2026-07-23,CLI0100,PROD0001,VEN011,SUC009,Presencial,7,438500,254300
VTA000735,2025-08-06,CLI0029,PROD0039,VEN015,SUC008,Telefónico,11,307200,218700
VTA000736,2025-03-08,CLI0046,PROD0006,VEN018,SUC006,Presencial,7,279700,179400
VTA000737,2025-01-16,CLI0003,PROD0039,VEN001,SUC007,Web,7,345200,208900
VTA000738,2025-09-07,CLI0069,PROD0005,VEN012,SUC007,Web,5,439400,298800
VTA000739,2025-03-30,CLI0063,PROD0038,VEN016,SUC010,Presencial,3,100100,58500
VTA000740,2025-12-17,CLI0069,PROD0012,VEN017,SUC001,Presencial,6,415700,277800
VTA000741,2026-01-26,CLI0059,PROD0035,VEN018,SUC004,Presencial,8,682700,449200
VTA000742,2025-01-18,CLI0033,PROD0005,VEN001,SUC003,Web,7,412400,300800
VTA000743,2025-03-31,CLI0027,PROD0019,VEN015,SUC009,Presencial,2,742600,471200
VTA000744,2026-06-15,CLI0046,PROD0041,VEN014,SUC006,Web,4,207300,137300
VTA000745,2025-10-10,CLI0078,PROD0050,VEN011,SUC001,Web,1,281500,200700
VTA000746,2025-05-26,CLI0066,PROD0019,VEN001,SUC002,Web,6,676700,472900
VTA000747,2025-04-19,CLI0060,PROD0030,VEN003,SUC008,Telefónico,3,590900,450300
VTA000748,2025-04-30,CLI0037,PROD0008,VEN006,SUC010,Web,1,659900,375400
VTA000749,2025-09-02,CLI0042,PROD0038,VEN001,SUC005,Web,9,97900,58000
VTA000750,2025-08-28,CLI0030,PROD0014,VEN017,SUC009,Telefónico,10,60000,43800
VTA000751,2025-10-07,CLI0091,PROD0016,VEN007,SUC001,Web,6,143000,112500
VTA000752,2025-04-05,CLI0088,PROD0004,VEN014,SUC005,Web,5,400200,301000
VTA000753,2025-07-28,CLI0098,PROD0043,VEN019,SUC007,Telefónico,5,489100,358100
VTA000754,2025-04-05,CLI0033,PROD0020,VEN011,SUC009,Presencial,5,518400,414500
VTA000755,2026-05-10,CLI0052,PROD0036,VEN006,SUC007,Presencial,7,481800,314800
VTA000756,2025-08-22,CLI0076,PROD0031,VEN017,SUC001,Presencial,9,291100,201200
VTA000757,2025-01-28,CLI0067,PROD0011,VEN011,SUC007,Telefónico,7,815800,666100
VTA000758,2025-12-07,CLI0023,PROD0027,VEN018,SUC006,Presencial,7,100300,78100
VTA000759,2025-06-26,CLI0074,PROD0031,VEN006,SUC003,Web,6,255000,206000
VTA000760,2025-03-11,CLI0038,PROD0020,VEN010,SUC009,Web,1,475700,402800
VTA000761,2026-02-12,CLI0057,PROD0003,VEN001,SUC005,Presencial,2,90800,59700
VTA000762,2026-06-20,CLI0061,PROD0034,VEN009,SUC002,Web,9,522300,418300
VTA000763,2025-03-23,CLI0075,PROD0015,VEN005,SUC004,Web,6,179200,110800
VTA000764,2025-07-18,CLI0032,PROD0033,VEN008,SUC007,Presencial,7,240400,172700
VTA000765,2025-11-06,CLI0033,PROD0015,VEN011,SUC009,Web,11,187000,106200
VTA000766,2025-12-08,CLI0054,PROD0032,VEN020,SUC002,Telefónico,2,299300,180600
VTA000767,2026-03-13,CLI0056,PROD0040,VEN003,SUC002,Web,3,232800,147500
VTA000768,2025-08-01,CLI0077,PROD0021,VEN018,SUC004,Presencial,8,885200,673100
VTA000769,2026-01-09,CLI0024,PROD0006,VEN015,SUC004,Web,7,256000,178000
VTA000770,2026-02-24,CLI0050,PROD0031,VEN001,SUC010,Presencial,1,255500,202800
VTA000771,2025-11-21,CLI0026,PROD0019,VEN017,SUC007,Web,8,647800,473700
VTA000772,2026-04-30,CLI0005,PROD0015,VEN006,SUC004,Presencial,8,178200,111200
VTA000773,2026-07-14,CLI0046,PROD0039,VEN011,SUC009,Presencial,4,338800,209900
VTA000774,2026-07-09,CLI0073,PROD0038,VEN014,SUC003,Web,3,92700,59300
VTA000775,2025-09-24,CLI0023,PROD0041,VEN001,SUC006,Telefónico,8,224600,137200
VTA000776,2025-09-29,CLI0008,PROD0049,VEN005,SUC009,Web,6,365300,246200
VTA000777,2026-02-10,CLI0039,PROD0014,VEN020,SUC004,Web,6,60100,43700
VTA000778,2026-05-04,CLI0083,PROD0047,VEN013,SUC006,Web,3,433000,348200
VTA000779,2025-07-15,CLI0033,PROD0031,VEN004,SUC008,Presencial,7,280200,201600
VTA000780,2025-04-23,CLI0034,PROD0007,VEN002,SUC007,Web,9,577300,462000
VTA000781,2025-01-21,CLI0038,PROD0042,VEN010,SUC002,Presencial,12,403700,274800
VTA000782,2025-10-29,CLI0098,PROD0045,VEN017,SUC006,Presencial,5,130200,92100
VTA000783,2025-03-04,CLI0060,PROD0016,VEN001,SUC004,Presencial,10,134500,112300
VTA000784,2025-09-24,CLI0051,PROD0009,VEN014,SUC004,Web,6,837800,461900
VTA000785,2026-01-06,CLI0012,PROD0032,VEN013,SUC003,Telefónico,9,294700,186800
VTA000786,2026-06-02,CLI0080,PROD0011,VEN006,SUC010,Presencial,7,874700,676200
VTA000787,2025-06-16,CLI0012,PROD0006,VEN007,SUC005,Telefónico,8,277500,179200
VTA000788,2025-11-09,CLI0001,PROD0003,VEN003,SUC001,Web,4,85200,60000
VTA000789,2025-05-15,CLI0067,PROD0046,VEN015,SUC006,Presencial,2,529100,360800
VTA000790,2026-02-24,CLI0031,PROD0013,VEN020,SUC008,Presencial,2,539100,400500
VTA000791,2026-07-04,CLI0087,PROD0012,VEN010,SUC010,Telefónico,3,439500,282900
VTA000792,2025-01-14,CLI0064,PROD0035,VEN016,SUC003,Presencial,7,749500,449000
VTA000793,2026-05-12,CLI0095,PROD0048,VEN013,SUC002,Telefónico,8,19500,12800
VTA000794,2026-06-12,CLI0067,PROD0042,VEN013,SUC006,Presencial,3,407300,273700
VTA000795,2025-01-26,CLI0087,PROD0025,VEN019,SUC003,Presencial,11,71200,60600
VTA000796,2025-06-16,CLI0079,PROD0042,VEN007,SUC006,Web,10,408300,284500
VTA000797,2026-04-04,CLI0090,PROD0006,VEN009,SUC010,Web,10,261100,184200
VTA000798,2025-01-11,CLI0017,PROD0037,VEN012,SUC010,Presencial,7,256500,162000
VTA000799,2025-06-12,CLI0054,PROD0038,VEN016,SUC010,Presencial,2,96700,58300
VTA000800,2026-01-16,CLI0015,PROD0034,VEN019,SUC004,Telefónico,10,532800,415800
VTA000801,2025-06-19,CLI0054,PROD0022,VEN004,SUC003,Web,4,478100,321400
VTA000802,2026-07-01,CLI0069,PROD0021,VEN015,SUC003,Web,10,876800,650000
VTA000803,2025-01-25,CLI0086,PROD0032,VEN003,SUC001,Presencial,3,288100,180800
VTA000804,2025-10-31,CLI0094,PROD0006,VEN002,SUC005,Web,3,271000,180200
VTA000805,2025-03-25,CLI0021,PROD0022,VEN014,SUC004,Presencial,7,475500,319800
VTA000806,2025-01-06,CLI0048,PROD0040,VEN020,SUC007,Presencial,7,221200,147500
VTA000807,2025-04-27,CLI0012,PROD0010,VEN020,SUC010,Web,10,309300,233000
VTA000808,2025-06-16,CLI0053,PROD0035,VEN009,SUC010,Web,6,689400,456700
VTA000809,2026-04-29,CLI0080,PROD0034,VEN014,SUC010,Web,1,567100,410900
VTA000810,2025-10-31,CLI0051,PROD0007,VEN019,SUC003,Web,11,544800,452600
VTA000811,2025-03-05,CLI0046,PROD0027,VEN013,SUC006,Web,11,99200,77800
VTA000812,2025-02-20,CLI0043,PROD0029,VEN009,SUC007,Presencial,1,711200,420400
VTA000813,2025-11-30,CLI0010,PROD0038,VEN016,SUC006,Web,4,102400,59600
VTA000814,2026-04-09,CLI0068,PROD0042,VEN016,SUC003,Presencial,9,407600,280800
VTA000815,2025-05-30,CLI0096,PROD0028,VEN006,SUC004,Web,4,484500,276300
VTA000816,2025-01-08,CLI0100,PROD0045,VEN005,SUC008,Telefónico,12,130400,94100
VTA000817,2025-01-22,CLI0066,PROD0030,VEN019,SUC001,Presencial,2,629100,439300
VTA000818,2025-07-17,CLI0043,PROD0039,VEN011,SUC009,Web,11,323400,211100
VTA000819,2025-10-29,CLI0087,PROD0039,VEN018,SUC003,Presencial,8,306300,215400
VTA000820,2025-11-11,CLI0062,PROD0011,VEN017,SUC001,Presencial,11,856000,695800
VTA000821,2025-09-24,CLI0034,PROD0004,VEN012,SUC008,Web,10,389900,300000
VTA000822,2026-03-05,CLI0050,PROD0050,VEN007,SUC004,Presencial,11,257500,206400
VTA000823,2026-01-09,CLI0062,PROD0026,VEN016,SUC008,Web,4,498100,385700
VTA000824,2026-01-04,CLI0027,PROD0006,VEN012,SUC009,Telefónico,10,276600,178600
VTA000825,2025-08-25,CLI0014,PROD0006,VEN016,SUC010,Telefónico,9,255400,183600
VTA000826,2026-07-13,CLI0087,PROD0015,VEN001,SUC002,Web,6,164800,110100
VTA000827,2026-01-02,CLI0057,PROD0047,VEN003,SUC001,Presencial,1,460400,348800
VTA000828,2025-07-29,CLI0056,PROD0004,VEN012,SUC006,Telefónico,12,403300,294400
VTA000829,2026-03-06,CLI0064,PROD0002,VEN013,SUC003,Web,2,466000,235700
VTA000830,2025-04-05,CLI0031,PROD0029,VEN017,SUC005,Web,2,723300,419000
VTA000831,2026-05-16,CLI0082,PROD0040,VEN002,SUC006,Telefónico,4,209900,148600
VTA000832,2026-06-19,CLI0008,PROD0002,VEN014,SUC002,Presencial,6,435800,235800
VTA000833,2025-06-27,CLI0077,PROD0019,VEN007,SUC004,Web,3,705500,470700
VTA000834,2025-06-06,CLI0072,PROD0011,VEN010,SUC003,Web,7,890800,678700
VTA000835,2025-05-30,CLI0089,PROD0050,VEN009,SUC007,Web,7,249300,207700
VTA000836,2025-07-22,CLI0042,PROD0023,VEN020,SUC010,Web,4,594100,395100
VTA000837,2026-07-30,CLI0002,PROD0028,VEN014,SUC006,Presencial,4,482500,274100
VTA000838,2025-10-02,CLI0032,PROD0012,VEN008,SUC009,Presencial,6,443800,279600
VTA000839,2025-01-08,CLI0061,PROD0038,VEN012,SUC001,Presencial,8,100300,59400
VTA000840,2025-08-24,CLI0052,PROD0033,VEN009,SUC008,Web,6,234500,173200
VTA000841,2025-11-30,CLI0018,PROD0010,VEN008,SUC001,Web,4,323200,230000
VTA000842,2025-02-26,CLI0050,PROD0022,VEN013,SUC002,Web,10,479800,316100
VTA000843,2026-03-31,CLI0055,PROD0002,VEN019,SUC004,Web,11,409400,239000
VTA000844,2026-04-13,CLI0014,PROD0007,VEN005,SUC002,Presencial,7,550400,455400
VTA000845,2025-04-22,CLI0062,PROD0029,VEN001,SUC008,Telefónico,9,623000,417400
VTA000846,2025-02-04,CLI0039,PROD0050,VEN005,SUC004,Web,3,267600,204900
VTA000847,2025-02-13,CLI0043,PROD0020,VEN001,SUC007,Presencial,12,541300,411800
VTA000848,2025-11-03,CLI0036,PROD0001,VEN010,SUC004,Telefónico,7,412700,243800
VTA000849,2025-07-18,CLI0012,PROD0002,VEN009,SUC002,Web,8,440600,242900
VTA000850,2026-01-10,CLI0082,PROD0023,VEN005,SUC003,Presencial,12,602900,397900
VTA000851,2025-11-27,CLI0089,PROD0006,VEN014,SUC008,Presencial,10,287700,181700
VTA000852,2026-01-08,CLI0027,PROD0013,VEN007,SUC010,Web,8,478100,395900
VTA000853,2026-03-08,CLI0024,PROD0049,VEN004,SUC008,Presencial,11,320000,247300
VTA000854,2025-04-15,CLI0001,PROD0032,VEN014,SUC007,Presencial,9,329400,179500
VTA000855,2025-12-17,CLI0034,PROD0016,VEN001,SUC006,Presencial,7,143200,113800
VTA000856,2025-06-07,CLI0012,PROD0021,VEN005,SUC004,Web,5,872500,652900
VTA000857,2025-01-11,CLI0095,PROD0002,VEN003,SUC005,Web,12,435300,237700
VTA000858,2026-02-07,CLI0067,PROD0001,VEN002,SUC003,Presencial,8,416700,250400
VTA000859,2025-06-15,CLI0024,PROD0017,VEN013,SUC010,Telefónico,12,217300,149500
VTA000860,2025-08-20,CLI0074,PROD0010,VEN018,SUC008,Web,10,341600,227700
VTA000861,2025-12-12,CLI0057,PROD0030,VEN012,SUC001,Presencial,2,613400,446800
VTA000862,2025-11-16,CLI0034,PROD0014,VEN005,SUC003,Presencial,2,60900,44000
VTA000863,2026-04-08,CLI0069,PROD0027,VEN007,SUC010,Telefónico,2,99900,77400
VTA000864,2025-12-01,CLI0066,PROD0004,VEN013,SUC002,Presencial,12,407900,291500
VTA000865,2025-05-21,CLI0003,PROD0013,VEN012,SUC006,Web,9,495500,405200
VTA000866,2025-11-14,CLI0010,PROD0018,VEN019,SUC010,Presencial,11,206000,151100
VTA000867,2026-04-15,CLI0100,PROD0032,VEN007,SUC005,Presencial,1,314300,178700
VTA000868,2025-11-29,CLI0045,PROD0009,VEN005,SUC003,Web,9,838000,472400
VTA000869,2025-08-14,CLI0030,PROD0047,VEN018,SUC004,Presencial,8,436700,355500
VTA000870,2025-01-23,CLI0033,PROD0026,VEN007,SUC003,Web,9,564000,377700
VTA000871,2026-05-23,CLI0047,PROD0010,VEN010,SUC004,Telefónico,6,339600,230200
VTA000872,2025-07-13,CLI0034,PROD0019,VEN004,SUC001,Presencial,10,718200,473200
VTA000873,2026-05-21,CLI0080,PROD0047,VEN004,SUC010,Telefónico,10,409400,358500
VTA000874,2025-12-14,CLI0087,PROD0024,VEN017,SUC006,Web,12,696100,593700
VTA000875,2026-07-18,CLI0020,PROD0004,VEN020,SUC002,Presencial,1,387300,287200
VTA000876,2026-07-22,CLI0013,PROD0036,VEN017,SUC009,Presencial,6,522500,318900
VTA000877,2025-01-15,CLI0099,PROD0012,VEN009,SUC007,Web,3,395500,276400
VTA000878,2025-07-05,CLI0100,PROD0024,VEN009,SUC006,Presencial,1,691900,597000
VTA000879,2025-09-29,CLI0037,PROD0004,VEN008,SUC001,Web,7,402300,296200
VTA000880,2025-04-01,CLI0076,PROD0033,VEN010,SUC001,Presencial,8,267500,171300
VTA000881,2026-02-23,CLI0100,PROD0024,VEN015,SUC004,Presencial,2,740400,583700
VTA000882,2025-08-31,CLI0077,PROD0042,VEN001,SUC004,Web,7,371400,273200
VTA000883,2025-10-02,CLI0061,PROD0012,VEN010,SUC005,Telefónico,9,419000,275900
VTA000884,2025-07-27,CLI0033,PROD0009,VEN010,SUC008,Presencial,8,780100,459000
VTA000885,2025-11-08,CLI0056,PROD0009,VEN013,SUC009,Presencial,11,787100,466400
VTA000886,2025-12-28,CLI0060,PROD0001,VEN007,SUC003,Telefónico,4,429800,246100
VTA000887,2026-05-20,CLI0100,PROD0047,VEN015,SUC005,Web,10,407500,358800
VTA000888,2025-08-27,CLI0056,PROD0028,VEN007,SUC003,Web,11,441700,268000
VTA000889,2025-05-25,CLI0065,PROD0037,VEN013,SUC003,Telefónico,3,251200,163900
VTA000890,2025-03-22,CLI0054,PROD0033,VEN020,SUC008,Presencial,5,236600,173500
VTA000891,2026-07-15,CLI0006,PROD0021,VEN008,SUC008,Presencial,8,871600,673500
VTA000892,2025-03-25,CLI0005,PROD0040,VEN012,SUC004,Web,12,226500,150400
VTA000893,2026-03-18,CLI0088,PROD0034,VEN004,SUC008,Web,4,580400,415500
VTA000894,2026-05-04,CLI0033,PROD0007,VEN011,SUC002,Presencial,7,547300,445700
VTA000895,2025-06-12,CLI0027,PROD0031,VEN011,SUC004,Web,9,249000,201400
VTA000896,2025-06-09,CLI0022,PROD0017,VEN011,SUC009,Web,8,203700,150600
VTA000897,2025-07-09,CLI0015,PROD0018,VEN011,SUC008,Presencial,6,185700,152700
VTA000898,2026-03-27,CLI0069,PROD0017,VEN015,SUC007,Telefónico,9,221900,150300
VTA000899,2025-11-16,CLI0074,PROD0023,VEN003,SUC008,Presencial,12,572100,402600
VTA000900,2026-01-26,CLI0083,PROD0001,VEN014,SUC008,Web,6,423300,250800
VTA000901,2025-07-21,CLI0041,PROD0018,VEN010,SUC007,Presencial,1,212300,153000
VTA000902,2025-08-25,CLI0075,PROD0026,VEN004,SUC007,Web,12,498900,391900
VTA000903,2026-04-06,CLI0080,PROD0019,VEN001,SUC009,Presencial,6,711300,465200
VTA000904,2026-03-17,CLI0088,PROD0010,VEN016,SUC007,Web,10,331400,227500
VTA000905,2025-10-13,CLI0010,PROD0031,VEN016,SUC003,Web,11,262800,202000
VTA000906,2025-12-17,CLI0064,PROD0002,VEN012,SUC003,Telefónico,7,422500,244600
VTA000907,2025-08-19,CLI0060,PROD0013,VEN010,SUC006,Telefónico,11,520200,403400
VTA000908,2025-07-25,CLI0042,PROD0019,VEN009,SUC002,Web,11,685100,474300
VTA000909,2025-11-18,CLI0079,PROD0021,VEN016,SUC009,Web,4,789600,661300
VTA000910,2025-07-13,CLI0009,PROD0002,VEN013,SUC003,Presencial,10,458600,243300
VTA000911,2025-12-11,CLI0008,PROD0041,VEN012,SUC002,Telefónico,2,200800,138300
VTA000912,2026-06-13,CLI0009,PROD0042,VEN002,SUC004,Presencial,7,416300,284800
VTA000913,2026-07-11,CLI0014,PROD0030,VEN012,SUC004,Telefónico,3,604600,446100
VTA000914,2025-02-15,CLI0032,PROD0023,VEN010,SUC001,Presencial,12,598300,404100
VTA000915,2025-07-16,CLI0089,PROD0043,VEN012,SUC001,Web,12,475600,366100
VTA000916,2025-01-12,CLI0042,PROD0006,VEN011,SUC010,Presencial,11,285500,178100
VTA000917,2025-12-31,CLI0005,PROD0015,VEN014,SUC010,Presencial,4,162800,110900
VTA000918,2026-05-26,CLI0084,PROD0047,VEN020,SUC008,Web,10,455400,364800
VTA000919,2025-04-04,CLI0035,PROD0045,VEN003,SUC010,Presencial,7,121200,91900
VTA000920,2025-05-11,CLI0068,PROD0005,VEN019,SUC002,Web,12,437200,301900
VTA000921,2025-10-11,CLI0028,PROD0024,VEN018,SUC005,Telefónico,9,692800,592600
VTA000922,2025-03-22,CLI0056,PROD0019,VEN020,SUC005,Web,2,731900,480000
VTA000923,2025-04-30,CLI0055,PROD0048,VEN006,SUC008,Presencial,4,20100,13000
VTA000924,2026-07-18,CLI0028,PROD0037,VEN006,SUC005,Web,5,234400,161800
VTA000925,2025-06-11,CLI0072,PROD0043,VEN018,SUC007,Presencial,11,424700,362800
VTA000926,2026-05-14,CLI0044,PROD0041,VEN015,SUC006,Web,6,197700,140900
VTA000927,2025-12-21,CLI0022,PROD0003,VEN002,SUC003,Presencial,1,92400,60600
VTA000928,2026-07-11,CLI0066,PROD0009,VEN003,SUC008,Web,11,861500,477400
VTA000929,2025-06-02,CLI0095,PROD0024,VEN012,SUC010,Web,10,719700,596300
VTA000930,2026-06-22,CLI0097,PROD0027,VEN014,SUC002,Web,1,105000,77400
VTA000931,2026-05-05,CLI0067,PROD0038,VEN006,SUC002,Telefónico,3,95000,59800
VTA000932,2026-05-21,CLI0028,PROD0036,VEN005,SUC002,Presencial,1,562500,315200
VTA000933,2025-06-02,CLI0015,PROD0006,VEN003,SUC009,Web,8,265100,178500
VTA000934,2026-03-31,CLI0066,PROD0005,VEN009,SUC008,Web,9,476800,297600
VTA000935,2025-09-15,CLI0015,PROD0012,VEN012,SUC005,Web,6,393800,283100
VTA000936,2025-04-20,CLI0058,PROD0014,VEN017,SUC004,Telefónico,2,62200,43100
VTA000937,2026-01-23,CLI0085,PROD0013,VEN004,SUC008,Presencial,1,485900,396300
VTA000938,2026-03-29,CLI0057,PROD0030,VEN019,SUC009,Presencial,11,603700,448700
VTA000939,2025-08-22,CLI0006,PROD0021,VEN020,SUC006,Presencial,1,822600,663300
VTA000940,2026-05-30,CLI0043,PROD0015,VEN013,SUC010,Presencial,2,163700,106900
VTA000941,2025-04-11,CLI0018,PROD0011,VEN002,SUC006,Web,2,794000,698700
VTA000942,2025-01-27,CLI0005,PROD0035,VEN018,SUC009,Presencial,1,771400,445800
VTA000943,2025-03-13,CLI0059,PROD0005,VEN013,SUC008,Web,11,449800,311000
VTA000944,2025-03-01,CLI0001,PROD0028,VEN006,SUC005,Presencial,7,425300,277400
VTA000945,2025-10-12,CLI0054,PROD0029,VEN009,SUC001,Web,2,692300,424400
VTA000946,2025-04-13,CLI0085,PROD0014,VEN004,SUC006,Web,3,60100,42800
VTA000947,2025-05-23,CLI0010,PROD0046,VEN019,SUC008,Web,3,589200,359800
VTA000948,2025-01-09,CLI0046,PROD0003,VEN010,SUC005,Presencial,6,89500,60200
VTA000949,2025-01-11,CLI0029,PROD0006,VEN006,SUC003,Presencial,8,295000,185700
VTA000950,2025-02-23,CLI0046,PROD0027,VEN001,SUC004,Web,11,102800,78400
VTA000951,2025-01-25,CLI0039,PROD0010,VEN016,SUC005,Presencial,12,315100,226100
VTA000952,2026-01-09,CLI0046,PROD0029,VEN009,SUC005,Web,12,693300,427200
VTA000953,2025-01-02,CLI0094,PROD0021,VEN020,SUC009,Telefónico,7,842900,652800
VTA000954,2026-06-18,CLI0011,PROD0023,VEN001,SUC001,Web,6,639400,405100
VTA000955,2025-03-31,CLI0092,PROD0025,VEN010,SUC001,Presencial,3,75600,60800
VTA000956,2025-05-30,CLI0081,PROD0006,VEN012,SUC009,Web,8,278800,180600
VTA000957,2026-06-06,CLI0057,PROD0013,VEN007,SUC010,Presencial,10,535800,409400
VTA000958,2026-07-16,CLI0045,PROD0026,VEN008,SUC002,Presencial,3,552300,394300
VTA000959,2025-03-01,CLI0088,PROD0018,VEN010,SUC010,Web,4,188800,152200
VTA000960,2026-06-10,CLI0010,PROD0041,VEN002,SUC004,Web,3,193500,140700
VTA000961,2026-06-13,CLI0043,PROD0009,VEN013,SUC003,Presencial,12,798200,458500
VTA000962,2025-07-30,CLI0061,PROD0026,VEN007,SUC010,Presencial,2,503900,376000
VTA000963,2025-04-10,CLI0049,PROD0018,VEN008,SUC002,Presencial,5,195600,153100
VTA000964,2026-01-09,CLI0090,PROD0035,VEN015,SUC005,Presencial,2,733100,450500
VTA000965,2026-02-18,CLI0002,PROD0035,VEN015,SUC006,Presencial,11,685600,451100
VTA000966,2025-08-08,CLI0028,PROD0008,VEN001,SUC002,Presencial,11,607800,383200
VTA000967,2025-07-04,CLI0004,PROD0023,VEN012,SUC007,Web,9,576000,401500
VTA000968,2026-01-27,CLI0047,PROD0044,VEN008,SUC005,Web,3,718000,590900
VTA000969,2026-02-04,CLI0019,PROD0028,VEN001,SUC004,Web,7,454200,270700
VTA000970,2025-10-28,CLI0013,PROD0047,VEN020,SUC004,Telefónico,10,452700,351100
VTA000971,2025-12-22,CLI0069,PROD0001,VEN005,SUC006,Telefónico,11,435000,251600
VTA000972,2025-09-13,CLI0072,PROD0046,VEN018,SUC004,Web,2,524300,361100
VTA000973,2026-04-19,CLI0070,PROD0035,VEN001,SUC010,Telefónico,10,711900,447500
VTA000974,2026-05-15,CLI0004,PROD0002,VEN001,SUC008,Web,11,427800,244300
VTA000975,2025-09-13,CLI0059,PROD0015,VEN005,SUC008,Presencial,11,162600,108500
VTA000976,2025-01-30,CLI0057,PROD0046,VEN005,SUC001,Web,9,582800,359100
VTA000977,2026-01-22,CLI0070,PROD0039,VEN010,SUC001,Presencial,12,310500,208900
VTA000978,2025-01-16,CLI0031,PROD0038,VEN004,SUC010,Presencial,5,89000,59500
VTA000979,2025-03-18,CLI0057,PROD0004,VEN011,SUC003,Presencial,8,390500,298000
VTA000980,2025-03-19,CLI0036,PROD0026,VEN018,SUC008,Presencial,6,540300,382700
VTA000981,2025-09-25,CLI0063,PROD0012,VEN019,SUC003,Telefónico,9,443600,283600
VTA000982,2025-06-10,CLI0002,PROD0029,VEN019,SUC002,Web,5,705400,433600
VTA000983,2025-07-13,CLI0011,PROD0025,VEN010,SUC002,Presencial,2,73700,59900
VTA000984,2026-05-24,CLI0053,PROD0036,VEN020,SUC009,Presencial,3,511200,317600
VTA000985,2025-02-21,CLI0087,PROD0012,VEN013,SUC010,Web,8,430700,284200
VTA000986,2026-03-26,CLI0017,PROD0009,VEN016,SUC010,Web,8,798000,462500
VTA000987,2025-11-28,CLI0009,PROD0006,VEN010,SUC008,Web,9,273400,180600
VTA000988,2025-01-02,CLI0097,PROD0013,VEN019,SUC010,Web,8,503000,399400
VTA000989,2025-02-23,CLI0048,PROD0038,VEN014,SUC002,Presencial,10,91800,58300
VTA000990,2025-09-30,CLI0083,PROD0025,VEN009,SUC005,Presencial,1,72100,60500
VTA000991,2025-05-30,CLI0062,PROD0026,VEN003,SUC010,Web,6,540800,383800
VTA000992,2025-12-24,CLI0010,PROD0008,VEN015,SUC003,Telefónico,7,665700,375900
VTA000993,2025-04-24,CLI0044,PROD0038,VEN002,SUC007,Presencial,2,89000,57700
VTA000994,2025-03-02,CLI0042,PROD0025,VEN007,SUC005,Presencial,8,70100,61100
VTA000995,2025-08-18,CLI0068,PROD0003,VEN008,SUC006,Presencial,5,91500,61800
VTA000996,2025-06-20,CLI0009,PROD0050,VEN001,SUC007,Telefónico,9,288400,200600
VTA000997,2026-01-10,CLI0022,PROD0037,VEN014,SUC010,Presencial,7,256900,167100
VTA000998,2025-04-14,CLI0012,PROD0019,VEN006,SUC001,Web,3,640500,464600
VTA000999,2025-03-29,CLI0093,PROD0015,VEN010,SUC005,Web,8,167500,110500
VTA001000,2025-01-30,CLI0076,PROD0030,VEN006,SUC009,Web,8,609700,448000
VTA001001,2026-06-03,CLI0015,PROD0044,VEN016,SUC002,Presencial,10,820800,581100
VTA001002,2025-03-01,CLI0048,PROD0009,VEN008,SUC006,Presencial,7,777800,468700
VTA001003,2026-06-06,CLI0059,PROD0002,VEN019,SUC003,Web,1,400400,239300
VTA001004,2025-04-07,CLI0057,PROD0017,VEN001,SUC010,Presencial,9,219000,146200
VTA001005,2025-06-20,CLI0056,PROD0024,VEN007,SUC007,Web,8,777300,573400
VTA001006,2026-06-06,CLI0045,PROD0046,VEN005,SUC006,Telefónico,5,589700,360100
VTA001007,2026-01-13,CLI0016,PROD0012,VEN017,SUC008,Presencial,3,447900,281900
VTA001008,2025-04-28,CLI0046,PROD0002,VEN003,SUC002,Web,7,440100,246700
VTA001009,2025-12-22,CLI0079,PROD0026,VEN003,SUC010,Web,4,523200,391800
VTA001010,2025-01-01,CLI0080,PROD0037,VEN012,SUC006,Presencial,10,235100,167400
VTA001011,2026-05-18,CLI0007,PROD0045,VEN005,SUC005,Web,4,114100,92700
VTA001012,2025-11-21,CLI0043,PROD0033,VEN013,SUC007,Web,8,259500,168700
VTA001013,2025-12-22,CLI0085,PROD0033,VEN006,SUC006,Web,11,267200,175400
VTA001014,2025-08-03,CLI0060,PROD0037,VEN018,SUC007,Web,3,246000,166000
VTA001015,2025-01-31,CLI0079,PROD0003,VEN002,SUC006,Telefónico,4,82200,60700
VTA001016,2025-06-15,CLI0014,PROD0032,VEN015,SUC006,Web,3,288000,178500
VTA001017,2026-06-13,CLI0013,PROD0040,VEN002,SUC006,Web,4,212200,148400
VTA001018,2025-05-02,CLI0091,PROD0044,VEN007,SUC006,Presencial,1,792900,598700
VTA001019,2026-05-02,CLI0021,PROD0042,VEN002,SUC005,Web,2,415800,286000
VTA001020,2025-05-18,CLI0046,PROD0001,VEN007,SUC002,Presencial,2,379000,251500
VTA001021,2026-05-01,CLI0019,PROD0034,VEN016,SUC005,Web,6,593100,406600
VTA001022,2025-06-13,CLI0005,PROD0043,VEN008,SUC006,Telefónico,2,446000,361700
VTA001023,2025-09-25,CLI0027,PROD0021,VEN004,SUC002,Telefónico,10,871000,674200
VTA001024,2025-01-23,CLI0055,PROD0039,VEN009,SUC002,Presencial,7,350600,210500
VTA001025,2025-04-07,CLI0065,PROD0038,VEN005,SUC009,Web,6,97300,58400
VTA001026,2026-06-19,CLI0038,PROD0016,VEN015,SUC004,Presencial,3,149200,112700
VTA001027,2025-09-24,CLI0075,PROD0030,VEN020,SUC007,Web,5,635800,440800
VTA001028,2025-09-05,CLI0016,PROD0049,VEN010,SUC009,Presencial,1,330400,253000
VTA001029,2026-05-22,CLI0019,PROD0015,VEN008,SUC007,Presencial,4,169800,106800
VTA001030,2025-02-25,CLI0010,PROD0007,VEN020,SUC006,Presencial,6,554700,454000
VTA001031,2025-12-22,CLI0033,PROD0037,VEN018,SUC006,Telefónico,8,241200,167200
VTA001032,2025-01-23,CLI0084,PROD0002,VEN008,SUC002,Telefónico,2,408600,235200
VTA001033,2025-06-28,CLI0052,PROD0005,VEN006,SUC007,Presencial,5,410700,311000
VTA001034,2026-04-25,CLI0072,PROD0044,VEN018,SUC002,Presencial,2,751300,605100
VTA001035,2025-06-01,CLI0062,PROD0005,VEN006,SUC007,Web,9,424600,310400
VTA001036,2025-09-12,CLI0002,PROD0049,VEN004,SUC009,Presencial,3,313900,244200
VTA001037,2025-11-19,CLI0007,PROD0024,VEN009,SUC005,Web,9,733800,599800
VTA001038,2026-01-13,CLI0071,PROD0004,VEN002,SUC005,Telefónico,5,380400,296000
VTA001039,2026-05-01,CLI0099,PROD0029,VEN003,SUC010,Presencial,12,633800,428200
VTA001040,2025-06-09,CLI0051,PROD0020,VEN006,SUC005,Presencial,4,523700,408400
VTA001041,2026-06-13,CLI0040,PROD0015,VEN006,SUC004,Web,5,182000,110000
VTA001042,2026-01-28,CLI0060,PROD0025,VEN005,SUC006,Telefónico,9,78900,61100
VTA001043,2025-08-17,CLI0011,PROD0039,VEN006,SUC009,Presencial,2,349000,216800
VTA001044,2025-11-12,CLI0073,PROD0022,VEN013,SUC007,Presencial,8,495100,314800
VTA001045,2026-04-18,CLI0078,PROD0022,VEN004,SUC002,Web,4,468500,314400
VTA001046,2025-09-06,CLI0070,PROD0009,VEN005,SUC002,Web,1,845600,457300
VTA001047,2025-09-01,CLI0047,PROD0029,VEN012,SUC005,Web,3,685500,433000
VTA001048,2025-06-29,CLI0026,PROD0009,VEN002,SUC009,Presencial,8,858400,478300
VTA001049,2026-01-23,CLI0098,PROD0029,VEN006,SUC008,Telefónico,2,643800,414600
VTA001050,2026-03-26,CLI0035,PROD0025,VEN010,SUC003,Web,4,74400,59000
VTA001051,2026-04-18,CLI0059,PROD0008,VEN018,SUC007,Presencial,9,655200,384300
VTA001052,2026-03-24,CLI0048,PROD0001,VEN008,SUC008,Presencial,1,420800,253600
VTA001053,2025-08-30,CLI0032,PROD0017,VEN004,SUC008,Presencial,3,217800,152200
VTA001054,2025-11-18,CLI0033,PROD0045,VEN017,SUC001,Telefónico,6,119200,93600
VTA001055,2025-11-13,CLI0076,PROD0022,VEN017,SUC008,Telefónico,11,496600,317600
VTA001056,2025-03-17,CLI0076,PROD0032,VEN015,SUC002,Presencial,9,304900,186400
VTA001057,2025-01-20,CLI0070,PROD0015,VEN003,SUC009,Presencial,10,169900,110600
VTA001058,2025-04-27,CLI0002,PROD0007,VEN003,SUC007,Web,11,609800,455700
VTA001059,2025-02-14,CLI0085,PROD0037,VEN005,SUC008,Presencial,3,253800,167500
VTA001060,2025-01-04,CLI0092,PROD0020,VEN018,SUC002,Telefónico,10,550000,411500
VTA001061,2026-03-26,CLI0009,PROD0004,VEN001,SUC006,Web,12,363900,295100
VTA001062,2025-07-03,CLI0083,PROD0024,VEN013,SUC001,Presencial,1,758500,581700
VTA001063,2026-04-09,CLI0019,PROD0039,VEN010,SUC004,Presencial,4,331100,219300
VTA001064,2026-03-13,CLI0082,PROD0030,VEN008,SUC003,Web,3,593500,447800
VTA001065,2025-01-28,CLI0046,PROD0004,VEN020,SUC003,Presencial,1,408600,299100
VTA001066,2025-08-18,CLI0015,PROD0017,VEN008,SUC008,Telefónico,11,210400,147100
VTA001067,2025-05-18,CLI0075,PROD0002,VEN003,SUC002,Web,12,404700,246800
VTA001068,2025-05-27,CLI0035,PROD0004,VEN009,SUC003,Presencial,4,378900,290200
VTA001069,2026-05-16,CLI0002,PROD0034,VEN006,SUC002,Web,5,538400,413400
VTA001070,2025-01-27,CLI0026,PROD0040,VEN011,SUC010,Web,9,207200,153900
VTA001071,2026-07-22,CLI0023,PROD0039,VEN002,SUC009,Web,8,349300,210600
VTA001072,2026-05-21,CLI0029,PROD0049,VEN004,SUC007,Web,7,326700,252600
VTA001073,2025-03-14,CLI0024,PROD0037,VEN007,SUC002,Presencial,12,242100,164300
VTA001074,2025-12-08,CLI0011,PROD0034,VEN002,SUC005,Telefónico,9,548500,419600
VTA001075,2026-04-24,CLI0007,PROD0049,VEN005,SUC003,Web,8,366600,251900
VTA001076,2025-02-17,CLI0035,PROD0023,VEN019,SUC005,Web,6,654400,414300
VTA001077,2025-05-03,CLI0078,PROD0032,VEN015,SUC004,Telefónico,9,284100,181000
VTA001078,2025-07-26,CLI0042,PROD0048,VEN007,SUC007,Presencial,11,21300,12800
VTA001079,2026-01-12,CLI0090,PROD0013,VEN020,SUC003,Web,9,513200,408200
VTA001080,2025-07-18,CLI0006,PROD0049,VEN001,SUC008,Presencial,9,327900,245300
VTA001081,2025-05-25,CLI0027,PROD0005,VEN001,SUC003,Telefónico,1,431200,297200
VTA001082,2026-01-15,CLI0061,PROD0021,VEN014,SUC008,Presencial,4,886900,658900
VTA001083,2025-12-19,CLI0010,PROD0033,VEN008,SUC007,Web,4,257800,170900
VTA001084,2025-05-27,CLI0033,PROD0036,VEN020,SUC009,Web,1,550300,319500
VTA001085,2025-01-27,CLI0057,PROD0004,VEN018,SUC009,Web,3,354900,296400
VTA001086,2026-02-22,CLI0073,PROD0048,VEN004,SUC002,Web,2,20300,13000
VTA001087,2026-01-29,CLI0054,PROD0026,VEN005,SUC006,Web,8,565600,376300
VTA001088,2026-06-07,CLI0048,PROD0044,VEN011,SUC001,Web,6,830000,590900
VTA001089,2026-04-17,CLI0010,PROD0041,VEN001,SUC009,Web,10,208800,138600
VTA001090,2025-04-13,CLI0064,PROD0005,VEN001,SUC005,Web,8,475100,308400
VTA001091,2025-05-23,CLI0078,PROD0020,VEN004,SUC007,Presencial,5,507100,398500
VTA001092,2026-02-23,CLI0066,PROD0016,VEN019,SUC004,Web,11,149100,108800
VTA001093,2026-06-19,CLI0014,PROD0019,VEN001,SUC009,Presencial,6,715000,462100
VTA001094,2026-06-30,CLI0033,PROD0016,VEN003,SUC002,Web,3,148800,111000
VTA001095,2025-09-01,CLI0029,PROD0037,VEN001,SUC007,Presencial,11,246000,162200
VTA001096,2025-10-01,CLI0077,PROD0049,VEN012,SUC005,Telefónico,10,326000,247700
VTA001097,2026-03-08,CLI0097,PROD0041,VEN015,SUC008,Web,8,210400,141900
VTA001098,2026-07-19,CLI0088,PROD0005,VEN017,SUC001,Presencial,1,453300,298000
VTA001099,2025-09-29,CLI0065,PROD0045,VEN008,SUC002,Presencial,12,127200,90600
VTA001100,2026-04-04,CLI0060,PROD0031,VEN014,SUC002,Web,12,265600,200400
VTA001101,2025-01-09,CLI0019,PROD0043,VEN004,SUC003,Presencial,6,452900,351100
VTA001102,2025-08-06,CLI0036,PROD0027,VEN009,SUC009,Presencial,6,103300,76200
VTA001103,2026-04-28,CLI0045,PROD0049,VEN009,SUC006,Web,8,325200,243800
VTA001104,2025-03-22,CLI0003,PROD0019,VEN017,SUC006,Web,1,695200,481300
VTA001105,2025-10-12,CLI0047,PROD0045,VEN006,SUC002,Presencial,10,120300,91300
VTA001106,2025-09-19,CLI0043,PROD0017,VEN011,SUC002,Web,8,202800,150600
VTA001107,2025-08-24,CLI0086,PROD0015,VEN002,SUC005,Web,12,181600,107300
VTA001108,2026-06-03,CLI0041,PROD0030,VEN006,SUC008,Telefónico,4,610200,443100
VTA001109,2026-04-17,CLI0042,PROD0010,VEN016,SUC006,Web,9,305100,224700
VTA001110,2025-11-19,CLI0051,PROD0007,VEN013,SUC005,Web,1,559000,462900
VTA001111,2025-01-10,CLI0082,PROD0018,VEN017,SUC003,Web,5,200700,146500
VTA001112,2025-04-03,CLI0025,PROD0020,VEN004,SUC004,Web,10,528700,398300
VTA001113,2025-10-03,CLI0022,PROD0043,VEN009,SUC010,Presencial,12,489700,357600
VTA001114,2025-01-31,CLI0082,PROD0006,VEN012,SUC005,Presencial,2,254600,178900
VTA001115,2025-02-23,CLI0075,PROD0023,VEN018,SUC004,Presencial,10,578600,399700
VTA001116,2025-05-04,CLI0051,PROD0031,VEN001,SUC002,Presencial,2,267400,196700
VTA001117,2025-10-30,CLI0012,PROD0020,VEN015,SUC010,Web,12,503600,412100
VTA001118,2025-02-13,CLI0095,PROD0001,VEN005,SUC006,Presencial,3,424400,245800
VTA001119,2025-05-31,CLI0025,PROD0027,VEN008,SUC002,Presencial,8,108200,78500
VTA001120,2026-02-13,CLI0035,PROD0028,VEN006,SUC009,Web,4,423300,279900
VTA001121,2026-06-13,CLI0099,PROD0033,VEN010,SUC010,Web,3,259400,175700
VTA001122,2026-04-22,CLI0013,PROD0008,VEN015,SUC009,Web,3,636400,381100
VTA001123,2026-06-03,CLI0032,PROD0010,VEN011,SUC006,Web,10,323900,234300
VTA001124,2026-01-18,CLI0086,PROD0036,VEN009,SUC007,Web,7,489800,327300
VTA001125,2026-04-28,CLI0035,PROD0044,VEN016,SUC001,Web,10,765900,596500
VTA001126,2025-11-19,CLI0069,PROD0015,VEN020,SUC008,Telefónico,5,168600,107000
VTA001127,2026-02-01,CLI0075,PROD0018,VEN005,SUC005,Telefónico,5,196400,150300
VTA001128,2025-11-08,CLI0012,PROD0028,VEN001,SUC008,Presencial,10,444400,278700
VTA001129,2025-01-31,CLI0093,PROD0023,VEN018,SUC009,Presencial,12,594100,400000
VTA001130,2025-08-05,CLI0036,PROD0020,VEN004,SUC004,Web,2,545600,402000
VTA001131,2026-01-18,CLI0060,PROD0012,VEN019,SUC007,Web,11,424200,284000
VTA001132,2026-04-26,CLI0012,PROD0013,VEN010,SUC001,Presencial,6,489600,390700
VTA001133,2025-10-14,CLI0013,PROD0042,VEN005,SUC010,Web,11,407800,276800
VTA001134,2025-03-09,CLI0004,PROD0035,VEN005,SUC002,Presencial,3,742700,460900
VTA001135,2025-06-20,CLI0056,PROD0016,VEN006,SUC005,Web,4,140800,112600
VTA001136,2025-09-29,CLI0011,PROD0044,VEN010,SUC001,Web,10,742900,586800
VTA001137,2025-09-15,CLI0067,PROD0035,VEN005,SUC006,Presencial,12,746500,458700
VTA001138,2026-06-25,CLI0092,PROD0036,VEN014,SUC006,Presencial,1,563000,327500
VTA001139,2025-05-03,CLI0085,PROD0031,VEN010,SUC008,Telefónico,5,275300,198500
VTA001140,2025-08-01,CLI0018,PROD0032,VEN001,SUC007,Presencial,3,319300,184800
VTA001141,2025-09-11,CLI0042,PROD0001,VEN009,SUC005,Presencial,7,406800,254900
VTA001142,2025-08-24,CLI0063,PROD0049,VEN014,SUC007,Presencial,9,325900,251900
VTA001143,2026-07-14,CLI0071,PROD0026,VEN018,SUC008,Web,11,498100,381900
VTA001144,2026-07-16,CLI0052,PROD0009,VEN007,SUC001,Presencial,7,817600,465300
VTA001145,2026-01-30,CLI0008,PROD0037,VEN011,SUC001,Presencial,10,245600,162500
VTA001146,2026-05-16,CLI0094,PROD0026,VEN012,SUC009,Web,11,494700,380500
VTA001147,2026-02-18,CLI0059,PROD0003,VEN007,SUC003,Web,7,80800,60400
VTA001148,2025-07-23,CLI0016,PROD0013,VEN017,SUC009,Presencial,5,485600,397500
VTA001149,2026-06-20,CLI0032,PROD0050,VEN018,SUC008,Telefónico,3,280300,204200
VTA001150,2025-01-18,CLI0081,PROD0026,VEN018,SUC010,Presencial,11,525700,383900
VTA001151,2025-07-25,CLI0069,PROD0049,VEN001,SUC006,Presencial,5,340500,244300
VTA001152,2025-01-14,CLI0093,PROD0028,VEN006,SUC007,Telefónico,12,463700,274200
VTA001153,2025-11-24,CLI0003,PROD0016,VEN013,SUC010,Web,2,133000,112500
VTA001154,2025-01-07,CLI0041,PROD0004,VEN009,SUC004,Presencial,4,408400,291900
VTA001155,2025-02-05,CLI0064,PROD0040,VEN004,SUC010,Telefónico,6,223800,148000
VTA001156,2026-03-18,CLI0044,PROD0002,VEN016,SUC004,Presencial,7,417800,245600
VTA001157,2026-05-09,CLI0073,PROD0006,VEN009,SUC004,Presencial,9,259200,183900
VTA001158,2025-03-04,CLI0052,PROD0049,VEN019,SUC005,Web,5,318600,243200
VTA001159,2026-01-20,CLI0012,PROD0003,VEN013,SUC004,Web,1,80300,61200
VTA001160,2025-04-09,CLI0025,PROD0026,VEN001,SUC006,Presencial,11,506300,377800
VTA001161,2025-06-01,CLI0008,PROD0022,VEN006,SUC008,Telefónico,4,533600,312100
VTA001162,2025-11-29,CLI0097,PROD0002,VEN010,SUC001,Presencial,7,402900,240100
VTA001163,2025-05-19,CLI0060,PROD0031,VEN013,SUC001,Web,1,278400,206200
VTA001164,2025-04-10,CLI0040,PROD0050,VEN019,SUC007,Presencial,3,277900,205300
VTA001165,2026-01-12,CLI0022,PROD0003,VEN003,SUC004,Presencial,1,89200,60600
VTA001166,2025-04-10,CLI0040,PROD0035,VEN017,SUC009,Presencial,1,689800,458800
VTA001167,2025-02-19,CLI0077,PROD0029,VEN009,SUC007,Web,11,687800,434400
VTA001168,2026-04-26,CLI0053,PROD0015,VEN002,SUC003,Web,8,171500,107600
VTA001169,2026-05-29,CLI0008,PROD0028,VEN001,SUC006,Web,9,467300,280000
VTA001170,2025-02-09,CLI0098,PROD0023,VEN020,SUC009,Web,9,637400,395600
VTA001171,2025-02-01,CLI0042,PROD0014,VEN016,SUC007,Presencial,9,54400,43200
VTA001172,2025-02-25,CLI0064,PROD0011,VEN017,SUC001,Presencial,5,847800,693400
VTA001173,2026-02-18,CLI0042,PROD0007,VEN007,SUC008,Presencial,3,605800,460000
VTA001174,2026-02-05,CLI0014,PROD0049,VEN017,SUC002,Presencial,4,315200,250400
VTA001175,2025-12-04,CLI0028,PROD0009,VEN011,SUC002,Presencial,7,758000,468600
VTA001176,2026-06-04,CLI0046,PROD0022,VEN010,SUC009,Web,3,500200,317200
VTA001177,2026-01-04,CLI0025,PROD0041,VEN020,SUC003,Telefónico,5,211400,137400
VTA001178,2025-04-26,CLI0074,PROD0008,VEN006,SUC001,Web,7,627600,378200
VTA001179,2026-05-01,CLI0098,PROD0013,VEN002,SUC006,Web,4,504600,404100
VTA001180,2026-05-21,CLI0021,PROD0016,VEN009,SUC004,Web,8,140900,111400
VTA001181,2025-12-19,CLI0044,PROD0047,VEN015,SUC010,Web,10,455100,359600
VTA001182,2025-02-18,CLI0028,PROD0023,VEN020,SUC001,Presencial,12,590300,406300
VTA001183,2025-07-13,CLI0025,PROD0026,VEN017,SUC005,Web,11,555200,384000
VTA001184,2025-06-08,CLI0073,PROD0039,VEN004,SUC002,Web,9,334800,209600
VTA001185,2026-05-12,CLI0034,PROD0027,VEN008,SUC002,Telefónico,5,108500,75600
VTA001186,2025-11-29,CLI0065,PROD0007,VEN007,SUC009,Presencial,7,603900,448400
VTA001187,2025-07-01,CLI0086,PROD0050,VEN010,SUC004,Presencial,11,260200,206700
VTA001188,2025-09-17,CLI0077,PROD0003,VEN011,SUC007,Presencial,3,89500,60800
VTA001189,2026-02-08,CLI0025,PROD0022,VEN009,SUC005,Web,3,535500,323600
VTA001190,2026-05-02,CLI0100,PROD0044,VEN002,SUC005,Presencial,6,766400,608600
VTA001191,2025-02-24,CLI0031,PROD0002,VEN006,SUC003,Telefónico,4,403700,241800
VTA001192,2025-02-08,CLI0049,PROD0048,VEN020,SUC005,Web,8,19100,13300
VTA001193,2025-01-22,CLI0047,PROD0027,VEN016,SUC009,Web,7,101800,78200
VTA001194,2026-04-19,CLI0006,PROD0017,VEN002,SUC010,Web,6,222300,149500
VTA001195,2025-04-08,CLI0041,PROD0008,VEN012,SUC010,Web,5,661200,385700
VTA001196,2026-07-18,CLI0023,PROD0049,VEN015,SUC004,Telefónico,9,322000,249300
VTA001197,2026-05-23,CLI0023,PROD0003,VEN009,SUC002,Presencial,2,92000,60200
VTA001198,2026-07-24,CLI0032,PROD0049,VEN007,SUC006,Presencial,4,357600,245900
VTA001199,2025-03-27,CLI0050,PROD0041,VEN013,SUC009,Telefónico,1,203000,139800
VTA001200,2026-04-30,CLI0002,PROD0001,VEN008,SUC001,Presencial,5,431000,245000
VTA001201,2026-02-16,CLI0084,PROD0010,VEN005,SUC002,Presencial,2,301700,225100
VTA001202,2026-07-06,CLI0086,PROD0027,VEN020,SUC009,Presencial,10,114700,78100
VTA001203,2025-12-08,CLI0045,PROD0046,VEN008,SUC001,Web,10,522300,358100
VTA001204,2025-03-12,CLI0086,PROD0007,VEN018,SUC010,Presencial,7,606500,449100
VTA001205,2026-06-12,CLI0082,PROD0025,VEN004,SUC004,Presencial,2,77000,59700
VTA001206,2026-06-21,CLI0076,PROD0021,VEN001,SUC005,Presencial,2,820100,666500
VTA001207,2025-09-08,CLI0083,PROD0016,VEN013,SUC002,Presencial,3,134500,111400
VTA001208,2026-04-07,CLI0097,PROD0019,VEN001,SUC008,Web,11,728800,460500
VTA001209,2026-02-10,CLI0082,PROD0010,VEN011,SUC001,Presencial,10,352800,227600
VTA001210,2026-05-07,CLI0042,PROD0028,VEN001,SUC004,Presencial,6,438400,275400
VTA001211,2025-07-26,CLI0010,PROD0032,VEN019,SUC007,Presencial,9,316600,179300
VTA001212,2026-07-22,CLI0024,PROD0006,VEN010,SUC002,Web,11,258200,179400
VTA001213,2026-03-17,CLI0006,PROD0050,VEN013,SUC007,Web,3,256000,205100
VTA001214,2025-02-14,CLI0098,PROD0009,VEN006,SUC004,Web,8,781300,473000
VTA001215,2025-01-17,CLI0064,PROD0028,VEN002,SUC002,Telefónico,2,440100,276600
VTA001216,2026-04-16,CLI0016,PROD0010,VEN006,SUC004,Presencial,9,320600,223800
VTA001217,2025-01-21,CLI0086,PROD0013,VEN017,SUC006,Telefónico,8,523500,394100
VTA001218,2025-04-03,CLI0069,PROD0001,VEN014,SUC006,Web,11,426700,249000
VTA001219,2026-03-11,CLI0026,PROD0010,VEN010,SUC001,Web,1,315400,232400
VTA001220,2026-05-08,CLI0017,PROD0020,VEN001,SUC009,Presencial,12,486000,417100
VTA001221,2026-07-25,CLI0027,PROD0010,VEN015,SUC001,Web,6,334100,231900
VTA001222,2026-01-06,CLI0049,PROD0018,VEN020,SUC004,Telefónico,6,200500,147600
VTA001223,2026-06-08,CLI0045,PROD0038,VEN013,SUC009,Presencial,6,96200,59800
VTA001224,2026-03-28,CLI0092,PROD0026,VEN014,SUC002,Telefónico,5,567300,385900
VTA001225,2025-10-26,CLI0015,PROD0017,VEN016,SUC010,Web,12,201600,151000
VTA001226,2026-06-26,CLI0078,PROD0022,VEN014,SUC004,Presencial,4,466000,314800
VTA001227,2026-05-17,CLI0024,PROD0006,VEN011,SUC009,Web,12,271500,185100
VTA001228,2025-06-01,CLI0024,PROD0012,VEN001,SUC003,Presencial,8,425500,287800
VTA001229,2025-04-14,CLI0049,PROD0044,VEN015,SUC010,Web,3,751400,600600
VTA001230,2025-07-29,CLI0008,PROD0013,VEN006,SUC010,Presencial,5,535800,395100
VTA001231,2025-10-31,CLI0088,PROD0012,VEN008,SUC008,Web,5,415200,288700
VTA001232,2026-04-25,CLI0075,PROD0010,VEN007,SUC009,Presencial,3,333600,230800
VTA001233,2025-06-08,CLI0037,PROD0023,VEN014,SUC010,Telefónico,2,569700,400700
VTA001234,2026-03-09,CLI0075,PROD0023,VEN018,SUC003,Web,7,573800,409800
VTA001235,2026-07-10,CLI0007,PROD0015,VEN018,SUC001,Telefónico,9,168900,109000
VTA001236,2025-09-20,CLI0040,PROD0031,VEN016,SUC007,Web,11,271700,197100
VTA001237,2025-02-23,CLI0038,PROD0048,VEN004,SUC004,Presencial,1,19700,13200
VTA001238,2025-05-28,CLI0036,PROD0049,VEN006,SUC006,Web,5,334900,247400
VTA001239,2025-06-05,CLI0071,PROD0037,VEN006,SUC010,Web,12,251800,168600
VTA001240,2026-06-15,CLI0030,PROD0026,VEN002,SUC009,Presencial,5,496500,390100
VTA001241,2025-02-28,CLI0016,PROD0033,VEN018,SUC003,Presencial,8,260400,173700
VTA001242,2026-06-05,CLI0058,PROD0034,VEN014,SUC009,Web,12,539300,412100
VTA001243,2025-10-09,CLI0008,PROD0014,VEN017,SUC002,Presencial,6,59500,43300
VTA001244,2026-07-29,CLI0004,PROD0049,VEN013,SUC003,Web,12,347300,243800
VTA001245,2025-07-06,CLI0080,PROD0026,VEN004,SUC008,Web,1,545900,384900
VTA001246,2026-03-14,CLI0046,PROD0012,VEN005,SUC004,Presencial,10,418900,280500
VTA001247,2026-04-22,CLI0047,PROD0036,VEN001,SUC004,Telefónico,2,555300,321000
VTA001248,2025-02-25,CLI0086,PROD0038,VEN018,SUC008,Web,3,92000,59200
VTA001249,2025-08-22,CLI0076,PROD0037,VEN012,SUC007,Web,11,240600,162900
VTA001250,2026-07-12,CLI0057,PROD0033,VEN011,SUC005,Telefónico,3,249200,171400
VTA001251,2026-07-28,CLI0089,PROD0046,VEN013,SUC004,Presencial,2,536700,362900
VTA001252,2025-12-13,CLI0068,PROD0039,VEN019,SUC008,Web,8,343400,216500
VTA001253,2026-06-29,CLI0056,PROD0017,VEN001,SUC002,Presencial,8,216200,145300
VTA001254,2026-03-24,CLI0012,PROD0012,VEN005,SUC006,Presencial,9,402000,284000
VTA001255,2025-05-12,CLI0028,PROD0044,VEN007,SUC006,Presencial,9,830900,602200
VTA001256,2025-03-08,CLI0055,PROD0008,VEN016,SUC008,Web,2,584900,375900
VTA001257,2025-04-13,CLI0096,PROD0015,VEN002,SUC008,Presencial,7,162400,108800
VTA001258,2025-11-22,CLI0015,PROD0045,VEN014,SUC004,Telefónico,8,112500,91400
VTA001259,2026-07-04,CLI0100,PROD0005,VEN010,SUC010,Web,11,423000,300400
VTA001260,2025-02-07,CLI0081,PROD0047,VEN008,SUC005,Presencial,3,430700,350500
VTA001261,2026-06-19,CLI0083,PROD0017,VEN010,SUC005,Web,8,212300,145000
VTA001262,2025-12-19,CLI0015,PROD0001,VEN011,SUC005,Presencial,8,431900,249400
VTA001263,2026-03-09,CLI0029,PROD0020,VEN013,SUC010,Web,12,535700,407200
VTA001264,2026-05-24,CLI0079,PROD0030,VEN016,SUC009,Telefónico,10,604500,439400
VTA001265,2026-04-02,CLI0009,PROD0040,VEN010,SUC004,Telefónico,10,206200,148100
VTA001266,2025-09-15,CLI0072,PROD0036,VEN007,SUC008,Presencial,6,510000,324300
VTA001267,2026-07-02,CLI0069,PROD0020,VEN007,SUC002,Telefónico,7,545300,411400
VTA001268,2026-06-22,CLI0087,PROD0010,VEN018,SUC003,Web,11,343900,227500
VTA001269,2025-10-08,CLI0022,PROD0036,VEN017,SUC006,Presencial,9,490000,323700
VTA001270,2025-07-08,CLI0068,PROD0004,VEN015,SUC004,Presencial,4,408100,289800
VTA001271,2026-05-11,CLI0029,PROD0020,VEN007,SUC009,Presencial,9,516100,403100
VTA001272,2026-05-23,CLI0030,PROD0042,VEN009,SUC010,Telefónico,12,380600,284900
VTA001273,2026-04-21,CLI0023,PROD0017,VEN002,SUC008,Presencial,8,205100,150100
VTA001274,2026-02-28,CLI0039,PROD0034,VEN018,SUC002,Web,1,526400,422500
VTA001275,2025-05-23,CLI0093,PROD0012,VEN010,SUC003,Telefónico,5,399500,289700
VTA001276,2026-06-25,CLI0026,PROD0050,VEN002,SUC005,Presencial,12,260100,201100
VTA001277,2025-05-30,CLI0078,PROD0040,VEN013,SUC001,Presencial,7,214100,150400
VTA001278,2026-01-02,CLI0042,PROD0008,VEN013,SUC006,Web,6,596800,380500
VTA001279,2025-09-21,CLI0008,PROD0033,VEN019,SUC005,Telefónico,11,235800,174800
VTA001280,2025-03-26,CLI0037,PROD0042,VEN008,SUC007,Presencial,2,395600,279300
VTA001281,2025-08-11,CLI0068,PROD0012,VEN003,SUC010,Presencial,12,417800,286400
VTA001282,2026-01-28,CLI0059,PROD0026,VEN018,SUC007,Presencial,7,501200,379400
VTA001283,2025-07-06,CLI0002,PROD0022,VEN018,SUC008,Presencial,12,505100,323500
VTA001284,2025-01-01,CLI0066,PROD0029,VEN011,SUC002,Telefónico,11,696100,424400
VTA001285,2025-06-12,CLI0044,PROD0028,VEN018,SUC005,Presencial,4,440400,275700
VTA001286,2025-04-08,CLI0009,PROD0045,VEN002,SUC004,Telefónico,2,121300,91100
VTA001287,2025-08-03,CLI0056,PROD0003,VEN019,SUC005,Presencial,7,88600,62300
VTA001288,2025-12-24,CLI0085,PROD0045,VEN019,SUC002,Presencial,6,121700,91700
VTA001289,2025-08-09,CLI0064,PROD0002,VEN018,SUC009,Telefónico,8,424600,242500
VTA001290,2025-03-23,CLI0026,PROD0014,VEN013,SUC009,Web,2,59500,44200
VTA001291,2026-03-27,CLI0018,PROD0049,VEN020,SUC005,Web,12,329700,250600
VTA001292,2026-02-25,CLI0065,PROD0041,VEN005,SUC004,Presencial,11,218900,139200
VTA001293,2026-07-07,CLI0024,PROD0003,VEN008,SUC004,Presencial,10,79800,60000
VTA001294,2025-04-22,CLI0086,PROD0013,VEN008,SUC002,Presencial,12,470700,402000
VTA001295,2026-03-14,CLI0014,PROD0037,VEN013,SUC001,Presencial,3,233700,166900
VTA001296,2025-06-01,CLI0002,PROD0017,VEN018,SUC004,Web,4,215400,151000
VTA001297,2025-01-27,CLI0001,PROD0041,VEN004,SUC009,Telefónico,2,215800,138000
VTA001298,2025-12-28,CLI0069,PROD0009,VEN020,SUC006,Presencial,5,807900,457300
VTA001299,2026-05-12,CLI0061,PROD0048,VEN015,SUC004,Presencial,9,18600,13300
VTA001300,2026-04-25,CLI0088,PROD0011,VEN020,SUC002,Presencial,8,786900,668000
VTA001301,2025-10-31,CLI0062,PROD0032,VEN012,SUC009,Presencial,6,282600,184900
VTA001302,2026-02-18,CLI0051,PROD0018,VEN003,SUC001,Presencial,12,196600,151500
VTA001303,2026-04-22,CLI0022,PROD0036,VEN015,SUC007,Web,11,498400,318600
VTA001304,2025-03-24,CLI0053,PROD0041,VEN006,SUC009,Web,6,194200,140300
VTA001305,2025-11-26,CLI0077,PROD0011,VEN008,SUC009,Telefónico,4,789700,673600
VTA001306,2026-02-12,CLI0025,PROD0003,VEN013,SUC008,Web,1,81300,61700
VTA001307,2025-06-09,CLI0033,PROD0032,VEN016,SUC006,Web,8,292700,179600
VTA001308,2025-06-11,CLI0079,PROD0018,VEN015,SUC006,Web,10,188800,151100
VTA001309,2026-02-07,CLI0061,PROD0037,VEN008,SUC010,Presencial,4,253400,168800
VTA001310,2025-11-14,CLI0010,PROD0021,VEN016,SUC007,Presencial,4,798800,663500
VTA001311,2025-01-24,CLI0023,PROD0041,VEN001,SUC005,Presencial,3,204400,138900
VTA001312,2026-04-20,CLI0098,PROD0020,VEN019,SUC008,Web,9,524800,413400
VTA001313,2025-01-14,CLI0070,PROD0026,VEN009,SUC005,Telefónico,4,531800,387600
VTA001314,2025-07-28,CLI0044,PROD0049,VEN017,SUC010,Telefónico,6,336500,244900
VTA001315,2026-05-22,CLI0001,PROD0001,VEN010,SUC008,Presencial,2,397100,253300
VTA001316,2026-07-09,CLI0032,PROD0029,VEN017,SUC009,Presencial,11,638400,415600
VTA001317,2025-11-19,CLI0075,PROD0016,VEN011,SUC005,Web,5,134300,110400
VTA001318,2025-05-10,CLI0027,PROD0023,VEN015,SUC006,Presencial,4,616700,396600
VTA001319,2025-10-19,CLI0021,PROD0022,VEN014,SUC006,Web,2,494400,309800
VTA001320,2026-04-14,CLI0015,PROD0040,VEN007,SUC009,Web,8,223600,147200
VTA001321,2026-05-18,CLI0063,PROD0042,VEN012,SUC003,Presencial,10,405700,276100
VTA001322,2026-05-25,CLI0048,PROD0018,VEN015,SUC005,Presencial,4,211700,147500
VTA001323,2025-12-31,CLI0032,PROD0005,VEN001,SUC010,Presencial,5,461500,304900
VTA001324,2025-04-06,CLI0008,PROD0035,VEN019,SUC007,Presencial,3,761900,440900
VTA001325,2026-01-11,CLI0094,PROD0044,VEN010,SUC007,Telefónico,11,798400,581700
VTA001326,2026-07-19,CLI0021,PROD0049,VEN018,SUC005,Presencial,8,343100,242600
VTA001327,2025-11-02,CLI0030,PROD0038,VEN011,SUC010,Presencial,2,102700,58300
VTA001328,2025-08-12,CLI0053,PROD0009,VEN015,SUC010,Presencial,4,817600,476400
VTA001329,2025-12-10,CLI0019,PROD0045,VEN009,SUC001,Presencial,10,122600,91300
VTA001330,2025-02-24,CLI0027,PROD0003,VEN001,SUC007,Presencial,5,81700,60300
VTA001331,2026-05-24,CLI0002,PROD0004,VEN004,SUC003,Presencial,2,405700,292500
VTA001332,2026-04-28,CLI0021,PROD0024,VEN005,SUC008,Presencial,1,690900,595000
VTA001333,2025-06-16,CLI0077,PROD0032,VEN020,SUC008,Web,7,321800,182500
VTA001334,2026-06-07,CLI0020,PROD0005,VEN019,SUC010,Web,3,464900,305100
VTA001335,2025-11-06,CLI0083,PROD0018,VEN002,SUC003,Web,9,203600,148300
VTA001336,2026-03-15,CLI0022,PROD0023,VEN007,SUC003,Web,9,571500,405100
VTA001337,2026-05-04,CLI0028,PROD0049,VEN003,SUC007,Presencial,6,320400,250800
VTA001338,2025-03-18,CLI0056,PROD0010,VEN011,SUC010,Presencial,8,337700,225300
VTA001339,2025-05-31,CLI0039,PROD0014,VEN009,SUC005,Presencial,3,56900,43300
VTA001340,2026-06-18,CLI0062,PROD0011,VEN015,SUC010,Web,11,779700,692900
VTA001341,2025-10-11,CLI0042,PROD0037,VEN014,SUC002,Presencial,2,257800,167000
VTA001342,2026-01-11,CLI0006,PROD0009,VEN002,SUC004,Web,8,791900,478300
VTA001343,2025-07-14,CLI0070,PROD0050,VEN003,SUC001,Web,4,259000,207200
VTA001344,2025-09-13,CLI0085,PROD0050,VEN004,SUC002,Web,11,247200,206900
VTA001345,2025-10-22,CLI0033,PROD0014,VEN009,SUC008,Presencial,10,55800,43700
VTA001346,2025-02-02,CLI0076,PROD0016,VEN018,SUC006,Presencial,12,146600,109900
VTA001347,2025-04-22,CLI0080,PROD0045,VEN017,SUC005,Telefónico,11,113200,91800
VTA001348,2025-01-11,CLI0025,PROD0004,VEN007,SUC004,Telefónico,7,387400,292600
VTA001349,2026-03-22,CLI0058,PROD0045,VEN017,SUC001,Presencial,8,131500,94800
VTA001350,2026-05-01,CLI0041,PROD0043,VEN002,SUC005,Presencial,8,477300,358000
VTA001351,2026-05-11,CLI0023,PROD0039,VEN005,SUC003,Presencial,12,314900,208900
VTA001352,2025-04-08,CLI0026,PROD0027,VEN006,SUC005,Presencial,8,111900,75200
VTA001353,2025-11-22,CLI0055,PROD0017,VEN019,SUC004,Presencial,8,224700,146300
VTA001354,2026-05-18,CLI0044,PROD0044,VEN019,SUC004,Presencial,8,726100,593600
VTA001355,2025-08-29,CLI0095,PROD0026,VEN004,SUC010,Web,8,550100,386700
VTA001356,2025-12-18,CLI0017,PROD0045,VEN002,SUC003,Web,7,129200,93500
VTA001357,2026-02-17,CLI0010,PROD0036,VEN012,SUC002,Presencial,2,553200,322400
VTA001358,2025-09-14,CLI0096,PROD0050,VEN018,SUC006,Presencial,8,264900,202000
VTA001359,2025-09-10,CLI0094,PROD0002,VEN008,SUC002,Web,9,439700,237900
VTA001360,2025-03-19,CLI0083,PROD0011,VEN018,SUC003,Presencial,6,843100,672500
VTA001361,2025-01-13,CLI0055,PROD0003,VEN012,SUC002,Web,10,88700,59600
VTA001362,2025-08-18,CLI0073,PROD0025,VEN020,SUC010,Web,9,77700,60100
VTA001363,2025-12-12,CLI0040,PROD0038,VEN007,SUC004,Presencial,8,92700,59600
VTA001364,2026-01-19,CLI0042,PROD0050,VEN014,SUC008,Presencial,3,264200,200700
VTA001365,2025-07-17,CLI0086,PROD0035,VEN018,SUC007,Web,8,773000,448700
VTA001366,2026-01-19,CLI0010,PROD0012,VEN005,SUC006,Presencial,11,452300,286100
VTA001367,2025-03-03,CLI0042,PROD0044,VEN008,SUC007,Web,9,800700,579900
VTA001368,2025-09-05,CLI0076,PROD0019,VEN013,SUC009,Web,5,709700,467000
VTA001369,2025-11-07,CLI0081,PROD0006,VEN001,SUC006,Presencial,8,276200,180000
VTA001370,2025-06-03,CLI0081,PROD0048,VEN007,SUC008,Presencial,6,18700,13000
VTA001371,2025-05-06,CLI0015,PROD0011,VEN012,SUC009,Presencial,2,876200,692600
VTA001372,2025-08-21,CLI0009,PROD0036,VEN014,SUC005,Web,6,514700,323600
VTA001373,2025-01-18,CLI0052,PROD0046,VEN013,SUC002,Web,7,543800,358400
VTA001374,2026-05-04,CLI0062,PROD0011,VEN015,SUC004,Web,7,818600,696500
VTA001375,2025-04-21,CLI0084,PROD0040,VEN016,SUC003,Telefónico,11,237900,147000
VTA001376,2025-08-01,CLI0051,PROD0019,VEN001,SUC008,Presencial,12,706200,470800
VTA001377,2026-04-06,CLI0033,PROD0001,VEN018,SUC010,Presencial,8,385000,243100
VTA001378,2025-03-01,CLI0069,PROD0014,VEN012,SUC001,Web,7,56000,43900
VTA001379,2026-02-16,CLI0058,PROD0034,VEN006,SUC004,Presencial,1,597300,419000
VTA001380,2025-05-08,CLI0022,PROD0031,VEN016,SUC003,Telefónico,1,276600,197500
VTA001381,2025-12-22,CLI0013,PROD0027,VEN001,SUC009,Presencial,11,109300,78200
VTA001382,2026-05-17,CLI0097,PROD0049,VEN016,SUC002,Telefónico,9,321700,241800
VTA001383,2025-02-18,CLI0063,PROD0050,VEN001,SUC005,Presencial,6,280700,200400
VTA001384,2026-01-30,CLI0096,PROD0039,VEN013,SUC001,Web,2,335000,212800
VTA001385,2025-11-06,CLI0028,PROD0033,VEN003,SUC008,Presencial,2,231900,170300
VTA001386,2025-05-29,CLI0014,PROD0047,VEN015,SUC007,Web,11,464400,355400
VTA001387,2025-06-11,CLI0018,PROD0046,VEN014,SUC004,Presencial,6,559000,351000
VTA001388,2026-07-21,CLI0052,PROD0029,VEN012,SUC006,Telefónico,12,670900,424300
VTA001389,2026-07-23,CLI0056,PROD0024,VEN019,SUC002,Telefónico,10,766300,581300
VTA001390,2026-07-05,CLI0041,PROD0009,VEN019,SUC005,Telefónico,8,774700,465000
VTA001391,2026-03-26,CLI0012,PROD0048,VEN018,SUC002,Presencial,9,21300,13300
VTA001392,2025-09-09,CLI0030,PROD0001,VEN015,SUC009,Presencial,4,400500,245600
VTA001393,2025-01-31,CLI0038,PROD0036,VEN008,SUC003,Presencial,9,542900,320800
VTA001394,2025-02-07,CLI0045,PROD0017,VEN002,SUC004,Web,11,210800,146500
VTA001395,2026-03-01,CLI0035,PROD0001,VEN017,SUC003,Web,11,435300,252200
VTA001396,2026-05-11,CLI0064,PROD0043,VEN006,SUC003,Presencial,1,491200,350400
VTA001397,2026-06-02,CLI0050,PROD0006,VEN006,SUC004,Web,6,265600,179600
VTA001398,2025-10-14,CLI0094,PROD0031,VEN012,SUC002,Web,3,258300,202800
VTA001399,2025-01-25,CLI0009,PROD0022,VEN018,SUC005,Presencial,6,505300,324100
VTA001400,2025-10-06,CLI0070,PROD0001,VEN010,SUC008,Presencial,2,395200,252600
VTA001401,2025-07-09,CLI0053,PROD0011,VEN020,SUC001,Presencial,4,880000,676600
VTA001402,2025-04-27,CLI0075,PROD0004,VEN020,SUC007,Telefónico,12,351200,298400
VTA001403,2025-07-25,CLI0028,PROD0019,VEN015,SUC003,Presencial,9,734000,480700
VTA001404,2026-06-09,CLI0100,PROD0006,VEN001,SUC002,Web,12,286400,185600
VTA001405,2025-01-04,CLI0100,PROD0005,VEN001,SUC008,Web,4,436000,297800
VTA001406,2025-04-11,CLI0042,PROD0030,VEN001,SUC003,Web,6,584300,451500
VTA001407,2026-02-10,CLI0088,PROD0036,VEN010,SUC004,Web,5,557300,321500
VTA001408,2025-07-14,CLI0068,PROD0024,VEN006,SUC008,Web,10,704100,587500
VTA001409,2026-04-19,CLI0001,PROD0011,VEN011,SUC002,Presencial,12,802000,685000
VTA001410,2026-02-05,CLI0005,PROD0016,VEN003,SUC002,Presencial,10,147800,111900
VTA001411,2026-06-17,CLI0037,PROD0029,VEN012,SUC002,Presencial,12,625800,433400
VTA001412,2026-01-10,CLI0083,PROD0045,VEN015,SUC002,Web,8,130800,93100
VTA001413,2025-09-27,CLI0095,PROD0048,VEN014,SUC007,Presencial,10,21200,12700
VTA001414,2025-11-21,CLI0095,PROD0050,VEN004,SUC005,Presencial,12,271900,200800
VTA001415,2025-08-28,CLI0041,PROD0029,VEN004,SUC005,Web,8,643300,417200
VTA001416,2026-02-24,CLI0059,PROD0036,VEN018,SUC008,Web,9,499100,313400
VTA001417,2025-05-12,CLI0066,PROD0004,VEN007,SUC004,Presencial,1,379800,296000
VTA001418,2025-09-03,CLI0090,PROD0013,VEN004,SUC006,Presencial,9,492200,408800
VTA001419,2025-12-26,CLI0037,PROD0047,VEN017,SUC002,Web,3,458300,363100
VTA001420,2025-01-31,CLI0083,PROD0018,VEN006,SUC002,Presencial,5,189100,147300
VTA001421,2025-09-19,CLI0034,PROD0044,VEN011,SUC003,Presencial,10,821900,600200
VTA001422,2025-02-05,CLI0031,PROD0045,VEN016,SUC010,Web,10,126300,94200
VTA001423,2025-07-13,CLI0014,PROD0027,VEN010,SUC006,Telefónico,3,105700,76900
VTA001424,2026-03-20,CLI0058,PROD0023,VEN001,SUC007,Telefónico,1,601500,410300
VTA001425,2026-04-09,CLI0036,PROD0026,VEN011,SUC007,Telefónico,8,500800,392400
VTA001426,2025-05-28,CLI0028,PROD0010,VEN002,SUC006,Presencial,6,300900,230700
VTA001427,2026-06-24,CLI0074,PROD0032,VEN015,SUC008,Web,2,301500,180900
VTA001428,2025-02-13,CLI0099,PROD0023,VEN011,SUC007,Web,2,644900,403400
VTA001429,2025-06-14,CLI0009,PROD0010,VEN018,SUC002,Presencial,6,334700,227300
VTA001430,2025-04-28,CLI0041,PROD0033,VEN020,SUC006,Presencial,2,252200,173300
VTA001431,2026-02-28,CLI0056,PROD0034,VEN017,SUC001,Web,8,527700,411700
VTA001432,2025-01-14,CLI0017,PROD0029,VEN008,SUC002,Web,10,671000,416300
VTA001433,2025-10-23,CLI0028,PROD0028,VEN006,SUC008,Presencial,8,440400,278300
VTA001434,2026-03-16,CLI0037,PROD0003,VEN012,SUC007,Presencial,11,90400,59700
VTA001435,2025-12-24,CLI0095,PROD0033,VEN004,SUC004,Web,6,241600,169400
VTA001436,2025-08-31,CLI0049,PROD0047,VEN017,SUC008,Presencial,5,398400,348200
VTA001437,2025-05-23,CLI0069,PROD0029,VEN010,SUC001,Web,8,698300,428200
VTA001438,2026-05-12,CLI0001,PROD0039,VEN016,SUC002,Telefónico,6,351300,210200
VTA001439,2025-05-31,CLI0074,PROD0007,VEN002,SUC006,Web,9,553800,464300
VTA001440,2026-06-28,CLI0073,PROD0027,VEN015,SUC003,Web,2,111200,75500
VTA001441,2025-02-13,CLI0079,PROD0006,VEN018,SUC007,Web,7,282500,185400
VTA001442,2026-04-14,CLI0022,PROD0041,VEN004,SUC010,Presencial,6,199700,140800
VTA001443,2026-03-13,CLI0022,PROD0022,VEN008,SUC008,Web,8,514900,321100
VTA001444,2026-02-22,CLI0011,PROD0005,VEN013,SUC001,Web,12,447700,304600
VTA001445,2026-04-30,CLI0078,PROD0003,VEN016,SUC009,Presencial,7,79800,59600
VTA001446,2026-04-23,CLI0100,PROD0037,VEN014,SUC010,Web,8,246300,168900
VTA001447,2025-12-29,CLI0044,PROD0020,VEN002,SUC003,Web,2,524400,409200
VTA001448,2025-05-25,CLI0036,PROD0030,VEN020,SUC005,Telefónico,12,616700,453900
VTA001449,2025-07-30,CLI0069,PROD0035,VEN011,SUC005,Web,2,689100,450000
VTA001450,2026-04-16,CLI0059,PROD0049,VEN008,SUC003,Presencial,9,315800,244700
VTA001451,2026-06-03,CLI0053,PROD0006,VEN010,SUC004,Web,3,280400,179900
VTA001452,2025-07-28,CLI0021,PROD0047,VEN008,SUC007,Presencial,9,442100,358600
VTA001453,2025-12-02,CLI0043,PROD0013,VEN016,SUC008,Web,4,533900,396300
VTA001454,2026-02-13,CLI0048,PROD0040,VEN014,SUC006,Presencial,9,228800,152100
VTA001455,2026-07-23,CLI0098,PROD0015,VEN004,SUC009,Presencial,6,186400,106200
VTA001456,2026-04-11,CLI0049,PROD0013,VEN015,SUC003,Presencial,1,480900,397600
VTA001457,2026-04-27,CLI0037,PROD0038,VEN002,SUC004,Presencial,1,100600,57800
VTA001458,2026-07-30,CLI0088,PROD0002,VEN001,SUC003,Web,7,452600,239100
VTA001459,2025-06-27,CLI0085,PROD0040,VEN002,SUC010,Presencial,2,210500,150500
VTA001460,2025-07-17,CLI0042,PROD0008,VEN003,SUC009,Presencial,7,658700,382200
VTA001461,2026-06-18,CLI0074,PROD0013,VEN002,SUC001,Web,6,492000,395200
VTA001462,2026-06-15,CLI0080,PROD0038,VEN009,SUC003,Web,7,94300,60200
VTA001463,2025-12-29,CLI0008,PROD0045,VEN004,SUC004,Presencial,10,130900,92800
VTA001464,2025-01-28,CLI0072,PROD0046,VEN008,SUC006,Presencial,7,557800,363800
VTA001465,2026-02-13,CLI0080,PROD0039,VEN003,SUC006,Presencial,8,303700,216400
VTA001466,2025-12-02,CLI0010,PROD0005,VEN019,SUC010,Web,11,440800,310500
VTA001467,2026-03-14,CLI0079,PROD0047,VEN007,SUC009,Web,7,410100,361600
VTA001468,2025-11-27,CLI0055,PROD0008,VEN008,SUC002,Presencial,8,619500,376500
VTA001469,2026-07-14,CLI0040,PROD0009,VEN009,SUC004,Telefónico,8,805300,476400
VTA001470,2025-10-07,CLI0080,PROD0018,VEN010,SUC006,Presencial,9,195200,152700
VTA001471,2026-01-27,CLI0031,PROD0020,VEN007,SUC001,Presencial,10,498000,401300
VTA001472,2025-05-30,CLI0085,PROD0042,VEN011,SUC008,Web,8,396300,281000
VTA001473,2025-01-18,CLI0057,PROD0007,VEN001,SUC003,Presencial,9,568700,450100
VTA001474,2025-01-31,CLI0030,PROD0029,VEN001,SUC007,Web,9,693500,421600
VTA001475,2026-03-22,CLI0048,PROD0002,VEN012,SUC009,Telefónico,11,409300,244200
VTA001476,2025-03-02,CLI0035,PROD0031,VEN004,SUC007,Presencial,6,286500,200800
VTA001477,2026-03-16,CLI0067,PROD0011,VEN013,SUC005,Web,8,851000,687100
VTA001478,2026-02-01,CLI0001,PROD0019,VEN009,SUC005,Presencial,8,638100,462000
VTA001479,2025-05-06,CLI0077,PROD0031,VEN011,SUC010,Web,5,290700,201200
VTA001480,2026-06-19,CLI0057,PROD0002,VEN002,SUC007,Presencial,1,435600,239000
VTA001481,2026-01-03,CLI0043,PROD0049,VEN015,SUC002,Web,11,330900,244700
VTA001482,2025-04-01,CLI0007,PROD0001,VEN006,SUC005,Presencial,12,389800,250700
VTA001483,2025-10-11,CLI0094,PROD0048,VEN006,SUC006,Presencial,10,20100,13200
VTA001484,2025-04-27,CLI0052,PROD0049,VEN019,SUC004,Web,7,363400,253000
VTA001485,2026-01-21,CLI0070,PROD0037,VEN001,SUC003,Web,9,242500,168800
VTA001486,2025-03-04,CLI0068,PROD0028,VEN006,SUC002,Web,7,425600,273500
VTA001487,2026-07-05,CLI0009,PROD0006,VEN017,SUC005,Telefónico,5,286600,183300
VTA001488,2025-03-22,CLI0061,PROD0006,VEN008,SUC003,Presencial,3,282800,183300
VTA001489,2025-09-26,CLI0054,PROD0040,VEN009,SUC010,Telefónico,6,236400,150300
VTA001490,2025-03-15,CLI0034,PROD0021,VEN001,SUC001,Presencial,2,875400,661500
VTA001491,2026-07-16,CLI0055,PROD0044,VEN005,SUC003,Web,2,789900,584200
VTA001492,2025-08-24,CLI0050,PROD0041,VEN015,SUC006,Telefónico,11,211900,138700
VTA001493,2025-01-22,CLI0023,PROD0016,VEN001,SUC003,Presencial,2,140400,113400
VTA001494,2025-11-13,CLI0081,PROD0046,VEN012,SUC009,Presencial,3,566000,358700
VTA001495,2025-05-05,CLI0087,PROD0049,VEN003,SUC003,Telefónico,9,347400,245700
VTA001496,2026-01-06,CLI0084,PROD0041,VEN004,SUC006,Web,10,223800,139400
VTA001497,2025-02-09,CLI0043,PROD0036,VEN015,SUC008,Presencial,11,547000,319500
VTA001498,2025-10-30,CLI0049,PROD0016,VEN004,SUC005,Web,1,140000,109600
VTA001499,2026-03-07,CLI0012,PROD0046,VEN012,SUC001,Web,6,598600,361000
VTA001500,2026-04-11,CLI0066,PROD0049,VEN002,SUC005,Web,11,346700,248800
VTA001501,2025-05-12,CLI0015,PROD0018,VEN003,SUC003,Web,7,187900,149800
VTA001502,2025-01-26,CLI0085,PROD0024,VEN006,SUC003,Web,4,779600,597900
VTA001503,2026-04-13,CLI0056,PROD0014,VEN015,SUC004,Presencial,10,55500,44200
VTA001504,2025-02-25,CLI0014,PROD0012,VEN015,SUC008,Web,2,400900,284000
VTA001505,2025-03-20,CLI0059,PROD0003,VEN011,SUC003,Telefónico,11,84100,59500
VTA001506,2026-02-08,CLI0009,PROD0007,VEN002,SUC008,Presencial,10,623900,446800
VTA001507,2026-07-31,CLI0098,PROD0027,VEN020,SUC008,Presencial,6,101100,77700
VTA001508,2025-02-09,CLI0100,PROD0004,VEN011,SUC007,Presencial,5,404600,293300
VTA001509,2026-01-18,CLI0037,PROD0011,VEN018,SUC005,Telefónico,2,864700,679200
VTA001510,2025-02-14,CLI0008,PROD0030,VEN018,SUC001,Telefónico,6,590700,454200
VTA001511,2026-04-05,CLI0079,PROD0011,VEN006,SUC003,Presencial,8,781900,681000
VTA001512,2025-10-26,CLI0047,PROD0046,VEN020,SUC002,Presencial,3,566700,349800
VTA001513,2026-06-04,CLI0097,PROD0015,VEN016,SUC003,Presencial,7,163500,111300
VTA001514,2026-07-30,CLI0073,PROD0047,VEN002,SUC008,Presencial,6,439300,365400
VTA001515,2026-03-27,CLI0051,PROD0022,VEN018,SUC006,Telefónico,4,466500,311600
VTA001516,2026-05-10,CLI0057,PROD0010,VEN004,SUC009,Presencial,12,342900,234200
VTA001517,2025-09-20,CLI0022,PROD0044,VEN008,SUC009,Presencial,11,719500,586000
VTA001518,2025-03-25,CLI0059,PROD0004,VEN014,SUC006,Web,6,398400,288500
VTA001519,2025-04-25,CLI0065,PROD0029,VEN012,SUC002,Presencial,12,662900,427900
VTA001520,2025-09-19,CLI0014,PROD0002,VEN011,SUC004,Web,2,416400,244200
VTA001521,2026-04-27,CLI0011,PROD0021,VEN011,SUC009,Telefónico,12,837200,669200
VTA001522,2025-03-22,CLI0073,PROD0033,VEN014,SUC009,Web,1,261000,168900
VTA001523,2025-10-15,CLI0088,PROD0037,VEN006,SUC001,Web,7,256400,162800
VTA001524,2026-06-13,CLI0059,PROD0018,VEN002,SUC007,Presencial,3,194900,148000
VTA001525,2026-07-19,CLI0070,PROD0017,VEN015,SUC003,Presencial,12,195000,147800
VTA001526,2025-05-31,CLI0068,PROD0050,VEN010,SUC001,Web,9,281600,202100
VTA001527,2025-01-24,CLI0078,PROD0007,VEN015,SUC002,Web,5,558200,448100
VTA001528,2026-05-10,CLI0082,PROD0014,VEN001,SUC005,Telefónico,5,54400,43800
VTA001529,2026-04-28,CLI0085,PROD0002,VEN017,SUC010,Presencial,8,436300,244500
VTA001530,2025-11-18,CLI0079,PROD0029,VEN002,SUC006,Web,3,676400,415900
VTA001531,2025-09-11,CLI0020,PROD0020,VEN001,SUC010,Web,9,532900,409500
VTA001532,2026-02-03,CLI0015,PROD0005,VEN011,SUC005,Web,9,437800,298000
VTA001533,2026-02-02,CLI0018,PROD0047,VEN019,SUC005,Telefónico,7,410100,349000
VTA001534,2026-05-22,CLI0054,PROD0042,VEN006,SUC007,Presencial,3,409900,286900
VTA001535,2025-08-15,CLI0005,PROD0045,VEN017,SUC007,Presencial,1,120700,91900
VTA001536,2025-11-25,CLI0077,PROD0044,VEN020,SUC005,Presencial,7,765100,606500
VTA001537,2026-01-16,CLI0043,PROD0035,VEN002,SUC005,Presencial,4,670700,439400
VTA001538,2026-01-17,CLI0061,PROD0043,VEN004,SUC004,Web,1,460700,362900
VTA001539,2026-01-11,CLI0034,PROD0038,VEN003,SUC002,Presencial,11,95400,59700
VTA001540,2025-12-18,CLI0081,PROD0010,VEN013,SUC008,Presencial,8,302300,224500
VTA001541,2025-08-08,CLI0050,PROD0003,VEN013,SUC006,Presencial,10,84700,60500
VTA001542,2025-06-24,CLI0040,PROD0024,VEN002,SUC002,Telefónico,2,723800,582200
VTA001543,2025-03-04,CLI0029,PROD0034,VEN009,SUC003,Telefónico,3,570800,419400
VTA001544,2026-06-09,CLI0061,PROD0045,VEN004,SUC002,Presencial,5,116500,94000
VTA001545,2026-07-01,CLI0022,PROD0041,VEN020,SUC001,Presencial,12,221700,142900
VTA001546,2025-10-01,CLI0054,PROD0015,VEN017,SUC005,Telefónico,1,163800,109200
VTA001547,2025-09-08,CLI0014,PROD0008,VEN006,SUC009,Presencial,9,659100,380600
VTA001548,2025-02-23,CLI0024,PROD0047,VEN009,SUC007,Presencial,9,438100,361300
VTA001549,2026-07-15,CLI0019,PROD0016,VEN014,SUC004,Presencial,2,143000,109200
VTA001550,2026-03-25,CLI0022,PROD0021,VEN011,SUC005,Web,1,815600,675500
VTA001551,2025-11-21,CLI0038,PROD0002,VEN009,SUC003,Web,8,444200,243200
VTA001552,2026-02-12,CLI0085,PROD0002,VEN010,SUC007,Telefónico,2,405400,236200
VTA001553,2025-02-13,CLI0087,PROD0013,VEN020,SUC010,Telefónico,9,475400,390900
VTA001554,2025-11-02,CLI0070,PROD0025,VEN012,SUC006,Web,11,71000,60600
VTA001555,2026-06-21,CLI0080,PROD0017,VEN012,SUC005,Web,10,204800,151600
VTA001556,2025-12-18,CLI0036,PROD0028,VEN001,SUC004,Web,11,471500,278500
VTA001557,2025-05-14,CLI0044,PROD0045,VEN010,SUC009,Telefónico,1,125500,94200
VTA001558,2026-02-13,CLI0086,PROD0004,VEN020,SUC002,Web,5,356700,292200
VTA001559,2026-04-30,CLI0065,PROD0042,VEN017,SUC010,Web,1,418600,279400
VTA001560,2025-05-11,CLI0030,PROD0024,VEN006,SUC002,Telefónico,7,703000,575000
VTA001561,2026-06-16,CLI0095,PROD0038,VEN017,SUC003,Web,4,96800,58500
VTA001562,2026-04-22,CLI0039,PROD0004,VEN004,SUC003,Presencial,12,383000,296800
VTA001563,2025-03-27,CLI0005,PROD0024,VEN019,SUC002,Presencial,8,734000,591800
VTA001564,2026-07-02,CLI0020,PROD0028,VEN014,SUC009,Web,9,466100,270900
VTA001565,2026-01-01,CLI0031,PROD0035,VEN006,SUC010,Presencial,5,744900,445900
VTA001566,2026-06-18,CLI0015,PROD0048,VEN012,SUC005,Presencial,2,19300,12800
VTA001567,2025-01-12,CLI0018,PROD0006,VEN003,SUC005,Web,10,296400,182500
VTA001568,2026-04-07,CLI0023,PROD0040,VEN015,SUC007,Telefónico,12,206600,147900
VTA001569,2025-03-21,CLI0027,PROD0015,VEN002,SUC009,Presencial,12,167600,108700
VTA001570,2026-04-22,CLI0058,PROD0016,VEN011,SUC004,Telefónico,3,144500,113200
VTA001571,2025-02-19,CLI0022,PROD0014,VEN007,SUC006,Presencial,10,58400,43100
VTA001572,2025-07-10,CLI0085,PROD0024,VEN020,SUC005,Presencial,2,770800,594600
VTA001573,2025-10-22,CLI0039,PROD0001,VEN020,SUC004,Telefónico,8,384700,249400
VTA001574,2025-03-01,CLI0082,PROD0042,VEN016,SUC001,Presencial,10,409700,280800
VTA001575,2025-04-05,CLI0100,PROD0014,VEN004,SUC001,Presencial,4,56000,44200
VTA001576,2026-06-30,CLI0040,PROD0035,VEN007,SUC006,Web,4,720800,439300
VTA001577,2025-02-04,CLI0058,PROD0006,VEN020,SUC005,Presencial,6,288300,186300
VTA001578,2025-06-15,CLI0037,PROD0048,VEN001,SUC007,Presencial,9,18400,12800
VTA001579,2026-03-17,CLI0081,PROD0023,VEN002,SUC007,Presencial,7,633300,410900
VTA001580,2026-04-22,CLI0093,PROD0049,VEN019,SUC004,Web,9,334000,252000
VTA001581,2026-03-28,CLI0092,PROD0029,VEN010,SUC006,Web,8,702900,430400
VTA001582,2026-03-22,CLI0003,PROD0037,VEN012,SUC002,Presencial,6,241200,163900
VTA001583,2025-05-10,CLI0080,PROD0048,VEN010,SUC004,Telefónico,7,19700,13000
VTA001584,2025-06-18,CLI0016,PROD0033,VEN014,SUC009,Presencial,8,244900,172700
VTA001585,2026-03-22,CLI0056,PROD0017,VEN006,SUC008,Web,7,198000,145300
VTA001586,2025-04-18,CLI0071,PROD0021,VEN005,SUC008,Presencial,3,866200,656300
VTA001587,2026-05-25,CLI0026,PROD0007,VEN013,SUC009,Web,3,577400,459300
VTA001588,2026-05-03,CLI0085,PROD0039,VEN013,SUC010,Telefónico,7,304100,218700
VTA001589,2025-03-30,CLI0071,PROD0011,VEN019,SUC010,Web,7,806500,681800
VTA001590,2025-11-28,CLI0089,PROD0008,VEN015,SUC001,Telefónico,1,582000,383000
VTA001591,2025-07-10,CLI0020,PROD0031,VEN007,SUC002,Web,3,286200,205700
VTA001592,2025-01-23,CLI0080,PROD0017,VEN001,SUC010,Web,8,220100,149900
VTA001593,2025-08-08,CLI0064,PROD0015,VEN002,SUC006,Web,6,183400,111500
VTA001594,2025-09-18,CLI0072,PROD0029,VEN003,SUC009,Telefónico,11,721900,432600
VTA001595,2026-03-03,CLI0090,PROD0036,VEN001,SUC005,Presencial,12,541200,327700
VTA001596,2026-04-01,CLI0094,PROD0023,VEN018,SUC009,Web,8,580900,406000
VTA001597,2025-12-11,CLI0091,PROD0013,VEN019,SUC001,Telefónico,7,477300,400800
VTA001598,2025-07-06,CLI0082,PROD0024,VEN019,SUC003,Web,1,773100,574400
VTA001599,2025-06-29,CLI0016,PROD0049,VEN010,SUC007,Telefónico,5,327600,249700
VTA001600,2025-02-26,CLI0041,PROD0002,VEN011,SUC004,Presencial,4,408500,244300
VTA001601,2026-06-17,CLI0032,PROD0003,VEN004,SUC005,Web,12,85100,59400
VTA001602,2025-12-04,CLI0083,PROD0012,VEN017,SUC002,Presencial,5,422300,278600
VTA001603,2025-03-28,CLI0034,PROD0026,VEN015,SUC010,Web,9,545300,385900
VTA001604,2026-01-26,CLI0073,PROD0004,VEN001,SUC001,Presencial,3,356200,290200
VTA001605,2025-07-20,CLI0036,PROD0033,VEN008,SUC006,Presencial,8,242300,169500
VTA001606,2026-06-15,CLI0091,PROD0039,VEN010,SUC006,Web,2,338100,209300
VTA001607,2025-05-27,CLI0099,PROD0002,VEN009,SUC004,Web,7,457300,242800
VTA001608,2026-05-08,CLI0018,PROD0007,VEN019,SUC004,Presencial,3,575700,466000
VTA001609,2026-02-12,CLI0030,PROD0038,VEN010,SUC001,Presencial,4,93800,60500
VTA001610,2025-07-27,CLI0076,PROD0036,VEN001,SUC006,Telefónico,6,524300,325700
VTA001611,2026-05-11,CLI0004,PROD0012,VEN006,SUC003,Presencial,6,455000,282900
VTA001612,2026-04-22,CLI0032,PROD0046,VEN020,SUC007,Presencial,1,526300,364300
VTA001613,2025-08-22,CLI0080,PROD0030,VEN003,SUC005,Web,7,609600,445700
VTA001614,2025-05-06,CLI0022,PROD0002,VEN006,SUC010,Web,8,418900,243100
VTA001615,2025-02-22,CLI0017,PROD0021,VEN008,SUC010,Web,2,836400,675300
VTA001616,2025-04-14,CLI0031,PROD0012,VEN019,SUC003,Web,3,396300,282000
VTA001617,2026-03-19,CLI0050,PROD0011,VEN006,SUC002,Web,2,898500,693700
VTA001618,2025-03-07,CLI0078,PROD0021,VEN007,SUC001,Presencial,11,807900,677600
VTA001619,2026-06-21,CLI0060,PROD0049,VEN020,SUC005,Web,11,335400,253200
VTA001620,2026-01-18,CLI0081,PROD0038,VEN007,SUC002,Presencial,4,101900,58500
VTA001621,2026-07-01,CLI0010,PROD0015,VEN014,SUC008,Presencial,5,171000,108300
VTA001622,2026-07-07,CLI0027,PROD0048,VEN015,SUC004,Web,1,20200,12700
VTA001623,2026-02-24,CLI0078,PROD0001,VEN004,SUC008,Telefónico,7,436000,255200
VTA001624,2025-09-14,CLI0079,PROD0005,VEN010,SUC002,Presencial,4,413300,302300
VTA001625,2026-03-08,CLI0096,PROD0024,VEN017,SUC008,Presencial,7,765500,594200
VTA001626,2026-05-15,CLI0060,PROD0048,VEN012,SUC009,Telefónico,5,20700,12900
VTA001627,2026-03-21,CLI0043,PROD0012,VEN004,SUC005,Web,8,417500,283600
VTA001628,2025-03-18,CLI0093,PROD0045,VEN007,SUC002,Web,11,112500,93000
VTA001629,2025-08-30,CLI0037,PROD0014,VEN013,SUC001,Presencial,2,56100,44100
VTA001630,2025-12-16,CLI0002,PROD0002,VEN004,SUC007,Presencial,9,451100,240600
VTA001631,2026-02-26,CLI0065,PROD0038,VEN010,SUC004,Presencial,4,91000,60500
VTA001632,2026-07-30,CLI0073,PROD0011,VEN012,SUC010,Web,1,801900,675300
VTA001633,2026-03-28,CLI0034,PROD0037,VEN015,SUC006,Web,4,257100,166600
VTA001634,2025-01-10,CLI0065,PROD0039,VEN012,SUC005,Presencial,10,302900,218500
VTA001635,2025-09-24,CLI0037,PROD0019,VEN012,SUC008,Telefónico,12,653500,477400
VTA001636,2025-04-09,CLI0065,PROD0029,VEN007,SUC010,Web,5,698800,420900
VTA001637,2025-10-03,CLI0099,PROD0014,VEN017,SUC010,Presencial,7,56600,43300
VTA001638,2026-01-01,CLI0086,PROD0013,VEN013,SUC003,Web,4,471100,407100
VTA001639,2025-10-25,CLI0046,PROD0048,VEN019,SUC004,Web,10,20800,13200
VTA001640,2026-04-26,CLI0096,PROD0009,VEN005,SUC004,Web,10,842000,465500
VTA001641,2025-12-23,CLI0058,PROD0017,VEN015,SUC005,Web,8,224000,147700
VTA001642,2025-07-09,CLI0092,PROD0042,VEN010,SUC001,Presencial,8,388000,277500
VTA001643,2026-04-08,CLI0055,PROD0045,VEN001,SUC006,Web,10,116600,95100
VTA001644,2026-07-31,CLI0098,PROD0028,VEN002,SUC008,Web,10,475100,276600
VTA001645,2025-12-23,CLI0089,PROD0005,VEN015,SUC006,Web,4,457400,301400
VTA001646,2025-11-04,CLI0045,PROD0010,VEN009,SUC003,Telefónico,7,351900,234300
VTA001647,2025-11-27,CLI0091,PROD0020,VEN009,SUC010,Web,5,528100,412500
VTA001648,2025-11-08,CLI0100,PROD0043,VEN003,SUC004,Presencial,10,442800,364600
VTA001649,2025-10-24,CLI0023,PROD0033,VEN011,SUC004,Presencial,8,247900,169800
VTA001650,2026-01-13,CLI0031,PROD0023,VEN012,SUC008,Web,2,622600,395400
VTA001651,2026-05-03,CLI0056,PROD0038,VEN012,SUC008,Presencial,5,97500,59200
VTA001652,2025-11-10,CLI0043,PROD0044,VEN016,SUC008,Presencial,4,797500,591800
VTA001653,2026-02-28,CLI0022,PROD0002,VEN014,SUC008,Telefónico,3,448100,242400
VTA001654,2026-02-12,CLI0023,PROD0037,VEN012,SUC007,Web,5,232600,163400
VTA001655,2025-06-28,CLI0098,PROD0016,VEN004,SUC010,Presencial,7,132700,113200
VTA001656,2026-01-22,CLI0085,PROD0026,VEN017,SUC008,Web,6,562900,385500
VTA001657,2025-01-11,CLI0044,PROD0041,VEN009,SUC005,Web,7,206700,141600
VTA001658,2026-05-05,CLI0071,PROD0020,VEN002,SUC007,Presencial,9,511200,405100
VTA001659,2026-07-18,CLI0096,PROD0018,VEN012,SUC007,Presencial,1,209100,148200
VTA001660,2026-02-27,CLI0001,PROD0014,VEN008,SUC007,Presencial,6,56500,43300
VTA001661,2026-06-23,CLI0092,PROD0012,VEN004,SUC003,Telefónico,6,441700,287800
VTA001662,2025-09-23,CLI0007,PROD0016,VEN008,SUC006,Telefónico,10,148200,109200
VTA001663,2025-07-29,CLI0010,PROD0040,VEN016,SUC003,Web,12,236600,153500
VTA001664,2026-04-12,CLI0080,PROD0048,VEN013,SUC003,Web,5,19300,12700
VTA001665,2025-02-03,CLI0070,PROD0007,VEN019,SUC007,Web,2,571900,458600
VTA001666,2026-07-18,CLI0030,PROD0003,VEN009,SUC005,Web,9,90900,61400
VTA001667,2026-03-17,CLI0068,PROD0034,VEN011,SUC002,Telefónico,1,597100,409000
VTA001668,2025-02-08,CLI0056,PROD0027,VEN002,SUC009,Web,5,102000,75700
VTA001669,2025-03-04,CLI0009,PROD0021,VEN009,SUC008,Presencial,11,772200,663000
VTA001670,2025-05-17,CLI0062,PROD0016,VEN019,SUC003,Web,1,140900,113300
VTA001671,2025-07-06,CLI0049,PROD0034,VEN010,SUC009,Presencial,11,518600,422900
VTA001672,2026-03-22,CLI0035,PROD0042,VEN020,SUC002,Web,4,387400,276200
VTA001673,2026-06-17,CLI0009,PROD0016,VEN004,SUC008,Web,10,149900,111000
VTA001674,2026-02-13,CLI0026,PROD0046,VEN006,SUC001,Web,8,536100,356700
VTA001675,2025-11-01,CLI0048,PROD0047,VEN012,SUC006,Web,11,442600,361500
VTA001676,2025-06-29,CLI0056,PROD0037,VEN011,SUC002,Web,7,231100,166800
VTA001677,2025-02-19,CLI0010,PROD0027,VEN014,SUC007,Web,2,99700,76300
VTA001678,2026-02-11,CLI0095,PROD0030,VEN014,SUC001,Presencial,6,622700,455600
VTA001679,2025-02-27,CLI0022,PROD0041,VEN017,SUC010,Web,6,222900,137400
VTA001680,2025-05-20,CLI0080,PROD0032,VEN002,SUC003,Presencial,10,330200,184900
VTA001681,2025-06-30,CLI0072,PROD0038,VEN004,SUC010,Web,3,89200,60300
VTA001682,2025-02-04,CLI0048,PROD0020,VEN008,SUC005,Presencial,2,521900,416800
VTA001683,2025-03-24,CLI0006,PROD0015,VEN002,SUC002,Presencial,4,166300,110000
VTA001684,2026-03-01,CLI0001,PROD0008,VEN016,SUC001,Telefónico,3,618200,379400
VTA001685,2025-10-06,CLI0044,PROD0009,VEN014,SUC009,Web,7,855400,457700
VTA001686,2025-04-27,CLI0006,PROD0028,VEN004,SUC002,Presencial,5,485100,270300
VTA001687,2026-02-08,CLI0098,PROD0033,VEN014,SUC010,Presencial,2,250000,171200
VTA001688,2025-08-17,CLI0065,PROD0025,VEN007,SUC005,Presencial,7,78700,59100
VTA001689,2025-03-19,CLI0077,PROD0050,VEN005,SUC008,Web,10,262100,206400
VTA001690,2026-01-20,CLI0067,PROD0011,VEN019,SUC005,Presencial,10,793800,694700
VTA001691,2025-05-04,CLI0057,PROD0002,VEN012,SUC008,Presencial,8,442200,240800
VTA001692,2025-08-19,CLI0031,PROD0038,VEN007,SUC009,Web,10,100100,59400
VTA001693,2026-06-17,CLI0096,PROD0023,VEN008,SUC003,Presencial,5,581800,413900
VTA001694,2026-06-27,CLI0073,PROD0046,VEN009,SUC006,Web,11,521300,360900
VTA001695,2025-12-03,CLI0065,PROD0017,VEN012,SUC008,Web,4,218700,148300
VTA001696,2025-04-14,CLI0055,PROD0046,VEN007,SUC008,Web,6,559100,358900
VTA001697,2026-03-18,CLI0017,PROD0024,VEN018,SUC008,Telefónico,5,709000,583700
VTA001698,2025-04-18,CLI0025,PROD0009,VEN012,SUC006,Web,1,815300,470100
VTA001699,2025-09-08,CLI0014,PROD0020,VEN001,SUC002,Presencial,9,495800,402200
VTA001700,2026-04-19,CLI0096,PROD0027,VEN006,SUC008,Presencial,6,105500,75700
VTA001701,2026-04-20,CLI0045,PROD0024,VEN020,SUC008,Presencial,9,787100,572900
VTA001702,2025-11-25,CLI0002,PROD0028,VEN001,SUC008,Web,2,485900,275000
VTA001703,2026-01-11,CLI0009,PROD0010,VEN010,SUC005,Web,6,321200,231700
VTA001704,2025-03-06,CLI0053,PROD0040,VEN001,SUC007,Web,2,208200,149200
VTA001705,2026-06-24,CLI0049,PROD0034,VEN003,SUC001,Presencial,8,566300,419200
VTA001706,2025-05-23,CLI0036,PROD0018,VEN004,SUC008,Presencial,10,209800,150500
VTA001707,2026-04-16,CLI0004,PROD0022,VEN003,SUC005,Presencial,1,528700,320500
VTA001708,2025-05-10,CLI0066,PROD0021,VEN009,SUC010,Presencial,2,875200,665400
VTA001709,2025-04-01,CLI0044,PROD0027,VEN007,SUC001,Telefónico,7,100700,75500
VTA001710,2025-08-02,CLI0066,PROD0031,VEN001,SUC009,Presencial,9,255000,201100
VTA001711,2025-01-22,CLI0038,PROD0044,VEN006,SUC001,Presencial,12,757600,585200
VTA001712,2026-05-24,CLI0079,PROD0049,VEN007,SUC005,Web,3,334300,244500
VTA001713,2025-04-07,CLI0051,PROD0046,VEN011,SUC006,Presencial,7,556200,357800
VTA001714,2025-12-23,CLI0037,PROD0008,VEN002,SUC007,Presencial,8,601900,376600
VTA001715,2026-03-30,CLI0057,PROD0038,VEN004,SUC008,Presencial,6,95700,58800
VTA001716,2026-01-15,CLI0019,PROD0028,VEN010,SUC006,Web,10,486600,279300
VTA001717,2025-07-09,CLI0056,PROD0032,VEN009,SUC003,Web,10,297800,186000
VTA001718,2025-09-26,CLI0023,PROD0033,VEN017,SUC003,Telefónico,5,241100,173000
VTA001719,2025-12-13,CLI0075,PROD0022,VEN019,SUC003,Presencial,1,504400,313200
VTA001720,2026-04-03,CLI0056,PROD0035,VEN007,SUC003,Presencial,10,695000,451900
VTA001721,2026-02-14,CLI0065,PROD0026,VEN017,SUC005,Presencial,10,545100,377000
VTA001722,2025-06-16,CLI0028,PROD0035,VEN011,SUC009,Presencial,3,713100,450400
VTA001723,2026-06-30,CLI0095,PROD0048,VEN011,SUC003,Web,4,20100,12700
VTA001724,2026-02-25,CLI0087,PROD0006,VEN014,SUC006,Presencial,7,255100,187000
VTA001725,2026-07-22,CLI0014,PROD0041,VEN004,SUC009,Web,7,210600,137400
VTA001726,2025-11-21,CLI0085,PROD0026,VEN005,SUC002,Presencial,2,515900,381400
VTA001727,2025-07-16,CLI0016,PROD0007,VEN014,SUC006,Presencial,3,578000,451600
VTA001728,2025-08-14,CLI0006,PROD0032,VEN006,SUC002,Presencial,4,283700,182600
VTA001729,2026-04-05,CLI0050,PROD0007,VEN016,SUC005,Presencial,11,562800,465100
VTA001730,2025-07-15,CLI0010,PROD0044,VEN003,SUC004,Telefónico,11,793900,600500
VTA001731,2025-06-11,CLI0017,PROD0018,VEN011,SUC004,Presencial,3,209100,148800
VTA001732,2025-10-30,CLI0074,PROD0036,VEN009,SUC004,Telefónico,10,487000,327400
VTA001733,2025-09-02,CLI0035,PROD0022,VEN003,SUC008,Telefónico,12,504800,310500
VTA001734,2025-01-11,CLI0006,PROD0029,VEN008,SUC006,Presencial,8,669000,419000
VTA001735,2025-10-15,CLI0083,PROD0021,VEN005,SUC005,Web,9,791500,658100
VTA001736,2025-10-04,CLI0002,PROD0046,VEN004,SUC007,Web,9,586900,355500
VTA001737,2025-03-23,CLI0100,PROD0022,VEN009,SUC003,Web,6,509100,321300
VTA001738,2025-11-08,CLI0012,PROD0043,VEN017,SUC002,Presencial,11,462000,362500
VTA001739,2025-12-10,CLI0009,PROD0005,VEN002,SUC004,Web,9,466700,297700
VTA001740,2026-02-11,CLI0086,PROD0029,VEN008,SUC003,Presencial,7,678800,416100
VTA001741,2026-06-08,CLI0062,PROD0040,VEN010,SUC010,Web,11,225300,152300
VTA001742,2025-12-17,CLI0098,PROD0031,VEN017,SUC008,Telefónico,5,284700,201600
VTA001743,2026-07-04,CLI0082,PROD0033,VEN012,SUC001,Web,7,237700,168700
VTA001744,2026-06-23,CLI0050,PROD0008,VEN014,SUC003,Web,6,587300,378700
VTA001745,2025-07-22,CLI0020,PROD0030,VEN004,SUC008,Web,3,587300,442900
VTA001746,2026-06-18,CLI0097,PROD0037,VEN013,SUC008,Presencial,8,247600,168300
VTA001747,2025-06-12,CLI0030,PROD0016,VEN005,SUC001,Telefónico,5,133300,109200
VTA001748,2025-12-10,CLI0063,PROD0043,VEN005,SUC008,Web,2,486200,363000
VTA001749,2025-01-14,CLI0099,PROD0043,VEN019,SUC002,Web,8,485600,353700
VTA001750,2025-12-22,CLI0007,PROD0050,VEN002,SUC002,Web,6,289000,205100
VTA001751,2026-06-13,CLI0046,PROD0007,VEN002,SUC004,Web,5,577200,451700
VTA001752,2026-05-13,CLI0034,PROD0012,VEN014,SUC005,Web,12,425100,279100
VTA001753,2026-07-30,CLI0014,PROD0001,VEN012,SUC001,Web,6,429100,245600
VTA001754,2025-03-13,CLI0018,PROD0032,VEN009,SUC006,Presencial,5,291400,181900
VTA001755,2026-04-17,CLI0086,PROD0008,VEN005,SUC004,Presencial,10,668000,382200
VTA001756,2026-02-18,CLI0100,PROD0023,VEN013,SUC005,Presencial,10,585100,400900
VTA001757,2025-04-04,CLI0069,PROD0019,VEN018,SUC002,Web,6,733500,465500
VTA001758,2025-07-29,CLI0097,PROD0021,VEN011,SUC001,Telefónico,3,799200,668800
VTA001759,2025-02-02,CLI0089,PROD0030,VEN018,SUC003,Presencial,3,643000,441300
VTA001760,2025-05-21,CLI0048,PROD0019,VEN010,SUC006,Presencial,8,637700,476500
VTA001761,2026-05-21,CLI0003,PROD0039,VEN006,SUC010,Presencial,11,325900,208900
VTA001762,2025-02-08,CLI0028,PROD0040,VEN013,SUC001,Telefónico,12,210900,151900
VTA001763,2025-11-30,CLI0012,PROD0017,VEN016,SUC004,Web,9,213000,149700
VTA001764,2025-06-29,CLI0028,PROD0023,VEN012,SUC001,Web,4,609400,398800
VTA001765,2026-01-18,CLI0010,PROD0024,VEN001,SUC006,Web,9,763800,594400
VTA001766,2025-09-04,CLI0068,PROD0010,VEN005,SUC001,Presencial,1,331100,228900
VTA001767,2025-07-17,CLI0019,PROD0033,VEN002,SUC006,Web,3,263700,168700
VTA001768,2025-12-24,CLI0033,PROD0008,VEN006,SUC010,Presencial,4,600400,381300
VTA001769,2025-01-02,CLI0100,PROD0002,VEN015,SUC009,Presencial,2,462200,244500
VTA001770,2025-10-25,CLI0056,PROD0018,VEN004,SUC007,Presencial,2,205000,153300
VTA001771,2026-05-21,CLI0041,PROD0017,VEN006,SUC008,Presencial,10,195400,147100
VTA001772,2025-05-19,CLI0025,PROD0031,VEN013,SUC002,Web,4,276100,199500
VTA001773,2026-06-24,CLI0038,PROD0004,VEN002,SUC006,Presencial,8,405600,301700
VTA001774,2025-02-04,CLI0088,PROD0035,VEN003,SUC002,Web,3,691800,448600
VTA001775,2025-04-26,CLI0014,PROD0037,VEN011,SUC004,Telefónico,5,259600,165000
VTA001776,2026-01-02,CLI0062,PROD0014,VEN016,SUC006,Web,8,58500,42400
VTA001777,2025-11-23,CLI0076,PROD0044,VEN008,SUC001,Web,3,773700,609000
VTA001778,2026-06-24,CLI0049,PROD0018,VEN003,SUC003,Web,4,214500,148000
VTA001779,2025-12-08,CLI0006,PROD0043,VEN012,SUC009,Presencial,10,437500,350400
VTA001780,2025-07-20,CLI0056,PROD0001,VEN007,SUC002,Telefónico,1,415800,250000
VTA001781,2026-07-14,CLI0054,PROD0036,VEN016,SUC006,Presencial,12,496200,316200
VTA001782,2026-05-14,CLI0023,PROD0034,VEN007,SUC004,Presencial,9,581800,409700
VTA001783,2025-05-30,CLI0027,PROD0026,VEN001,SUC005,Presencial,9,491900,388900
VTA001784,2025-03-09,CLI0066,PROD0046,VEN004,SUC009,Web,9,569100,358000
VTA001785,2026-06-22,CLI0042,PROD0013,VEN008,SUC005,Presencial,7,534800,400800
VTA001786,2025-08-03,CLI0089,PROD0036,VEN020,SUC005,Telefónico,8,515600,313100
VTA001787,2025-04-03,CLI0046,PROD0040,VEN006,SUC004,Telefónico,3,231000,151100
VTA001788,2025-07-03,CLI0099,PROD0010,VEN013,SUC005,Web,1,342900,226000
VTA001789,2026-03-10,CLI0098,PROD0017,VEN003,SUC006,Telefónico,5,198200,145600
VTA001790,2025-01-26,CLI0002,PROD0046,VEN010,SUC007,Presencial,4,522700,365500
VTA001791,2025-05-19,CLI0049,PROD0001,VEN018,SUC003,Presencial,6,391300,244900
VTA001792,2025-06-16,CLI0061,PROD0018,VEN006,SUC007,Presencial,12,201700,151600
VTA001793,2025-06-11,CLI0098,PROD0050,VEN012,SUC002,Presencial,1,285400,202200
VTA001794,2025-04-03,CLI0055,PROD0018,VEN008,SUC005,Telefónico,1,183100,150900
VTA001795,2025-12-21,CLI0046,PROD0030,VEN018,SUC008,Presencial,10,663000,437000
VTA001796,2025-10-23,CLI0009,PROD0023,VEN008,SUC007,Web,3,579200,403700
VTA001797,2025-03-17,CLI0094,PROD0027,VEN016,SUC007,Web,12,106900,74800
VTA001798,2026-03-15,CLI0011,PROD0039,VEN014,SUC003,Presencial,7,335900,218300
VTA001799,2025-02-06,CLI0056,PROD0023,VEN015,SUC005,Telefónico,1,582400,407100
VTA001800,2026-05-22,CLI0017,PROD0036,VEN009,SUC007,Presencial,11,500300,317700
VTA001801,2026-04-30,CLI0067,PROD0014,VEN002,SUC002,Presencial,5,58000,42400
VTA001802,2025-02-25,CLI0071,PROD0032,VEN001,SUC002,Presencial,4,300100,187100
VTA001803,2026-04-29,CLI0093,PROD0037,VEN001,SUC003,Web,11,241600,167700
VTA001804,2025-12-02,CLI0016,PROD0008,VEN001,SUC001,Telefónico,3,682100,392600
VTA001805,2025-04-29,CLI0019,PROD0007,VEN017,SUC005,Telefónico,3,621500,453800
VTA001806,2025-01-07,CLI0032,PROD0007,VEN012,SUC008,Web,3,558800,461200
VTA001807,2025-10-06,CLI0048,PROD0024,VEN018,SUC010,Presencial,5,682700,571200
VTA001808,2026-07-14,CLI0055,PROD0038,VEN005,SUC005,Presencial,11,95000,58500
VTA001809,2025-07-23,CLI0037,PROD0025,VEN002,SUC005,Web,5,78500,61000
VTA001810,2025-03-04,CLI0029,PROD0001,VEN003,SUC003,Telefónico,4,420200,246300
VTA001811,2025-12-15,CLI0089,PROD0004,VEN017,SUC001,Presencial,12,358100,300400
VTA001812,2026-02-15,CLI0082,PROD0017,VEN011,SUC004,Web,3,198500,147500
VTA001813,2026-07-16,CLI0011,PROD0001,VEN015,SUC010,Web,8,407900,244700
VTA001814,2025-09-02,CLI0084,PROD0022,VEN002,SUC006,Web,5,470900,321600
VTA001815,2025-12-12,CLI0035,PROD0034,VEN002,SUC005,Presencial,1,542400,412700
VTA001816,2025-07-21,CLI0028,PROD0023,VEN002,SUC008,Web,2,617800,409100
VTA001817,2025-08-08,CLI0088,PROD0040,VEN010,SUC005,Presencial,3,210900,150900
VTA001818,2025-12-22,CLI0052,PROD0031,VEN017,SUC004,Presencial,9,253800,198600
VTA001819,2026-06-22,CLI0062,PROD0003,VEN007,SUC006,Web,4,82600,59700
VTA001820,2025-08-05,CLI0041,PROD0011,VEN020,SUC009,Presencial,3,846100,673900
VTA001821,2025-09-29,CLI0030,PROD0007,VEN017,SUC008,Telefónico,7,537900,461100
VTA001822,2026-07-13,CLI0041,PROD0032,VEN008,SUC002,Presencial,10,312100,185400
VTA001823,2026-04-23,CLI0026,PROD0037,VEN005,SUC005,Presencial,1,256300,168200
VTA001824,2025-05-01,CLI0024,PROD0021,VEN013,SUC003,Presencial,9,903900,660900
VTA001825,2026-04-27,CLI0053,PROD0015,VEN017,SUC004,Presencial,5,181800,108200
VTA001826,2026-07-16,CLI0049,PROD0032,VEN016,SUC009,Telefónico,8,316000,186400
VTA001827,2025-02-21,CLI0039,PROD0044,VEN014,SUC007,Telefónico,3,834500,602300
VTA001828,2025-08-20,CLI0059,PROD0037,VEN014,SUC005,Presencial,11,256200,166200
VTA001829,2026-01-17,CLI0006,PROD0026,VEN020,SUC002,Presencial,4,568400,379100
VTA001830,2026-07-08,CLI0027,PROD0013,VEN015,SUC006,Telefónico,10,477400,400000
VTA001831,2026-04-11,CLI0012,PROD0017,VEN019,SUC004,Presencial,7,219800,148000
VTA001832,2025-01-30,CLI0095,PROD0006,VEN020,SUC002,Presencial,1,263900,183800
VTA001833,2025-01-12,CLI0096,PROD0038,VEN006,SUC009,Web,4,98700,60300
VTA001834,2025-09-13,CLI0100,PROD0004,VEN008,SUC004,Presencial,5,367700,291700
VTA001835,2026-06-02,CLI0089,PROD0023,VEN007,SUC003,Web,6,603700,397500
VTA001836,2026-07-27,CLI0019,PROD0049,VEN008,SUC003,Web,12,340200,245500
VTA001837,2025-02-07,CLI0096,PROD0006,VEN017,SUC004,Presencial,2,276900,184100
VTA001838,2026-07-14,CLI0089,PROD0048,VEN016,SUC001,Presencial,2,19500,13000
VTA001839,2025-05-06,CLI0024,PROD0018,VEN001,SUC004,Web,6,191500,151800
VTA001840,2025-08-01,CLI0052,PROD0030,VEN013,SUC001,Presencial,7,574000,437900
VTA001841,2025-11-12,CLI0083,PROD0037,VEN019,SUC008,Presencial,8,237000,163800
VTA001842,2026-07-31,CLI0071,PROD0006,VEN016,SUC007,Telefónico,1,282400,184000
VTA001843,2026-04-09,CLI0002,PROD0026,VEN010,SUC008,Presencial,12,507600,393100
VTA001844,2026-03-10,CLI0057,PROD0039,VEN007,SUC008,Web,4,313200,214600
VTA001845,2025-07-08,CLI0095,PROD0020,VEN016,SUC003,Telefónico,12,495900,400500
VTA001846,2025-10-31,CLI0045,PROD0008,VEN015,SUC008,Presencial,1,638500,393800
VTA001847,2025-06-02,CLI0074,PROD0015,VEN012,SUC010,Web,1,187600,108800
VTA001848,2026-06-04,CLI0080,PROD0047,VEN020,SUC008,Web,6,441300,360700
VTA001849,2025-05-25,CLI0046,PROD0003,VEN003,SUC002,Web,6,79200,60800
VTA001850,2026-05-15,CLI0097,PROD0002,VEN009,SUC004,Presencial,2,430600,245400
VTA001851,2025-10-11,CLI0019,PROD0048,VEN011,SUC003,Presencial,3,19000,12900
VTA001852,2026-02-12,CLI0077,PROD0023,VEN014,SUC008,Telefónico,10,564000,400200
VTA001853,2025-12-31,CLI0058,PROD0045,VEN008,SUC007,Web,12,122000,93200
VTA001854,2026-03-22,CLI0057,PROD0011,VEN015,SUC002,Web,3,897600,697800
VTA001855,2025-10-21,CLI0023,PROD0016,VEN001,SUC005,Web,9,149100,110800
VTA001856,2026-05-29,CLI0013,PROD0036,VEN016,SUC007,Presencial,4,539200,312600
VTA001857,2026-02-18,CLI0011,PROD0007,VEN012,SUC010,Telefónico,12,628800,451400
VTA001858,2026-05-19,CLI0053,PROD0026,VEN005,SUC007,Presencial,5,523100,393900
VTA001859,2025-11-08,CLI0098,PROD0046,VEN012,SUC003,Web,12,581500,357600
VTA001860,2025-05-19,CLI0061,PROD0010,VEN018,SUC002,Web,9,335300,223800
VTA001861,2026-05-01,CLI0025,PROD0006,VEN005,SUC008,Presencial,4,261500,181400
VTA001862,2025-06-10,CLI0083,PROD0039,VEN020,SUC008,Presencial,10,327400,216800
VTA001863,2026-06-19,CLI0063,PROD0047,VEN002,SUC002,Telefónico,6,437400,359500
VTA001864,2025-04-15,CLI0090,PROD0028,VEN010,SUC009,Web,7,422500,268400
VTA001865,2025-07-31,CLI0066,PROD0046,VEN005,SUC008,Telefónico,11,580800,354800
VTA001866,2025-02-02,CLI0050,PROD0043,VEN009,SUC001,Presencial,6,476800,362400
VTA001867,2026-06-25,CLI0049,PROD0004,VEN015,SUC009,Web,6,403900,288600
VTA001868,2025-07-12,CLI0059,PROD0046,VEN010,SUC001,Web,5,572600,366100
VTA001869,2026-03-21,CLI0073,PROD0041,VEN013,SUC002,Presencial,8,204900,137300
VTA001870,2025-06-26,CLI0058,PROD0032,VEN004,SUC009,Telefónico,3,303000,178400
VTA001871,2025-04-10,CLI0077,PROD0030,VEN017,SUC007,Presencial,3,652600,453900
VTA001872,2025-06-03,CLI0059,PROD0050,VEN006,SUC004,Web,12,261200,206700
VTA001873,2026-01-14,CLI0022,PROD0014,VEN015,SUC004,Presencial,6,53600,42300
VTA001874,2026-04-05,CLI0094,PROD0029,VEN018,SUC004,Presencial,9,663800,426800
VTA001875,2025-10-06,CLI0050,PROD0031,VEN006,SUC006,Presencial,2,260500,198000
VTA001876,2025-10-28,CLI0001,PROD0048,VEN001,SUC009,Telefónico,7,20400,13000
VTA001877,2026-07-31,CLI0060,PROD0020,VEN009,SUC004,Presencial,12,553200,399500
VTA001878,2025-01-19,CLI0068,PROD0020,VEN020,SUC003,Presencial,9,503300,407300
VTA001879,2025-03-29,CLI0062,PROD0021,VEN015,SUC001,Presencial,3,790100,673800
VTA001880,2025-07-30,CLI0045,PROD0007,VEN014,SUC006,Presencial,12,560300,454900
VTA001881,2026-05-19,CLI0088,PROD0011,VEN011,SUC003,Presencial,4,909400,666100
VTA001882,2026-05-31,CLI0077,PROD0041,VEN019,SUC003,Web,1,199900,139900
VTA001883,2025-01-30,CLI0099,PROD0033,VEN014,SUC004,Presencial,3,255600,171200
VTA001884,2025-04-12,CLI0033,PROD0032,VEN004,SUC007,Web,3,326900,181400
VTA001885,2025-10-25,CLI0016,PROD0011,VEN019,SUC003,Telefónico,5,878600,674400
VTA001886,2026-02-14,CLI0049,PROD0047,VEN020,SUC009,Presencial,9,423800,360900
VTA001887,2025-07-05,CLI0077,PROD0041,VEN019,SUC001,Telefónico,12,221600,139400
VTA001888,2025-09-24,CLI0015,PROD0022,VEN019,SUC006,Presencial,5,533100,317300
VTA001889,2026-06-16,CLI0040,PROD0020,VEN001,SUC001,Telefónico,12,531800,416700
VTA001890,2025-12-06,CLI0058,PROD0040,VEN017,SUC009,Presencial,10,207700,149400
VTA001891,2026-06-07,CLI0034,PROD0013,VEN019,SUC004,Web,1,492000,392200
VTA001892,2025-02-27,CLI0090,PROD0035,VEN001,SUC005,Web,4,733300,444100
VTA001893,2026-02-01,CLI0056,PROD0042,VEN003,SUC007,Presencial,7,396300,280500
VTA001894,2026-07-08,CLI0005,PROD0008,VEN010,SUC003,Presencial,7,670800,383000
VTA001895,2026-02-04,CLI0050,PROD0050,VEN016,SUC003,Presencial,10,255100,200800
VTA001896,2025-04-03,CLI0027,PROD0018,VEN002,SUC004,Telefónico,1,208600,151200
VTA001897,2026-02-23,CLI0080,PROD0035,VEN012,SUC007,Telefónico,12,683800,455200
VTA001898,2025-01-31,CLI0043,PROD0043,VEN009,SUC006,Presencial,4,453300,361300
VTA001899,2025-09-18,CLI0062,PROD0010,VEN010,SUC006,Presencial,2,342200,229300
VTA001900,2025-06-07,CLI0078,PROD0028,VEN013,SUC001,Web,8,443800,270400
VTA001901,2026-01-21,CLI0068,PROD0044,VEN020,SUC007,Presencial,4,776600,588300
VTA001902,2025-09-20,CLI0028,PROD0031,VEN001,SUC001,Presencial,1,268700,201100
VTA001903,2025-06-03,CLI0009,PROD0012,VEN008,SUC010,Presencial,9,407000,285300
VTA001904,2026-04-08,CLI0080,PROD0040,VEN010,SUC008,Telefónico,3,232200,151300
VTA001905,2025-11-21,CLI0034,PROD0007,VEN020,SUC002,Web,8,559800,463600
VTA001906,2025-11-03,CLI0028,PROD0045,VEN001,SUC010,Web,11,114200,92400
VTA001907,2025-08-28,CLI0024,PROD0031,VEN004,SUC002,Telefónico,4,287800,199300
VTA001908,2025-01-11,CLI0061,PROD0045,VEN003,SUC006,Presencial,10,115700,92300
VTA001909,2025-08-19,CLI0011,PROD0026,VEN019,SUC007,Web,2,560100,390000
VTA001910,2026-01-22,CLI0054,PROD0011,VEN015,SUC010,Web,7,852700,695000
VTA001911,2026-02-03,CLI0048,PROD0012,VEN015,SUC009,Web,4,414200,281700
VTA001912,2025-08-20,CLI0004,PROD0007,VEN015,SUC008,Telefónico,7,623800,465600
VTA001913,2026-07-14,CLI0013,PROD0044,VEN018,SUC008,Presencial,3,757600,596200
VTA001914,2025-07-09,CLI0076,PROD0003,VEN003,SUC002,Presencial,1,90100,60500
VTA001915,2026-01-26,CLI0077,PROD0042,VEN010,SUC005,Web,1,409200,276600
VTA001916,2025-11-16,CLI0032,PROD0028,VEN019,SUC009,Presencial,7,451600,273600
VTA001917,2025-05-08,CLI0046,PROD0045,VEN003,SUC010,Telefónico,11,124000,91000
VTA001918,2026-07-25,CLI0099,PROD0026,VEN017,SUC004,Web,8,523200,379000
VTA001919,2025-03-07,CLI0084,PROD0042,VEN006,SUC005,Telefónico,11,389400,277400
VTA001920,2025-03-03,CLI0090,PROD0038,VEN010,SUC008,Presencial,9,95800,59600
VTA001921,2026-06-11,CLI0048,PROD0016,VEN019,SUC003,Web,9,147400,110300
VTA001922,2025-05-31,CLI0098,PROD0015,VEN003,SUC008,Presencial,11,188200,110700
VTA001923,2026-01-20,CLI0003,PROD0031,VEN002,SUC002,Presencial,10,264100,204000
VTA001924,2026-02-18,CLI0089,PROD0049,VEN001,SUC003,Presencial,5,360800,250700
VTA001925,2025-01-01,CLI0052,PROD0050,VEN020,SUC004,Presencial,1,284900,201500
VTA001926,2025-04-11,CLI0019,PROD0023,VEN006,SUC010,Presencial,11,589400,405100
VTA001927,2025-01-23,CLI0020,PROD0029,VEN009,SUC006,Web,7,644800,425600
VTA001928,2025-01-28,CLI0017,PROD0040,VEN002,SUC001,Web,1,233600,149200
VTA001929,2026-05-24,CLI0012,PROD0006,VEN017,SUC004,Telefónico,6,263800,181500
VTA001930,2026-01-01,CLI0056,PROD0017,VEN001,SUC003,Presencial,1,222800,147700
VTA001931,2026-02-04,CLI0028,PROD0046,VEN007,SUC008,Presencial,5,527600,362600
VTA001932,2025-05-05,CLI0068,PROD0013,VEN005,SUC010,Web,7,504100,402400
VTA001933,2026-04-21,CLI0093,PROD0044,VEN006,SUC003,Presencial,6,800600,590300
VTA001934,2025-05-20,CLI0056,PROD0033,VEN007,SUC001,Web,8,252500,172200
VTA001935,2025-01-27,CLI0050,PROD0045,VEN013,SUC006,Web,8,129100,95000
VTA001936,2026-02-18,CLI0081,PROD0024,VEN014,SUC005,Web,7,739800,573500
VTA001937,2025-05-08,CLI0089,PROD0001,VEN008,SUC001,Web,4,408300,249300
VTA001938,2025-11-06,CLI0001,PROD0041,VEN002,SUC010,Web,8,197900,143000
VTA001939,2026-04-09,CLI0022,PROD0043,VEN010,SUC007,Web,6,487700,350900
VTA001940,2026-02-15,CLI0003,PROD0042,VEN018,SUC001,Web,12,410200,281900
VTA001941,2025-06-08,CLI0086,PROD0027,VEN011,SUC007,Presencial,10,99800,77700
VTA001942,2025-11-12,CLI0040,PROD0005,VEN014,SUC006,Presencial,7,429600,297000
VTA001943,2025-11-04,CLI0004,PROD0006,VEN015,SUC004,Web,10,288800,179600
VTA001944,2025-01-08,CLI0097,PROD0003,VEN017,SUC005,Presencial,7,86600,61000
VTA001945,2026-02-06,CLI0001,PROD0010,VEN007,SUC005,Presencial,5,324900,230100
VTA001946,2025-11-24,CLI0043,PROD0029,VEN018,SUC009,Presencial,10,719300,432700
VTA001947,2025-07-01,CLI0047,PROD0003,VEN010,SUC010,Presencial,9,86100,61200
VTA001948,2025-04-27,CLI0037,PROD0021,VEN009,SUC003,Web,12,776000,676600
VTA001949,2025-05-15,CLI0081,PROD0018,VEN010,SUC004,Telefónico,6,188000,148400
VTA001950,2025-06-07,CLI0041,PROD0023,VEN018,SUC010,Web,3,637200,402200
VTA001951,2026-07-23,CLI0008,PROD0049,VEN017,SUC010,Web,3,342900,243400
VTA001952,2025-11-23,CLI0022,PROD0023,VEN009,SUC009,Web,8,601700,399400
VTA001953,2025-01-03,CLI0009,PROD0044,VEN017,SUC008,Presencial,10,773900,591600
VTA001954,2025-03-25,CLI0018,PROD0011,VEN004,SUC003,Presencial,10,816600,686100
VTA001955,2025-11-02,CLI0082,PROD0023,VEN009,SUC002,Presencial,12,647700,412000
VTA001956,2026-06-16,CLI0054,PROD0004,VEN004,SUC005,Telefónico,12,364700,297300
VTA001957,2025-09-16,CLI0068,PROD0035,VEN019,SUC003,Presencial,2,746100,449300
VTA001958,2025-10-11,CLI0069,PROD0028,VEN003,SUC002,Presencial,9,460800,272400
VTA001959,2026-03-24,CLI0020,PROD0019,VEN017,SUC005,Presencial,6,673100,480900
VTA001960,2026-07-10,CLI0036,PROD0002,VEN019,SUC010,Telefónico,10,436500,245300
VTA001961,2025-06-16,CLI0018,PROD0014,VEN019,SUC007,Web,11,61500,43300
VTA001962,2025-11-02,CLI0078,PROD0047,VEN004,SUC003,Presencial,6,406900,349200
VTA001963,2026-06-24,CLI0034,PROD0042,VEN017,SUC009,Web,5,407200,277500
VTA001964,2025-03-11,CLI0027,PROD0037,VEN018,SUC001,Telefónico,3,227800,166800
VTA001965,2025-04-14,CLI0065,PROD0012,VEN009,SUC009,Telefónico,7,401000,280900
VTA001966,2025-07-15,CLI0077,PROD0047,VEN001,SUC004,Presencial,9,454500,348500
VTA001967,2026-04-14,CLI0005,PROD0013,VEN016,SUC009,Presencial,11,525600,397800
VTA001968,2025-08-17,CLI0087,PROD0041,VEN013,SUC007,Web,8,214200,137000
VTA001969,2025-06-06,CLI0084,PROD0012,VEN013,SUC003,Telefónico,5,404200,289200
VTA001970,2025-12-08,CLI0062,PROD0014,VEN003,SUC009,Web,12,59000,44300
VTA001971,2025-05-04,CLI0025,PROD0025,VEN015,SUC004,Presencial,3,68900,61200
VTA001972,2026-03-14,CLI0033,PROD0012,VEN002,SUC003,Web,11,413200,280700
VTA001973,2026-04-17,CLI0079,PROD0047,VEN001,SUC007,Telefónico,4,430800,358600
VTA001974,2025-05-18,CLI0006,PROD0033,VEN005,SUC003,Telefónico,7,267000,169100
VTA001975,2026-01-14,CLI0077,PROD0041,VEN014,SUC009,Web,3,192800,142500
VTA001976,2026-01-25,CLI0026,PROD0022,VEN009,SUC008,Web,3,471100,310000
VTA001977,2026-02-22,CLI0040,PROD0049,VEN013,SUC004,Web,5,341400,243600
VTA001978,2025-07-31,CLI0060,PROD0016,VEN016,SUC006,Web,7,139400,109800
VTA001979,2025-06-04,CLI0010,PROD0006,VEN007,SUC001,Presencial,12,276400,183900
VTA001980,2025-07-28,CLI0060,PROD0036,VEN004,SUC005,Presencial,5,556600,325000
VTA001981,2025-06-11,CLI0080,PROD0022,VEN003,SUC007,Presencial,11,494900,314300
VTA001982,2026-03-17,CLI0017,PROD0042,VEN011,SUC008,Web,4,377900,275200
VTA001983,2026-06-19,CLI0023,PROD0007,VEN015,SUC010,Web,4,568600,454500
VTA001984,2025-01-24,CLI0060,PROD0020,VEN017,SUC002,Web,4,532300,416300
VTA001985,2025-06-01,CLI0077,PROD0006,VEN009,SUC007,Telefónico,9,269200,186600
VTA001986,2025-10-03,CLI0068,PROD0035,VEN010,SUC004,Presencial,3,728800,458100
VTA001987,2026-06-04,CLI0019,PROD0038,VEN013,SUC001,Web,11,95700,57800
VTA001988,2025-04-09,CLI0036,PROD0025,VEN007,SUC002,Presencial,12,75800,59800
VTA001989,2025-08-06,CLI0045,PROD0049,VEN006,SUC001,Presencial,6,345900,243400
VTA001990,2025-01-29,CLI0052,PROD0014,VEN020,SUC008,Presencial,5,58800,43100
VTA001991,2025-09-25,CLI0005,PROD0047,VEN007,SUC009,Telefónico,12,422800,358600
VTA001992,2025-12-04,CLI0056,PROD0043,VEN012,SUC007,Web,5,460600,360100
VTA001993,2025-07-23,CLI0014,PROD0038,VEN020,SUC002,Telefónico,6,91000,59400
VTA001994,2025-04-10,CLI0043,PROD0034,VEN004,SUC006,Web,4,516700,420800
VTA001995,2026-03-28,CLI0072,PROD0002,VEN009,SUC010,Web,11,466900,235400
VTA001996,2026-04-06,CLI0062,PROD0035,VEN018,SUC003,Presencial,2,749800,442700
VTA001997,2025-05-04,CLI0019,PROD0035,VEN006,SUC001,Presencial,2,722600,455900
VTA001998,2025-06-21,CLI0067,PROD0026,VEN018,SUC009,Telefónico,9,504500,382400
VTA001999,2025-01-07,CLI0021,PROD0022,VEN004,SUC001,Presencial,5,476200,319300
VTA002000,2025-12-17,CLI0025,PROD0006,VEN013,SUC003,Web,1,272200,181100
VTA002001,2026-05-26,CLI0077,PROD0004,VEN001,SUC007,Presencial,2,390200,290400
VTA002002,2026-03-03,CLI0085,PROD0008,VEN013,SUC004,Presencial,10,645700,385200
VTA002003,2025-03-15,CLI0015,PROD0005,VEN017,SUC003,Web,6,442600,301800
VTA002004,2026-03-25,CLI0035,PROD0020,VEN003,SUC006,Presencial,11,532500,404300
VTA002005,2025-05-26,CLI0010,PROD0011,VEN003,SUC004,Web,5,812800,698700
VTA002006,2026-05-05,CLI0032,PROD0025,VEN006,SUC009,Presencial,12,75700,59800
VTA002007,2026-01-08,CLI0079,PROD0031,VEN020,SUC002,Web,3,259200,205100
VTA002008,2025-01-23,CLI0097,PROD0047,VEN002,SUC008,Web,12,463200,356400
VTA002009,2026-04-10,CLI0061,PROD0036,VEN015,SUC001,Presencial,8,482500,324400
VTA002010,2026-06-24,CLI0068,PROD0014,VEN016,SUC002,Presencial,7,56500,42300
VTA002011,2025-12-20,CLI0026,PROD0042,VEN020,SUC005,Web,8,372500,278300
VTA002012,2025-11-18,CLI0006,PROD0001,VEN013,SUC003,Presencial,10,390600,249100
VTA002013,2026-07-02,CLI0072,PROD0015,VEN018,SUC002,Presencial,9,169900,106600
VTA002014,2025-11-07,CLI0044,PROD0014,VEN004,SUC007,Presencial,1,55500,43000
VTA002015,2025-03-17,CLI0085,PROD0022,VEN003,SUC009,Presencial,2,518200,311900
VTA002016,2026-03-16,CLI0039,PROD0040,VEN017,SUC002,Web,2,216500,152400
VTA002017,2026-02-14,CLI0020,PROD0002,VEN013,SUC004,Web,5,435200,235400
VTA002018,2025-02-19,CLI0018,PROD0020,VEN002,SUC002,Presencial,6,537000,413900
VTA002019,2025-04-27,CLI0011,PROD0018,VEN014,SUC002,Presencial,10,210400,151000
VTA002020,2025-03-16,CLI0087,PROD0024,VEN012,SUC008,Web,9,704700,586600
VTA002021,2026-02-13,CLI0008,PROD0023,VEN018,SUC003,Presencial,1,581700,395800
VTA002022,2025-08-30,CLI0053,PROD0022,VEN002,SUC005,Presencial,10,520300,310900
VTA002023,2026-07-21,CLI0048,PROD0020,VEN004,SUC001,Telefónico,9,523500,406000
VTA002024,2025-10-24,CLI0085,PROD0043,VEN014,SUC007,Web,5,479100,355200
VTA002025,2026-01-17,CLI0068,PROD0002,VEN016,SUC006,Web,5,433900,245100
VTA002026,2026-05-15,CLI0006,PROD0008,VEN010,SUC005,Presencial,6,599900,393200
VTA002027,2025-01-01,CLI0095,PROD0049,VEN007,SUC008,Web,8,316500,249200
VTA002028,2026-04-05,CLI0047,PROD0003,VEN006,SUC007,Web,8,87600,62100
VTA002029,2026-07-21,CLI0032,PROD0017,VEN015,SUC010,Presencial,6,221100,147400
VTA002030,2026-01-15,CLI0049,PROD0047,VEN009,SUC001,Presencial,10,454000,363100
VTA002031,2025-08-31,CLI0038,PROD0026,VEN020,SUC009,Presencial,11,499800,388600
VTA002032,2025-06-19,CLI0035,PROD0031,VEN006,SUC010,Presencial,11,255200,204800
VTA002033,2026-04-19,CLI0094,PROD0036,VEN019,SUC007,Presencial,7,505200,323500
VTA002034,2026-04-02,CLI0075,PROD0038,VEN009,SUC005,Web,10,91900,59000
VTA002035,2025-02-24,CLI0081,PROD0019,VEN017,SUC006,Telefónico,11,658500,469000
VTA002036,2026-07-19,CLI0066,PROD0028,VEN004,SUC010,Presencial,5,424700,271500
VTA002037,2025-10-12,CLI0006,PROD0035,VEN006,SUC007,Presencial,12,764300,457400
VTA002038,2025-02-17,CLI0011,PROD0031,VEN003,SUC002,Presencial,3,279200,205400
VTA002039,2025-11-27,CLI0080,PROD0031,VEN010,SUC007,Web,2,270600,199300
VTA002040,2025-10-31,CLI0089,PROD0028,VEN012,SUC001,Telefónico,7,469900,276600
VTA002041,2026-07-15,CLI0085,PROD0010,VEN011,SUC010,Presencial,5,322400,228900
VTA002042,2025-05-22,CLI0077,PROD0016,VEN015,SUC007,Presencial,1,146800,113600
VTA002043,2025-12-30,CLI0086,PROD0041,VEN015,SUC007,Web,4,218900,142500
VTA002044,2026-05-17,CLI0095,PROD0011,VEN009,SUC003,Web,10,851300,691800
VTA002045,2026-03-04,CLI0044,PROD0020,VEN018,SUC007,Web,6,532300,410100
VTA002046,2025-12-22,CLI0072,PROD0031,VEN012,SUC010,Telefónico,8,271200,198500
VTA002047,2025-09-22,CLI0022,PROD0033,VEN005,SUC003,Presencial,7,250800,175100
VTA002048,2025-09-22,CLI0021,PROD0024,VEN007,SUC010,Telefónico,11,678300,595400
VTA002049,2026-04-08,CLI0091,PROD0016,VEN007,SUC007,Presencial,7,147900,109600
VTA002050,2026-05-29,CLI0057,PROD0010,VEN011,SUC003,Presencial,4,308900,227900
VTA002051,2025-01-28,CLI0093,PROD0010,VEN005,SUC003,Presencial,8,309900,225400
VTA002052,2025-06-15,CLI0081,PROD0044,VEN005,SUC009,Presencial,1,744900,587500
VTA002053,2025-06-04,CLI0090,PROD0037,VEN012,SUC009,Web,8,238300,167500
VTA002054,2026-05-22,CLI0036,PROD0001,VEN016,SUC002,Presencial,11,404600,248800
VTA002055,2025-09-21,CLI0099,PROD0012,VEN006,SUC001,Presencial,3,431200,278400
VTA002056,2025-03-27,CLI0072,PROD0001,VEN014,SUC007,Telefónico,9,423200,252900
VTA002057,2026-02-16,CLI0061,PROD0039,VEN016,SUC002,Telefónico,11,340100,218400
VTA002058,2026-04-14,CLI0025,PROD0013,VEN010,SUC007,Web,11,538600,389800
VTA002059,2025-10-10,CLI0035,PROD0036,VEN002,SUC010,Web,10,484900,319100
VTA002060,2025-12-19,CLI0020,PROD0025,VEN003,SUC008,Presencial,12,76900,59200
VTA002061,2026-05-10,CLI0047,PROD0003,VEN018,SUC005,Presencial,11,89300,61800
VTA002062,2026-03-26,CLI0028,PROD0029,VEN019,SUC006,Presencial,2,632200,428200
VTA002063,2025-09-25,CLI0056,PROD0024,VEN001,SUC007,Presencial,12,700900,576900
VTA002064,2025-12-05,CLI0039,PROD0013,VEN006,SUC009,Telefónico,7,529600,392200
VTA002065,2025-07-28,CLI0002,PROD0019,VEN019,SUC003,Web,8,741600,471500
VTA002066,2026-04-13,CLI0072,PROD0027,VEN010,SUC008,Presencial,6,106300,75100
VTA002067,2025-09-11,CLI0045,PROD0002,VEN009,SUC004,Presencial,5,456900,246400
VTA002068,2025-08-14,CLI0099,PROD0036,VEN019,SUC002,Presencial,6,488000,316300
VTA002069,2025-11-20,CLI0007,PROD0048,VEN010,SUC007,Presencial,9,20700,13000
VTA002070,2025-10-28,CLI0022,PROD0038,VEN004,SUC006,Web,5,100400,59100
VTA002071,2026-07-01,CLI0027,PROD0035,VEN006,SUC002,Telefónico,11,692800,451600
VTA002072,2025-01-07,CLI0057,PROD0038,VEN020,SUC006,Presencial,9,97700,58800
VTA002073,2025-01-28,CLI0055,PROD0046,VEN002,SUC003,Web,1,576000,353700
VTA002074,2025-05-25,CLI0071,PROD0015,VEN006,SUC003,Presencial,7,176500,109200
VTA002075,2025-05-15,CLI0082,PROD0039,VEN020,SUC010,Web,1,309700,210800
VTA002076,2025-09-03,CLI0032,PROD0047,VEN004,SUC005,Telefónico,11,426900,362200
VTA002077,2025-11-06,CLI0025,PROD0001,VEN007,SUC004,Presencial,2,392800,247400
VTA002078,2025-11-19,CLI0023,PROD0016,VEN016,SUC005,Presencial,4,132200,109300
VTA002079,2025-08-03,CLI0020,PROD0012,VEN014,SUC010,Presencial,10,407800,285800
VTA002080,2025-08-17,CLI0051,PROD0029,VEN014,SUC009,Web,10,656700,427700
VTA002081,2026-03-04,CLI0020,PROD0001,VEN008,SUC003,Telefónico,8,431400,243400
VTA002082,2026-04-24,CLI0002,PROD0027,VEN008,SUC002,Presencial,10,111900,78200
VTA002083,2026-05-01,CLI0038,PROD0040,VEN002,SUC002,Presencial,12,217700,150800
VTA002084,2025-09-26,CLI0023,PROD0032,VEN020,SUC006,Presencial,1,330800,180000
VTA002085,2025-04-15,CLI0040,PROD0017,VEN013,SUC006,Telefónico,5,194900,146100
VTA002086,2025-05-16,CLI0078,PROD0045,VEN007,SUC008,Web,5,125300,91800
VTA002087,2025-08-06,CLI0092,PROD0027,VEN007,SUC001,Web,3,111600,76000
VTA002088,2025-08-02,CLI0034,PROD0001,VEN016,SUC001,Presencial,3,385200,252700
VTA002089,2025-02-17,CLI0014,PROD0022,VEN016,SUC010,Presencial,11,521800,319400
VTA002090,2025-08-16,CLI0095,PROD0028,VEN011,SUC003,Presencial,5,455900,272300
VTA002091,2026-04-03,CLI0032,PROD0037,VEN003,SUC008,Presencial,6,230800,161700
VTA002092,2025-05-10,CLI0084,PROD0047,VEN009,SUC005,Web,10,427900,358100
VTA002093,2025-07-13,CLI0023,PROD0019,VEN015,SUC010,Web,10,649600,471700
VTA002094,2026-02-26,CLI0031,PROD0018,VEN003,SUC009,Telefónico,9,201300,152600
VTA002095,2026-04-02,CLI0039,PROD0025,VEN020,SUC001,Presencial,7,68100,59600
VTA002096,2025-07-04,CLI0017,PROD0016,VEN019,SUC003,Presencial,5,133800,109900
VTA002097,2025-07-29,CLI0077,PROD0018,VEN018,SUC005,Presencial,2,195900,151500
VTA002098,2026-03-19,CLI0082,PROD0007,VEN012,SUC003,Presencial,3,575100,453800
VTA002099,2025-09-10,CLI0100,PROD0039,VEN002,SUC001,Presencial,3,302500,214000
VTA002100,2026-01-01,CLI0011,PROD0007,VEN006,SUC002,Web,1,549000,455400
VTA002101,2025-02-13,CLI0079,PROD0028,VEN019,SUC004,Web,10,459700,274100
VTA002102,2026-01-06,CLI0012,PROD0022,VEN008,SUC004,Web,1,496200,317000
VTA002103,2025-01-21,CLI0091,PROD0039,VEN005,SUC001,Presencial,2,353700,212300
VTA002104,2025-12-18,CLI0027,PROD0049,VEN018,SUC008,Presencial,2,318100,242500
VTA002105,2025-08-19,CLI0079,PROD0017,VEN011,SUC003,Telefónico,8,214300,146500
VTA002106,2025-07-04,CLI0027,PROD0044,VEN011,SUC007,Web,7,813200,591400
VTA002107,2026-01-05,CLI0039,PROD0017,VEN007,SUC003,Web,11,211400,145500
VTA002108,2026-05-07,CLI0084,PROD0017,VEN015,SUC006,Presencial,2,200100,149900
VTA002109,2025-07-27,CLI0041,PROD0033,VEN018,SUC008,Presencial,7,258200,175300
VTA002110,2025-07-16,CLI0023,PROD0012,VEN017,SUC005,Web,10,446900,289300
VTA002111,2025-01-23,CLI0041,PROD0050,VEN011,SUC003,Web,5,273700,206000
VTA002112,2026-07-15,CLI0016,PROD0027,VEN010,SUC004,Presencial,6,114200,77600
VTA002113,2025-12-03,CLI0030,PROD0047,VEN011,SUC008,Web,1,456100,350900
VTA002114,2025-07-23,CLI0038,PROD0020,VEN016,SUC005,Web,11,511100,399900
VTA002115,2025-12-16,CLI0031,PROD0029,VEN013,SUC004,Presencial,10,669600,421400
VTA002116,2026-04-28,CLI0075,PROD0047,VEN015,SUC001,Web,8,399300,364100
VTA002117,2025-09-03,CLI0051,PROD0042,VEN005,SUC009,Presencial,2,405900,283800
VTA002118,2025-12-15,CLI0074,PROD0045,VEN016,SUC004,Web,1,113900,92200
VTA002119,2025-07-12,CLI0026,PROD0017,VEN008,SUC008,Telefónico,4,207100,149600
VTA002120,2025-11-29,CLI0025,PROD0030,VEN010,SUC003,Web,9,626400,458000
VTA002121,2025-08-07,CLI0047,PROD0030,VEN007,SUC007,Web,7,651500,443900
VTA002122,2026-02-24,CLI0002,PROD0005,VEN017,SUC007,Presencial,7,469000,302900
VTA002123,2025-12-22,CLI0008,PROD0011,VEN015,SUC008,Telefónico,5,870600,669400
VTA002124,2026-05-05,CLI0003,PROD0017,VEN016,SUC006,Telefónico,7,205900,151600
VTA002125,2025-11-16,CLI0088,PROD0023,VEN006,SUC001,Web,6,643400,411700
VTA002126,2026-04-14,CLI0078,PROD0010,VEN018,SUC003,Web,7,331800,228500
VTA002127,2025-11-08,CLI0092,PROD0007,VEN003,SUC001,Presencial,1,574000,450000
VTA002128,2025-03-11,CLI0062,PROD0041,VEN016,SUC007,Telefónico,12,215000,139100
VTA002129,2025-10-10,CLI0014,PROD0008,VEN011,SUC005,Web,11,631300,378800
VTA002130,2026-01-23,CLI0091,PROD0025,VEN002,SUC004,Web,12,75200,59800
VTA002131,2025-12-05,CLI0027,PROD0015,VEN008,SUC010,Web,9,178200,111200
VTA002132,2025-12-09,CLI0051,PROD0005,VEN003,SUC003,Web,9,454300,303900
VTA002133,2025-12-04,CLI0084,PROD0049,VEN004,SUC008,Web,6,332200,253300
VTA002134,2026-07-15,CLI0084,PROD0012,VEN010,SUC009,Presencial,12,404000,286500
VTA002135,2025-08-22,CLI0006,PROD0046,VEN015,SUC003,Web,11,556300,352700
VTA002136,2025-09-14,CLI0032,PROD0035,VEN018,SUC005,Presencial,6,689600,445800
VTA002137,2025-01-31,CLI0008,PROD0021,VEN011,SUC007,Web,8,799200,671900
VTA002138,2025-06-15,CLI0091,PROD0012,VEN009,SUC003,Presencial,12,423800,283200
VTA002139,2026-02-02,CLI0014,PROD0007,VEN007,SUC008,Web,6,582600,445800
VTA002140,2025-03-30,CLI0018,PROD0035,VEN006,SUC008,Web,9,690800,439200
VTA002141,2025-01-23,CLI0061,PROD0034,VEN014,SUC009,Web,9,534200,419500
VTA002142,2025-03-18,CLI0057,PROD0025,VEN013,SUC005,Web,11,70600,58900
VTA002143,2025-03-12,CLI0023,PROD0018,VEN003,SUC008,Telefónico,10,198100,146900
VTA002144,2026-01-07,CLI0079,PROD0029,VEN002,SUC005,Web,3,701900,421600
VTA002145,2026-02-03,CLI0087,PROD0018,VEN018,SUC008,Web,11,194200,152000
VTA002146,2025-11-17,CLI0048,PROD0047,VEN013,SUC009,Web,2,400800,350400
VTA002147,2026-04-01,CLI0086,PROD0026,VEN009,SUC001,Web,10,517700,385200
VTA002148,2026-03-24,CLI0076,PROD0007,VEN016,SUC008,Web,6,605300,467000
VTA002149,2026-04-18,CLI0022,PROD0023,VEN004,SUC008,Presencial,9,646800,412400
VTA002150,2025-05-29,CLI0028,PROD0038,VEN013,SUC006,Presencial,2,94500,59400
VTA002151,2026-05-25,CLI0032,PROD0021,VEN010,SUC004,Presencial,7,816200,648900
VTA002152,2026-01-26,CLI0012,PROD0046,VEN016,SUC005,Presencial,8,558700,359200
VTA002153,2025-06-26,CLI0035,PROD0017,VEN003,SUC007,Web,3,206900,148300
VTA002154,2026-03-28,CLI0008,PROD0038,VEN012,SUC007,Web,2,98500,59000
VTA002155,2025-12-24,CLI0006,PROD0029,VEN008,SUC009,Presencial,6,721800,420200
VTA002156,2026-07-09,CLI0005,PROD0004,VEN003,SUC001,Web,11,401000,293800
VTA002157,2026-01-31,CLI0075,PROD0031,VEN013,SUC004,Web,6,271800,204100
VTA002158,2025-03-01,CLI0014,PROD0026,VEN001,SUC003,Presencial,9,564600,386000
VTA002159,2025-07-18,CLI0093,PROD0033,VEN020,SUC010,Presencial,5,261700,173700
VTA002160,2026-06-20,CLI0065,PROD0042,VEN003,SUC002,Telefónico,9,382800,283100
VTA002161,2025-04-14,CLI0098,PROD0027,VEN011,SUC010,Presencial,8,114800,78000
VTA002162,2025-01-27,CLI0092,PROD0013,VEN011,SUC003,Web,7,482000,392000
VTA002163,2026-05-04,CLI0072,PROD0045,VEN017,SUC009,Telefónico,8,128400,90700
VTA002164,2026-04-24,CLI0055,PROD0022,VEN018,SUC001,Presencial,11,465600,310800
VTA002165,2026-05-03,CLI0014,PROD0017,VEN002,SUC006,Web,11,217000,151400
VTA002166,2026-06-05,CLI0080,PROD0047,VEN002,SUC002,Web,11,427500,351700
VTA002167,2025-05-14,CLI0074,PROD0029,VEN019,SUC008,Presencial,7,705700,425500
VTA002168,2025-06-24,CLI0098,PROD0005,VEN012,SUC007,Presencial,9,425300,311400
VTA002169,2025-05-18,CLI0099,PROD0036,VEN003,SUC003,Presencial,8,515100,316000
VTA002170,2026-02-06,CLI0001,PROD0032,VEN004,SUC009,Presencial,8,306200,185000
VTA002171,2025-05-19,CLI0059,PROD0012,VEN003,SUC010,Web,6,432600,287400
VTA002172,2026-02-03,CLI0063,PROD0017,VEN005,SUC006,Presencial,11,222000,145300
VTA002173,2025-05-25,CLI0063,PROD0046,VEN019,SUC009,Telefónico,4,570900,349700
VTA002174,2026-02-28,CLI0070,PROD0038,VEN018,SUC005,Presencial,10,94400,57600
VTA002175,2025-04-18,CLI0069,PROD0025,VEN018,SUC008,Telefónico,4,78000,59100
VTA002176,2025-06-20,CLI0041,PROD0043,VEN012,SUC009,Web,4,487800,359200
VTA002177,2025-05-17,CLI0084,PROD0024,VEN013,SUC001,Presencial,4,730000,599300
VTA002178,2025-09-25,CLI0048,PROD0028,VEN018,SUC010,Presencial,9,441600,270000
VTA002179,2025-05-22,CLI0028,PROD0026,VEN006,SUC002,Telefónico,8,530300,376100
VTA002180,2025-06-02,CLI0012,PROD0034,VEN003,SUC005,Presencial,7,601400,422100
VTA002181,2026-01-22,CLI0070,PROD0049,VEN015,SUC010,Telefónico,5,327700,245700
VTA002182,2025-01-05,CLI0029,PROD0039,VEN009,SUC002,Presencial,7,347300,214500
VTA002183,2025-08-08,CLI0085,PROD0033,VEN001,SUC008,Presencial,9,254300,170700
VTA002184,2026-02-13,CLI0042,PROD0033,VEN017,SUC003,Presencial,4,254500,175000
VTA002185,2026-07-18,CLI0054,PROD0036,VEN006,SUC008,Web,2,528700,320400
VTA002186,2025-03-04,CLI0074,PROD0009,VEN002,SUC007,Web,7,804900,461700
VTA002187,2025-11-25,CLI0078,PROD0010,VEN006,SUC001,Web,12,339900,234300
VTA002188,2025-01-04,CLI0075,PROD0007,VEN001,SUC010,Web,3,537600,459200
VTA002189,2025-06-22,CLI0025,PROD0017,VEN006,SUC004,Presencial,12,223200,151200
VTA002190,2025-10-03,CLI0063,PROD0027,VEN020,SUC001,Presencial,11,109300,75100
VTA002191,2025-06-09,CLI0080,PROD0050,VEN008,SUC010,Telefónico,8,274500,202700
VTA002192,2026-02-04,CLI0036,PROD0011,VEN010,SUC010,Web,6,868500,669500
VTA002193,2025-11-18,CLI0029,PROD0042,VEN003,SUC008,Presencial,2,360800,283300
VTA002194,2026-04-01,CLI0019,PROD0047,VEN015,SUC001,Web,8,452400,349500
VTA002195,2025-01-10,CLI0037,PROD0041,VEN019,SUC002,Presencial,3,200800,142700
VTA002196,2025-02-28,CLI0066,PROD0010,VEN011,SUC008,Telefónico,9,303200,228300
VTA002197,2025-12-15,CLI0080,PROD0020,VEN005,SUC004,Presencial,3,545400,413000
VTA002198,2025-04-29,CLI0034,PROD0006,VEN008,SUC005,Presencial,1,271100,179300
VTA002199,2026-06-12,CLI0078,PROD0002,VEN014,SUC010,Web,7,419000,241500
VTA002200,2025-03-05,CLI0050,PROD0046,VEN006,SUC003,Presencial,5,582100,352300
VTA002201,2026-03-13,CLI0077,PROD0010,VEN017,SUC010,Web,3,328000,231400
VTA002202,2025-12-10,CLI0034,PROD0008,VEN003,SUC001,Presencial,4,586700,393700
VTA002203,2026-04-23,CLI0070,PROD0013,VEN001,SUC002,Presencial,3,487600,392800
VTA002204,2025-01-02,CLI0009,PROD0007,VEN002,SUC007,Presencial,3,545500,464400
VTA002205,2025-08-06,CLI0010,PROD0006,VEN005,SUC004,Presencial,3,288100,181700
VTA002206,2025-03-22,CLI0030,PROD0039,VEN020,SUC006,Presencial,4,328100,214400
VTA002207,2025-12-15,CLI0088,PROD0006,VEN003,SUC002,Presencial,5,278300,186900
VTA002208,2025-07-23,CLI0077,PROD0027,VEN001,SUC005,Telefónico,8,108700,75000
VTA002209,2025-04-16,CLI0081,PROD0047,VEN003,SUC004,Presencial,7,405900,350800
VTA002210,2025-05-01,CLI0077,PROD0044,VEN003,SUC005,Web,1,747700,606800
VTA002211,2025-05-13,CLI0070,PROD0035,VEN002,SUC010,Web,7,687000,454500
VTA002212,2026-07-14,CLI0085,PROD0047,VEN008,SUC002,Web,11,463900,356000
VTA002213,2026-07-31,CLI0051,PROD0037,VEN016,SUC010,Presencial,5,234500,167200
VTA002214,2025-04-25,CLI0098,PROD0027,VEN006,SUC007,Web,3,114700,75400
VTA002215,2025-11-05,CLI0052,PROD0006,VEN005,SUC002,Web,8,294900,186000
VTA002216,2025-08-03,CLI0048,PROD0040,VEN016,SUC009,Web,7,224200,150100
VTA002217,2025-06-21,CLI0006,PROD0017,VEN005,SUC001,Presencial,1,198100,148900
VTA002218,2025-05-18,CLI0075,PROD0011,VEN019,SUC007,Presencial,7,827800,682300
VTA002219,2026-04-03,CLI0026,PROD0036,VEN010,SUC007,Web,10,487100,322500
VTA002220,2025-07-14,CLI0050,PROD0030,VEN002,SUC004,Web,9,635800,452000
VTA002221,2025-02-28,CLI0006,PROD0008,VEN011,SUC004,Presencial,12,644000,391900
VTA002222,2025-01-01,CLI0060,PROD0026,VEN008,SUC007,Presencial,12,567800,375900
VTA002223,2025-08-20,CLI0002,PROD0046,VEN016,SUC007,Web,1,582100,355700
VTA002224,2025-12-25,CLI0046,PROD0017,VEN004,SUC009,Presencial,8,226400,147400
VTA002225,2025-06-14,CLI0039,PROD0030,VEN020,SUC009,Telefónico,5,637000,442600
VTA002226,2026-07-25,CLI0041,PROD0022,VEN001,SUC009,Web,7,475300,309600
VTA002227,2025-02-21,CLI0047,PROD0040,VEN001,SUC010,Telefónico,11,233400,149600
VTA002228,2025-04-20,CLI0061,PROD0021,VEN017,SUC008,Web,4,895500,679300
VTA002229,2026-03-21,CLI0025,PROD0006,VEN001,SUC009,Presencial,8,266500,185200
VTA002230,2025-12-29,CLI0013,PROD0007,VEN011,SUC008,Web,1,628400,454600
VTA002231,2026-07-16,CLI0010,PROD0030,VEN006,SUC008,Presencial,10,595500,455900
VTA002232,2025-08-23,CLI0066,PROD0006,VEN007,SUC003,Presencial,11,292700,184500
VTA002233,2025-06-17,CLI0043,PROD0022,VEN019,SUC006,Telefónico,4,482800,323400
VTA002234,2026-04-29,CLI0089,PROD0026,VEN009,SUC003,Presencial,10,504400,389100
VTA002235,2025-10-14,CLI0019,PROD0009,VEN004,SUC007,Web,2,876200,474400
VTA002236,2026-05-12,CLI0054,PROD0003,VEN011,SUC008,Telefónico,12,91300,59700
VTA002237,2025-05-13,CLI0006,PROD0028,VEN004,SUC007,Presencial,9,481200,269900
VTA002238,2025-12-15,CLI0080,PROD0045,VEN001,SUC001,Presencial,12,113000,90700
VTA002239,2025-02-27,CLI0038,PROD0027,VEN004,SUC010,Web,7,104400,78300
VTA002240,2026-02-03,CLI0032,PROD0024,VEN012,SUC001,Telefónico,8,719300,581000
VTA002241,2026-06-06,CLI0061,PROD0017,VEN012,SUC007,Presencial,6,224200,146600
VTA002242,2025-08-03,CLI0060,PROD0002,VEN004,SUC001,Web,11,419400,239500
VTA002243,2025-05-12,CLI0063,PROD0041,VEN020,SUC005,Web,12,201000,137300
VTA002244,2025-02-20,CLI0055,PROD0039,VEN002,SUC004,Presencial,3,342500,209000
VTA002245,2026-05-31,CLI0029,PROD0001,VEN011,SUC010,Web,12,405800,254500
VTA002246,2025-08-18,CLI0082,PROD0029,VEN013,SUC003,Telefónico,6,726300,423500
VTA002247,2026-01-22,CLI0034,PROD0004,VEN003,SUC008,Web,1,398800,297100
VTA002248,2025-08-24,CLI0054,PROD0026,VEN001,SUC001,Presencial,12,542000,385800
VTA002249,2025-08-29,CLI0018,PROD0045,VEN011,SUC003,Presencial,3,129100,92300
VTA002250,2025-07-30,CLI0088,PROD0029,VEN004,SUC008,Telefónico,5,700300,423500
VTA002251,2026-07-18,CLI0020,PROD0009,VEN001,SUC003,Web,7,779900,464300
VTA002252,2025-07-27,CLI0096,PROD0014,VEN013,SUC004,Presencial,6,57800,43600
VTA002253,2026-03-13,CLI0007,PROD0034,VEN020,SUC006,Web,4,531200,408100
VTA002254,2026-07-27,CLI0031,PROD0023,VEN009,SUC002,Web,7,588000,410100
VTA002255,2025-11-02,CLI0017,PROD0046,VEN003,SUC001,Presencial,7,542000,362200
VTA002256,2026-01-03,CLI0072,PROD0040,VEN006,SUC009,Presencial,5,225900,150000
VTA002257,2026-07-18,CLI0047,PROD0020,VEN020,SUC009,Web,10,515600,408700
VTA002258,2025-10-17,CLI0075,PROD0002,VEN007,SUC010,Web,12,458000,240900
VTA002259,2025-01-03,CLI0051,PROD0045,VEN003,SUC009,Web,4,116100,93000
VTA002260,2026-04-24,CLI0043,PROD0037,VEN004,SUC002,Web,10,249900,162000
VTA002261,2026-02-16,CLI0006,PROD0012,VEN001,SUC006,Presencial,11,433400,276200
VTA002262,2025-02-03,CLI0079,PROD0017,VEN004,SUC007,Web,10,195200,148400
VTA002263,2025-10-21,CLI0035,PROD0044,VEN001,SUC006,Presencial,9,766500,584500
VTA002264,2026-04-02,CLI0023,PROD0010,VEN009,SUC006,Presencial,10,309300,234200
VTA002265,2025-03-03,CLI0040,PROD0003,VEN010,SUC002,Web,10,86200,60300
VTA002266,2026-03-02,CLI0050,PROD0006,VEN011,SUC002,Presencial,10,271700,178400
VTA002267,2026-06-03,CLI0060,PROD0024,VEN018,SUC010,Web,6,745100,598200
VTA002268,2025-10-05,CLI0068,PROD0027,VEN016,SUC007,Web,3,115400,75000
VTA002269,2025-07-16,CLI0042,PROD0026,VEN004,SUC007,Presencial,9,554400,384600
VTA002270,2025-11-30,CLI0041,PROD0048,VEN007,SUC010,Presencial,1,21400,13100
VTA002271,2025-06-07,CLI0054,PROD0031,VEN018,SUC010,Presencial,3,277900,200000
VTA002272,2025-05-29,CLI0081,PROD0016,VEN001,SUC004,Telefónico,10,135700,110100
VTA002273,2026-07-09,CLI0049,PROD0007,VEN001,SUC004,Web,2,556600,446700
VTA002274,2026-05-13,CLI0048,PROD0004,VEN017,SUC008,Presencial,4,387900,295000
VTA002275,2026-06-17,CLI0029,PROD0010,VEN013,SUC002,Web,9,329600,231100
VTA002276,2025-08-15,CLI0075,PROD0038,VEN004,SUC006,Web,6,103600,58600
VTA002277,2025-02-22,CLI0078,PROD0005,VEN015,SUC005,Presencial,9,410300,308600
VTA002278,2026-07-15,CLI0099,PROD0019,VEN011,SUC006,Presencial,10,638800,480600
VTA002279,2026-06-20,CLI0075,PROD0006,VEN011,SUC006,Web,4,296000,185000
VTA002280,2026-03-05,CLI0088,PROD0037,VEN016,SUC010,Web,10,256600,161800
VTA002281,2025-07-06,CLI0077,PROD0007,VEN005,SUC006,Telefónico,10,584600,464700
VTA002282,2025-09-19,CLI0078,PROD0005,VEN004,SUC002,Web,3,456100,300900
VTA002283,2025-03-24,CLI0030,PROD0010,VEN017,SUC008,Presencial,12,329800,228700
VTA002284,2025-06-28,CLI0079,PROD0029,VEN020,SUC009,Presencial,11,720900,423100
VTA002285,2025-11-19,CLI0033,PROD0002,VEN011,SUC008,Web,2,401500,239000
VTA002286,2025-04-10,CLI0018,PROD0002,VEN006,SUC009,Web,1,420700,239100
VTA002287,2025-08-18,CLI0038,PROD0027,VEN003,SUC004,Web,7,99200,78100
VTA002288,2025-11-18,CLI0077,PROD0008,VEN020,SUC006,Web,12,660700,375700
VTA002289,2025-12-22,CLI0091,PROD0002,VEN007,SUC007,Web,7,419900,235400
VTA002290,2025-07-21,CLI0064,PROD0021,VEN010,SUC001,Web,11,870100,651000
VTA002291,2025-04-30,CLI0022,PROD0003,VEN008,SUC010,Web,5,89400,59400
VTA002292,2025-04-27,CLI0008,PROD0030,VEN010,SUC001,Presencial,1,651400,439000
VTA002293,2025-07-04,CLI0042,PROD0001,VEN005,SUC002,Web,8,433900,244500
VTA002294,2025-11-26,CLI0083,PROD0033,VEN016,SUC008,Web,10,247800,172800
VTA002295,2025-02-23,CLI0086,PROD0035,VEN007,SUC004,Web,8,678000,441900
VTA002296,2025-10-29,CLI0085,PROD0011,VEN019,SUC008,Telefónico,10,882800,680200
VTA002297,2026-05-05,CLI0019,PROD0039,VEN008,SUC010,Presencial,10,306600,215800
VTA002298,2025-06-16,CLI0092,PROD0026,VEN010,SUC001,Presencial,1,545700,386200
VTA002299,2026-04-02,CLI0018,PROD0021,VEN007,SUC009,Telefónico,3,825700,670300
VTA002300,2026-03-01,CLI0095,PROD0012,VEN012,SUC008,Telefónico,9,399000,284700
VTA002301,2026-02-23,CLI0049,PROD0029,VEN015,SUC005,Web,3,666200,431800
VTA002302,2025-08-11,CLI0084,PROD0036,VEN014,SUC003,Web,8,532400,321700
VTA002303,2025-12-08,CLI0029,PROD0030,VEN019,SUC009,Telefónico,6,624400,441000
VTA002304,2025-11-28,CLI0096,PROD0006,VEN020,SUC010,Web,8,265500,182600
VTA002305,2026-01-13,CLI0050,PROD0004,VEN013,SUC009,Web,5,359900,292700
VTA002306,2026-06-16,CLI0010,PROD0008,VEN008,SUC005,Telefónico,3,681600,391700
VTA002307,2026-04-13,CLI0041,PROD0039,VEN020,SUC007,Presencial,2,319600,214500
VTA002308,2025-11-09,CLI0097,PROD0040,VEN019,SUC006,Telefónico,3,208300,147500
VTA002309,2025-09-23,CLI0080,PROD0038,VEN019,SUC008,Presencial,8,92500,58000
VTA002310,2026-04-18,CLI0056,PROD0045,VEN006,SUC008,Web,2,113100,90600
VTA002311,2025-05-09,CLI0001,PROD0011,VEN002,SUC006,Web,7,860700,671000
VTA002312,2025-08-17,CLI0083,PROD0004,VEN002,SUC006,Presencial,4,380400,291700
VTA002313,2025-10-16,CLI0042,PROD0031,VEN015,SUC003,Web,1,259400,200400
VTA002314,2025-12-26,CLI0006,PROD0020,VEN014,SUC010,Web,11,555800,401900
VTA002315,2025-07-19,CLI0055,PROD0036,VEN020,SUC007,Presencial,5,548100,324700
VTA002316,2025-10-26,CLI0078,PROD0001,VEN016,SUC010,Presencial,8,383900,248600
VTA002317,2025-10-30,CLI0019,PROD0032,VEN015,SUC009,Presencial,6,317900,179000
VTA002318,2025-08-19,CLI0049,PROD0004,VEN010,SUC007,Presencial,10,409100,292100
VTA002319,2026-01-01,CLI0085,PROD0003,VEN006,SUC008,Presencial,6,92600,61600
VTA002320,2025-11-01,CLI0021,PROD0020,VEN008,SUC004,Presencial,12,521600,411500
VTA002321,2026-06-03,CLI0006,PROD0042,VEN008,SUC007,Presencial,5,375800,277900
VTA002322,2026-07-09,CLI0043,PROD0007,VEN002,SUC002,Presencial,6,546900,461100
VTA002323,2026-05-26,CLI0096,PROD0003,VEN010,SUC004,Presencial,1,82900,61500
VTA002324,2025-05-18,CLI0037,PROD0005,VEN008,SUC005,Telefónico,4,430300,299700
VTA002325,2025-03-05,CLI0031,PROD0044,VEN001,SUC005,Telefónico,9,831000,590400
VTA002326,2026-05-10,CLI0065,PROD0005,VEN020,SUC004,Presencial,11,438800,300100
VTA002327,2026-06-09,CLI0036,PROD0022,VEN011,SUC004,Web,5,470500,323400
VTA002328,2025-08-20,CLI0042,PROD0047,VEN016,SUC006,Telefónico,10,415500,363400
VTA002329,2025-07-04,CLI0061,PROD0036,VEN001,SUC006,Presencial,2,513100,321300
VTA002330,2025-03-11,CLI0052,PROD0007,VEN002,SUC002,Presencial,10,625900,467100
VTA002331,2026-03-22,CLI0031,PROD0047,VEN020,SUC007,Web,10,425200,362800
VTA002332,2025-08-29,CLI0078,PROD0034,VEN015,SUC006,Presencial,8,539700,419400
VTA002333,2025-07-15,CLI0048,PROD0048,VEN008,SUC002,Web,9,20600,12700
VTA002334,2025-12-31,CLI0089,PROD0028,VEN015,SUC006,Presencial,10,454900,276100
VTA002335,2025-10-23,CLI0072,PROD0047,VEN007,SUC003,Telefónico,4,421800,360300
VTA002336,2026-07-17,CLI0027,PROD0031,VEN008,SUC003,Telefónico,6,290000,197800
VTA002337,2025-12-19,CLI0100,PROD0047,VEN002,SUC007,Presencial,8,429900,355800
VTA002338,2025-01-27,CLI0052,PROD0012,VEN007,SUC005,Presencial,7,437800,280200
VTA002339,2025-01-22,CLI0028,PROD0001,VEN004,SUC005,Telefónico,5,429100,243600
VTA002340,2025-12-16,CLI0100,PROD0030,VEN009,SUC008,Presencial,12,639900,441800
VTA002341,2026-02-04,CLI0067,PROD0030,VEN015,SUC008,Telefónico,4,605000,444400
VTA002342,2025-01-11,CLI0029,PROD0014,VEN011,SUC006,Presencial,9,60600,42300
VTA002343,2026-04-20,CLI0032,PROD0007,VEN010,SUC005,Presencial,7,543400,460000
VTA002344,2026-02-12,CLI0028,PROD0011,VEN012,SUC005,Telefónico,2,881900,673600
VTA002345,2026-06-11,CLI0065,PROD0049,VEN006,SUC002,Telefónico,7,320900,244700
VTA002346,2026-07-04,CLI0093,PROD0017,VEN014,SUC003,Web,5,203900,150200
VTA002347,2026-05-17,CLI0071,PROD0012,VEN010,SUC005,Telefónico,7,395200,276700
VTA002348,2026-06-07,CLI0062,PROD0010,VEN004,SUC005,Telefónico,12,322000,227000
VTA002349,2025-11-03,CLI0018,PROD0048,VEN007,SUC006,Web,8,20700,13100
VTA002350,2026-04-05,CLI0079,PROD0029,VEN020,SUC005,Telefónico,1,708200,434400
VTA002351,2025-10-18,CLI0020,PROD0021,VEN013,SUC006,Telefónico,2,877000,648100
VTA002352,2025-10-16,CLI0013,PROD0036,VEN012,SUC010,Web,7,501500,325100
VTA002353,2026-06-02,CLI0088,PROD0011,VEN016,SUC003,Presencial,5,841400,669100
VTA002354,2025-11-07,CLI0031,PROD0013,VEN013,SUC002,Telefónico,5,468000,396000
VTA002355,2025-09-26,CLI0076,PROD0025,VEN003,SUC006,Web,7,73200,60600
VTA002356,2025-05-08,CLI0060,PROD0040,VEN014,SUC007,Presencial,4,236300,152700
VTA002357,2025-11-20,CLI0063,PROD0009,VEN005,SUC008,Web,2,828800,475100
VTA002358,2026-03-17,CLI0096,PROD0048,VEN016,SUC004,Web,3,19800,13000
VTA002359,2025-04-14,CLI0074,PROD0043,VEN001,SUC005,Presencial,6,492400,359900
VTA002360,2025-09-01,CLI0031,PROD0046,VEN017,SUC008,Presencial,10,535300,352100
VTA002361,2025-05-07,CLI0084,PROD0032,VEN017,SUC009,Web,8,328300,182100
VTA002362,2026-05-21,CLI0050,PROD0015,VEN011,SUC004,Telefónico,10,181300,107500
VTA002363,2026-04-19,CLI0033,PROD0032,VEN019,SUC008,Presencial,3,325900,186000
VTA002364,2025-03-05,CLI0058,PROD0004,VEN016,SUC010,Presencial,6,352800,292600
VTA002365,2025-06-10,CLI0076,PROD0016,VEN018,SUC010,Web,10,136000,113700
VTA002366,2025-01-20,CLI0081,PROD0011,VEN005,SUC008,Web,7,890600,670000
VTA002367,2026-05-18,CLI0058,PROD0043,VEN006,SUC007,Web,11,488000,364100
VTA002368,2025-07-20,CLI0028,PROD0013,VEN013,SUC006,Presencial,11,519500,396300
VTA002369,2025-01-30,CLI0040,PROD0037,VEN013,SUC008,Presencial,4,243100,166400
VTA002370,2026-02-02,CLI0099,PROD0038,VEN011,SUC002,Presencial,4,95600,60300
VTA002371,2025-03-19,CLI0046,PROD0046,VEN011,SUC004,Presencial,3,573200,364000
VTA002372,2025-12-19,CLI0088,PROD0023,VEN019,SUC002,Presencial,5,613200,402000
VTA002373,2025-01-22,CLI0013,PROD0007,VEN006,SUC009,Presencial,1,619100,467900
VTA002374,2026-07-13,CLI0045,PROD0034,VEN011,SUC005,Web,11,565800,405100
VTA002375,2025-09-02,CLI0096,PROD0047,VEN012,SUC004,Presencial,9,415900,357500
VTA002376,2026-07-02,CLI0062,PROD0014,VEN011,SUC005,Telefónico,11,54200,43500
VTA002377,2025-11-30,CLI0022,PROD0025,VEN004,SUC010,Telefónico,11,70300,61400
VTA002378,2026-07-02,CLI0042,PROD0016,VEN002,SUC002,Presencial,2,138600,111900
VTA002379,2026-01-19,CLI0018,PROD0007,VEN011,SUC001,Web,2,609000,467500
VTA002380,2026-03-21,CLI0028,PROD0047,VEN020,SUC009,Presencial,5,417400,360100
VTA002381,2026-07-13,CLI0070,PROD0038,VEN014,SUC008,Web,10,89600,58600
VTA002382,2025-03-18,CLI0090,PROD0013,VEN016,SUC007,Presencial,2,539100,395700
VTA002383,2025-07-02,CLI0008,PROD0013,VEN001,SUC008,Web,7,502600,389900
VTA002384,2025-12-04,CLI0001,PROD0039,VEN011,SUC007,Presencial,6,324500,215500
VTA002385,2025-10-31,CLI0055,PROD0013,VEN017,SUC007,Presencial,3,461700,401600
VTA002386,2026-07-16,CLI0034,PROD0011,VEN005,SUC004,Telefónico,1,877700,689700
VTA002387,2025-11-08,CLI0068,PROD0025,VEN005,SUC007,Presencial,9,76800,60400
VTA002388,2025-10-02,CLI0092,PROD0041,VEN015,SUC001,Web,1,220400,140600
VTA002389,2025-09-28,CLI0085,PROD0034,VEN005,SUC006,Web,1,530800,410500
VTA002390,2026-05-07,CLI0076,PROD0013,VEN010,SUC008,Presencial,12,512900,404500
VTA002391,2026-04-21,CLI0091,PROD0034,VEN002,SUC004,Presencial,9,548900,416500
VTA002392,2025-05-31,CLI0020,PROD0022,VEN002,SUC006,Presencial,11,509800,309700
VTA002393,2025-12-23,CLI0059,PROD0023,VEN019,SUC005,Telefónico,6,592200,406400
VTA002394,2026-03-28,CLI0034,PROD0035,VEN014,SUC007,Web,10,715400,449900
VTA002395,2026-06-04,CLI0024,PROD0002,VEN007,SUC006,Web,12,427000,235500
VTA002396,2026-06-13,CLI0008,PROD0029,VEN007,SUC006,Presencial,8,715200,416800
VTA002397,2026-06-25,CLI0040,PROD0031,VEN011,SUC005,Web,5,290900,200800
VTA002398,2025-11-17,CLI0056,PROD0024,VEN018,SUC007,Web,10,711200,581100
VTA002399,2025-02-14,CLI0084,PROD0044,VEN007,SUC001,Presencial,11,756700,596000
VTA002400,2025-12-28,CLI0100,PROD0040,VEN005,SUC008,Telefónico,2,228400,148900
VTA002401,2025-07-10,CLI0011,PROD0002,VEN014,SUC008,Web,10,403000,240800
VTA002402,2025-01-02,CLI0085,PROD0050,VEN008,SUC007,Presencial,12,273500,201100
VTA002403,2025-09-26,CLI0070,PROD0023,VEN009,SUC009,Presencial,12,609000,407500
VTA002404,2025-02-26,CLI0080,PROD0031,VEN017,SUC004,Presencial,3,274200,203600
VTA002405,2026-06-30,CLI0005,PROD0012,VEN002,SUC010,Presencial,3,427300,275900
VTA002406,2025-06-05,CLI0006,PROD0027,VEN009,SUC010,Presencial,6,114400,77300
VTA002407,2025-08-10,CLI0004,PROD0022,VEN013,SUC008,Presencial,3,508600,317500
VTA002408,2026-04-14,CLI0022,PROD0025,VEN020,SUC008,Web,2,78200,59600
VTA002409,2026-01-14,CLI0025,PROD0029,VEN012,SUC001,Telefónico,6,647900,414700
VTA002410,2026-05-06,CLI0022,PROD0006,VEN002,SUC003,Web,10,295800,186200
VTA002411,2026-07-03,CLI0010,PROD0024,VEN019,SUC001,Web,3,741600,585400
VTA002412,2025-07-06,CLI0005,PROD0029,VEN015,SUC004,Telefónico,3,632900,433800
VTA002413,2026-04-22,CLI0006,PROD0016,VEN013,SUC002,Web,12,149000,113900
VTA002414,2026-02-25,CLI0025,PROD0045,VEN020,SUC003,Presencial,4,114900,94200
VTA002415,2026-03-28,CLI0031,PROD0008,VEN006,SUC002,Presencial,9,643500,383600
VTA002416,2025-05-07,CLI0059,PROD0037,VEN013,SUC005,Web,5,258900,163600
VTA002417,2025-04-16,CLI0016,PROD0034,VEN017,SUC007,Web,4,556600,406000
VTA002418,2025-05-08,CLI0094,PROD0008,VEN012,SUC006,Presencial,3,598500,390000
VTA002419,2025-12-19,CLI0034,PROD0011,VEN018,SUC010,Presencial,6,789600,692200
VTA002420,2025-11-28,CLI0074,PROD0033,VEN003,SUC009,Presencial,5,262100,170500
VTA002421,2026-03-10,CLI0032,PROD0014,VEN010,SUC010,Presencial,3,60100,43600
VTA002422,2026-05-30,CLI0089,PROD0044,VEN005,SUC004,Web,6,750500,583000
VTA002423,2026-04-23,CLI0083,PROD0024,VEN014,SUC009,Web,6,780600,589300
VTA002424,2026-07-25,CLI0008,PROD0012,VEN001,SUC004,Presencial,11,444100,278000
VTA002425,2025-11-17,CLI0067,PROD0035,VEN002,SUC005,Web,11,690100,447300
VTA002426,2026-02-16,CLI0042,PROD0010,VEN019,SUC004,Presencial,7,331500,232800
VTA002427,2026-07-22,CLI0057,PROD0011,VEN012,SUC010,Web,8,785000,696400
VTA002428,2026-05-28,CLI0027,PROD0043,VEN005,SUC004,Presencial,8,437000,357500
VTA002429,2025-12-31,CLI0033,PROD0003,VEN007,SUC002,Telefónico,9,82500,61900
VTA002430,2025-04-21,CLI0075,PROD0045,VEN002,SUC002,Presencial,12,115500,93500
VTA002431,2025-05-05,CLI0004,PROD0019,VEN017,SUC007,Web,6,726000,473200
VTA002432,2025-07-14,CLI0024,PROD0034,VEN015,SUC007,Web,11,513900,415100
VTA002433,2026-01-12,CLI0006,PROD0026,VEN020,SUC001,Presencial,8,516700,387800
VTA002434,2026-06-09,CLI0094,PROD0006,VEN020,SUC001,Telefónico,12,265900,179900
VTA002435,2025-12-10,CLI0038,PROD0036,VEN008,SUC006,Web,10,521900,325100
VTA002436,2026-03-26,CLI0026,PROD0046,VEN012,SUC008,Web,9,529100,356900
VTA002437,2026-06-06,CLI0029,PROD0012,VEN015,SUC002,Web,10,437600,275900
VTA002438,2025-01-10,CLI0031,PROD0019,VEN006,SUC003,Web,7,685300,459500
VTA002439,2026-07-23,CLI0056,PROD0035,VEN009,SUC007,Presencial,6,754800,449500
VTA002440,2025-04-05,CLI0023,PROD0043,VEN017,SUC010,Telefónico,4,426800,353700
VTA002441,2026-03-03,CLI0066,PROD0033,VEN006,SUC002,Web,10,234200,174400
VTA002442,2025-11-18,CLI0065,PROD0017,VEN004,SUC007,Presencial,3,205200,151300
VTA002443,2025-02-26,CLI0087,PROD0037,VEN005,SUC003,Presencial,10,261700,160900
VTA002444,2025-09-18,CLI0020,PROD0031,VEN016,SUC009,Web,3,273800,198100
VTA002445,2026-06-09,CLI0068,PROD0012,VEN010,SUC005,Telefónico,8,436400,278600
VTA002446,2025-12-13,CLI0029,PROD0014,VEN017,SUC002,Web,11,55600,43200
VTA002447,2025-01-20,CLI0001,PROD0027,VEN009,SUC001,Web,4,100500,75800
VTA002448,2025-06-11,CLI0008,PROD0043,VEN005,SUC004,Telefónico,5,477100,363100
VTA002449,2025-09-03,CLI0064,PROD0037,VEN019,SUC001,Web,8,245000,164700
VTA002450,2025-12-25,CLI0038,PROD0006,VEN020,SUC002,Web,12,265500,181300
VTA002451,2025-05-08,CLI0060,PROD0027,VEN017,SUC005,Presencial,11,104000,78000
VTA002452,2025-07-27,CLI0094,PROD0017,VEN016,SUC002,Presencial,5,219800,151600
VTA002453,2025-11-10,CLI0004,PROD0038,VEN009,SUC002,Web,3,102500,59100
VTA002454,2026-02-12,CLI0090,PROD0015,VEN017,SUC009,Presencial,12,163400,108600
VTA002455,2025-12-17,CLI0070,PROD0039,VEN012,SUC007,Web,5,312000,213900
VTA002456,2025-06-17,CLI0028,PROD0011,VEN009,SUC002,Web,5,835700,693900
VTA002457,2025-03-10,CLI0085,PROD0042,VEN003,SUC003,Telefónico,8,378400,277600
VTA002458,2026-06-16,CLI0028,PROD0042,VEN019,SUC001,Web,12,359900,280700
VTA002459,2026-04-18,CLI0040,PROD0041,VEN001,SUC003,Presencial,11,194600,142800
VTA002460,2025-07-22,CLI0078,PROD0012,VEN015,SUC003,Presencial,4,444900,287700
VTA002461,2025-06-26,CLI0044,PROD0007,VEN006,SUC002,Web,7,549600,452400
VTA002462,2025-02-02,CLI0011,PROD0025,VEN018,SUC001,Telefónico,6,72400,60400
VTA002463,2025-07-11,CLI0031,PROD0008,VEN018,SUC004,Web,2,621300,391000
VTA002464,2026-04-29,CLI0092,PROD0021,VEN014,SUC007,Presencial,1,847900,656100
VTA002465,2026-04-26,CLI0036,PROD0010,VEN016,SUC010,Presencial,1,343400,233400
VTA002466,2025-04-21,CLI0045,PROD0002,VEN011,SUC004,Presencial,7,445200,243300
VTA002467,2025-01-04,CLI0073,PROD0013,VEN016,SUC009,Presencial,6,521700,406600
VTA002468,2025-01-30,CLI0078,PROD0034,VEN005,SUC009,Presencial,2,568900,403100
VTA002469,2025-02-25,CLI0040,PROD0012,VEN020,SUC003,Presencial,5,430500,279100
VTA002470,2026-04-22,CLI0024,PROD0030,VEN005,SUC005,Presencial,11,580500,458000
VTA002471,2026-04-26,CLI0073,PROD0006,VEN004,SUC010,Web,8,284600,180800
VTA002472,2026-01-12,CLI0070,PROD0047,VEN003,SUC005,Web,9,413300,354300
VTA002473,2026-06-22,CLI0026,PROD0046,VEN008,SUC004,Web,9,550500,360900
VTA002474,2026-06-25,CLI0077,PROD0012,VEN011,SUC007,Web,7,396900,278500
VTA002475,2025-09-27,CLI0066,PROD0042,VEN016,SUC003,Telefónico,10,383700,282500
VTA002476,2026-06-17,CLI0042,PROD0020,VEN006,SUC007,Web,12,538800,404900
VTA002477,2025-04-26,CLI0017,PROD0018,VEN008,SUC002,Presencial,11,201400,152000
VTA002478,2025-06-25,CLI0062,PROD0033,VEN008,SUC002,Web,12,268500,170900
VTA002479,2025-02-21,CLI0086,PROD0044,VEN006,SUC007,Presencial,3,774300,604900
VTA002480,2025-12-16,CLI0065,PROD0030,VEN017,SUC002,Web,1,593700,453600
VTA002481,2026-04-10,CLI0095,PROD0028,VEN003,SUC010,Web,2,485700,278400
VTA002482,2026-04-20,CLI0061,PROD0016,VEN014,SUC004,Presencial,8,151100,113500
VTA002483,2026-07-03,CLI0039,PROD0003,VEN014,SUC005,Web,4,92100,60700
VTA002484,2025-04-18,CLI0061,PROD0049,VEN005,SUC006,Presencial,1,363700,249100
VTA002485,2025-12-20,CLI0032,PROD0042,VEN005,SUC009,Web,2,391900,281000
VTA002486,2026-07-24,CLI0056,PROD0014,VEN001,SUC003,Presencial,1,54700,42400
VTA002487,2025-09-04,CLI0072,PROD0029,VEN002,SUC005,Presencial,5,683200,420200
VTA002488,2026-07-29,CLI0082,PROD0011,VEN020,SUC002,Web,12,796800,667400
VTA002489,2025-02-16,CLI0039,PROD0003,VEN015,SUC008,Web,12,85900,61100
VTA002490,2026-02-12,CLI0057,PROD0041,VEN006,SUC001,Presencial,8,200900,137000
VTA002491,2025-05-30,CLI0024,PROD0038,VEN019,SUC002,Presencial,9,89800,59400
VTA002492,2025-02-20,CLI0037,PROD0046,VEN014,SUC010,Telefónico,3,527400,356500
VTA002493,2026-03-27,CLI0047,PROD0025,VEN017,SUC010,Web,8,76000,61000
VTA002494,2025-05-08,CLI0067,PROD0041,VEN017,SUC004,Web,8,194100,140400
VTA002495,2025-12-28,CLI0041,PROD0019,VEN002,SUC002,Web,4,727600,474400
VTA002496,2025-04-15,CLI0057,PROD0045,VEN015,SUC009,Telefónico,8,119700,93900
VTA002497,2025-04-12,CLI0059,PROD0046,VEN010,SUC006,Presencial,2,564800,360100
VTA002498,2025-08-04,CLI0058,PROD0005,VEN009,SUC002,Telefónico,8,454400,299300
VTA002499,2026-06-24,CLI0043,PROD0032,VEN020,SUC010,Telefónico,11,286500,182300
VTA002500,2025-12-28,CLI0049,PROD0015,VEN005,SUC001,Presencial,8,180500,108300
VTA002501,2026-02-01,CLI0052,PROD0033,VEN011,SUC002,Presencial,6,234100,176300
VTA002502,2026-07-03,CLI0074,PROD0047,VEN013,SUC003,Web,5,442200,353400
VTA002503,2025-08-24,CLI0057,PROD0027,VEN001,SUC006,Presencial,10,98600,75700
VTA002504,2025-12-09,CLI0085,PROD0016,VEN007,SUC010,Web,10,136500,111200
VTA002505,2025-09-06,CLI0023,PROD0006,VEN002,SUC003,Web,5,259500,185000
VTA002506,2025-12-01,CLI0027,PROD0012,VEN001,SUC007,Web,3,457400,280300
VTA002507,2025-07-07,CLI0026,PROD0024,VEN007,SUC004,Web,12,685800,573500
VTA002508,2026-04-12,CLI0023,PROD0006,VEN014,SUC004,Presencial,3,296200,185800
VTA002509,2025-09-17,CLI0026,PROD0047,VEN002,SUC002,Presencial,4,402300,350200
VTA002510,2025-02-18,CLI0013,PROD0007,VEN010,SUC002,Telefónico,6,613400,451400
VTA002511,2025-05-13,CLI0049,PROD0030,VEN007,SUC004,Web,9,588900,452200
VTA002512,2025-09-14,CLI0056,PROD0048,VEN018,SUC007,Web,4,19500,12900
VTA002513,2026-03-27,CLI0076,PROD0006,VEN018,SUC003,Presencial,1,259900,179100
VTA002514,2025-05-09,CLI0077,PROD0014,VEN008,SUC010,Presencial,3,55300,42400
VTA002515,2025-10-11,CLI0044,PROD0015,VEN015,SUC003,Telefónico,3,180600,107900
VTA002516,2025-06-01,CLI0052,PROD0048,VEN007,SUC005,Presencial,4,20100,12900
VTA002517,2025-02-23,CLI0075,PROD0015,VEN002,SUC009,Web,1,169300,111400
VTA002518,2026-01-11,CLI0075,PROD0037,VEN017,SUC001,Presencial,8,261700,163000
VTA002519,2026-04-20,CLI0071,PROD0026,VEN002,SUC004,Presencial,3,573200,388600
VTA002520,2025-11-27,CLI0027,PROD0012,VEN007,SUC007,Web,11,411900,288700
VTA002521,2026-04-23,CLI0094,PROD0020,VEN003,SUC003,Web,10,549000,406200
VTA002522,2025-05-04,CLI0049,PROD0041,VEN011,SUC007,Web,7,214100,142600
VTA002523,2025-01-22,CLI0034,PROD0003,VEN011,SUC010,Web,1,88600,60700
VTA002524,2026-01-27,CLI0027,PROD0024,VEN020,SUC007,Web,5,710100,577500
VTA002525,2025-10-24,CLI0083,PROD0020,VEN015,SUC003,Presencial,1,493500,405900
VTA002526,2025-07-08,CLI0047,PROD0015,VEN018,SUC002,Web,12,173000,110300
VTA002527,2026-02-04,CLI0030,PROD0011,VEN008,SUC010,Web,5,852200,681800
VTA002528,2025-12-25,CLI0015,PROD0035,VEN013,SUC001,Telefónico,2,732100,445300
VTA002529,2026-02-10,CLI0040,PROD0033,VEN009,SUC004,Telefónico,12,252100,173600
VTA002530,2026-02-26,CLI0092,PROD0022,VEN003,SUC001,Web,12,497600,319200
VTA002531,2025-06-11,CLI0093,PROD0018,VEN009,SUC005,Web,12,190600,150500
VTA002532,2026-07-04,CLI0014,PROD0033,VEN020,SUC006,Telefónico,8,266800,168800
VTA002533,2025-11-03,CLI0030,PROD0041,VEN006,SUC001,Web,1,205700,140500
VTA002534,2025-01-23,CLI0057,PROD0003,VEN009,SUC010,Telefónico,7,84400,61700
VTA002535,2025-06-14,CLI0064,PROD0041,VEN001,SUC006,Web,11,193000,140600
VTA002536,2025-09-06,CLI0046,PROD0042,VEN004,SUC003,Presencial,12,386400,284500
VTA002537,2026-02-02,CLI0024,PROD0045,VEN017,SUC009,Presencial,10,114800,94000
VTA002538,2026-05-16,CLI0046,PROD0028,VEN014,SUC009,Telefónico,4,476500,273000
VTA002539,2025-05-19,CLI0043,PROD0004,VEN020,SUC004,Presencial,2,397700,301100
VTA002540,2025-04-23,CLI0095,PROD0011,VEN010,SUC009,Web,2,782800,685400
VTA002541,2026-03-16,CLI0096,PROD0023,VEN001,SUC010,Presencial,10,632400,413200
VTA002542,2025-09-16,CLI0029,PROD0046,VEN014,SUC001,Presencial,7,604000,352400
VTA002543,2026-05-20,CLI0019,PROD0020,VEN008,SUC010,Web,6,502800,408000
VTA002544,2026-02-15,CLI0099,PROD0034,VEN019,SUC007,Presencial,11,532800,404400
VTA002545,2025-04-29,CLI0019,PROD0026,VEN007,SUC006,Web,12,522600,376800
VTA002546,2025-12-28,CLI0003,PROD0019,VEN017,SUC006,Web,2,706800,469200
VTA002547,2025-11-18,CLI0078,PROD0047,VEN005,SUC002,Web,8,440900,354500
VTA002548,2025-02-01,CLI0067,PROD0030,VEN019,SUC008,Web,3,621600,447000
VTA002549,2025-11-23,CLI0013,PROD0045,VEN015,SUC004,Presencial,1,117100,93600
VTA002550,2025-08-17,CLI0013,PROD0028,VEN017,SUC007,Telefónico,10,469500,273300
VTA002551,2026-03-18,CLI0043,PROD0049,VEN013,SUC002,Presencial,7,322000,244600
VTA002552,2025-07-24,CLI0082,PROD0008,VEN010,SUC006,Presencial,1,653200,377200
VTA002553,2026-01-06,CLI0095,PROD0010,VEN017,SUC009,Web,8,329500,233900
VTA002554,2025-07-16,CLI0046,PROD0041,VEN007,SUC002,Web,8,205600,142100
VTA002555,2026-07-17,CLI0041,PROD0014,VEN004,SUC001,Presencial,1,58800,43500
VTA002556,2025-02-08,CLI0001,PROD0017,VEN020,SUC008,Web,7,215900,152300
VTA002557,2026-06-09,CLI0090,PROD0008,VEN018,SUC009,Presencial,1,648300,388300
VTA002558,2025-07-18,CLI0040,PROD0010,VEN005,SUC002,Web,7,336500,234000
VTA002559,2025-03-04,CLI0060,PROD0026,VEN016,SUC003,Web,2,571500,392900
VTA002560,2026-03-23,CLI0025,PROD0024,VEN019,SUC006,Telefónico,1,756900,575800
VTA002561,2026-05-23,CLI0015,PROD0032,VEN005,SUC005,Presencial,2,319200,183200
VTA002562,2026-07-03,CLI0009,PROD0003,VEN002,SUC002,Presencial,6,88100,61200
VTA002563,2026-07-01,CLI0074,PROD0039,VEN010,SUC003,Presencial,6,351100,214200
VTA002564,2026-06-18,CLI0002,PROD0049,VEN002,SUC001,Presencial,9,357000,254100
VTA002565,2025-05-05,CLI0085,PROD0006,VEN016,SUC005,Web,11,272900,185900
VTA002566,2026-03-03,CLI0093,PROD0012,VEN014,SUC008,Web,6,446500,279000
VTA002567,2026-05-21,CLI0062,PROD0008,VEN002,SUC002,Presencial,9,595100,389200
VTA002568,2025-10-10,CLI0099,PROD0041,VEN018,SUC006,Presencial,5,196900,140700
VTA002569,2025-09-24,CLI0061,PROD0050,VEN004,SUC002,Web,8,269600,206900
VTA002570,2025-02-09,CLI0010,PROD0045,VEN005,SUC001,Presencial,9,126300,92200
VTA002571,2025-02-25,CLI0002,PROD0014,VEN013,SUC004,Web,1,62300,43800
VTA002572,2025-01-14,CLI0032,PROD0039,VEN012,SUC007,Presencial,6,350800,216800
VTA002573,2026-04-16,CLI0014,PROD0047,VEN019,SUC005,Telefónico,1,403700,355500
VTA002574,2025-03-11,CLI0032,PROD0017,VEN014,SUC004,Telefónico,7,223600,149700
VTA002575,2025-07-18,CLI0051,PROD0035,VEN003,SUC007,Telefónico,5,736500,441600
VTA002576,2025-03-12,CLI0082,PROD0010,VEN012,SUC009,Web,2,304100,226200
VTA002577,2025-10-21,CLI0087,PROD0011,VEN013,SUC005,Web,1,784800,685200
VTA002578,2025-03-11,CLI0030,PROD0009,VEN004,SUC005,Presencial,2,840300,456300
VTA002579,2026-02-21,CLI0019,PROD0005,VEN006,SUC007,Presencial,3,458600,303500
VTA002580,2026-07-21,CLI0054,PROD0029,VEN002,SUC005,Presencial,2,674800,420200
VTA002581,2025-05-06,CLI0053,PROD0021,VEN001,SUC009,Presencial,6,788900,657900
VTA002582,2025-03-06,CLI0024,PROD0045,VEN003,SUC010,Presencial,1,113200,93400
VTA002583,2026-07-20,CLI0017,PROD0050,VEN001,SUC004,Presencial,1,278400,209300
VTA002584,2025-12-25,CLI0060,PROD0012,VEN004,SUC003,Presencial,11,449000,285000
VTA002585,2025-03-27,CLI0018,PROD0002,VEN013,SUC003,Presencial,7,421400,246800
VTA002586,2025-06-15,CLI0036,PROD0032,VEN006,SUC005,Web,7,325500,178600
VTA002587,2025-11-25,CLI0084,PROD0045,VEN018,SUC003,Presencial,1,112500,92200
VTA002588,2025-11-24,CLI0056,PROD0013,VEN006,SUC003,Web,6,532900,398900
VTA002589,2025-02-13,CLI0039,PROD0026,VEN018,SUC007,Presencial,9,503200,393000
VTA002590,2025-03-16,CLI0078,PROD0016,VEN016,SUC006,Presencial,4,132600,108800
VTA002591,2026-03-03,CLI0043,PROD0038,VEN017,SUC002,Presencial,2,89600,58200
VTA002592,2025-10-25,CLI0022,PROD0031,VEN017,SUC007,Presencial,4,254700,198800
VTA002593,2026-03-11,CLI0082,PROD0010,VEN002,SUC010,Web,10,324600,224400
VTA002594,2026-06-03,CLI0005,PROD0005,VEN014,SUC007,Presencial,9,466500,309500
VTA002595,2025-10-15,CLI0058,PROD0004,VEN018,SUC010,Presencial,12,385200,287700
VTA002596,2025-07-15,CLI0097,PROD0037,VEN011,SUC002,Presencial,7,255700,167700
VTA002597,2026-06-05,CLI0060,PROD0033,VEN001,SUC010,Presencial,1,251100,169500
VTA002598,2026-06-24,CLI0058,PROD0027,VEN005,SUC004,Presencial,5,105500,76300
VTA002599,2026-07-22,CLI0020,PROD0022,VEN019,SUC008,Presencial,3,508300,314300
VTA002600,2026-04-16,CLI0092,PROD0035,VEN016,SUC009,Web,3,759000,439400
VTA002601,2025-01-12,CLI0089,PROD0001,VEN017,SUC004,Presencial,4,411300,246500
VTA002602,2025-06-09,CLI0026,PROD0005,VEN009,SUC009,Presencial,5,474300,303700
VTA002603,2026-01-15,CLI0064,PROD0041,VEN012,SUC007,Web,3,208900,140100
VTA002604,2025-08-06,CLI0066,PROD0031,VEN012,SUC007,Presencial,12,263700,197500
VTA002605,2025-12-26,CLI0065,PROD0044,VEN006,SUC008,Web,12,713500,606900
VTA002606,2025-12-06,CLI0054,PROD0045,VEN019,SUC005,Web,5,131100,93900
VTA002607,2025-09-14,CLI0068,PROD0045,VEN005,SUC004,Presencial,8,131200,94400
VTA002608,2025-12-14,CLI0055,PROD0046,VEN020,SUC003,Telefónico,11,524700,357300
VTA002609,2025-09-18,CLI0067,PROD0032,VEN015,SUC002,Web,5,286400,184600
VTA002610,2026-04-24,CLI0072,PROD0023,VEN010,SUC008,Web,7,621700,396400
VTA002611,2025-11-07,CLI0042,PROD0037,VEN012,SUC008,Presencial,7,258600,161100
VTA002612,2026-02-16,CLI0007,PROD0032,VEN018,SUC003,Telefónico,4,297800,181500
VTA002613,2025-03-09,CLI0087,PROD0048,VEN008,SUC007,Presencial,4,20000,13200
VTA002614,2025-12-26,CLI0033,PROD0036,VEN014,SUC002,Web,2,540700,324900
VTA002615,2025-09-18,CLI0068,PROD0012,VEN013,SUC003,Web,11,425300,277000
VTA002616,2025-12-30,CLI0071,PROD0031,VEN016,SUC009,Presencial,10,259300,205500
VTA002617,2026-03-30,CLI0052,PROD0025,VEN011,SUC003,Web,3,75000,59200
VTA002618,2026-06-20,CLI0098,PROD0009,VEN020,SUC004,Presencial,5,805700,457000
VTA002619,2026-02-15,CLI0065,PROD0035,VEN018,SUC003,Presencial,8,773300,460800
VTA002620,2025-09-07,CLI0098,PROD0048,VEN005,SUC009,Presencial,3,21000,13300
VTA002621,2026-03-14,CLI0011,PROD0032,VEN011,SUC002,Web,6,324600,182700
VTA002622,2026-05-26,CLI0052,PROD0006,VEN005,SUC010,Telefónico,11,253500,183100
VTA002623,2026-04-23,CLI0078,PROD0028,VEN011,SUC008,Web,2,461700,276400
VTA002624,2025-01-04,CLI0015,PROD0028,VEN010,SUC003,Presencial,12,458100,272500
VTA002625,2025-06-24,CLI0039,PROD0038,VEN007,SUC010,Web,7,90700,58900
VTA002626,2025-05-19,CLI0036,PROD0010,VEN017,SUC010,Web,9,329100,233500
VTA002627,2026-01-05,CLI0042,PROD0021,VEN001,SUC001,Presencial,4,770000,667700
VTA002628,2025-06-19,CLI0003,PROD0012,VEN009,SUC007,Presencial,7,403700,280500
VTA002629,2026-02-02,CLI0049,PROD0029,VEN016,SUC004,Presencial,7,640800,420000
VTA002630,2026-01-09,CLI0010,PROD0002,VEN004,SUC006,Web,8,456800,242500
VTA002631,2025-08-16,CLI0027,PROD0050,VEN006,SUC006,Telefónico,6,285700,210100
VTA002632,2025-08-30,CLI0049,PROD0022,VEN006,SUC008,Telefónico,6,469800,318600
VTA002633,2025-12-10,CLI0031,PROD0015,VEN011,SUC005,Telefónico,7,161000,111100
VTA002634,2026-02-05,CLI0073,PROD0038,VEN019,SUC008,Presencial,8,94600,58800
VTA002635,2026-04-06,CLI0078,PROD0038,VEN002,SUC006,Web,9,100000,59900
VTA002636,2026-07-07,CLI0036,PROD0042,VEN002,SUC004,Presencial,12,408200,282500
VTA002637,2026-01-30,CLI0083,PROD0007,VEN016,SUC001,Presencial,7,537600,454500
VTA002638,2026-07-10,CLI0094,PROD0020,VEN006,SUC010,Web,10,524800,411700
VTA002639,2025-03-20,CLI0011,PROD0008,VEN016,SUC005,Presencial,2,608500,388900
VTA002640,2026-03-28,CLI0003,PROD0035,VEN013,SUC002,Web,2,775600,458900
VTA002641,2026-07-23,CLI0032,PROD0011,VEN008,SUC002,Web,9,909400,694200
VTA002642,2025-12-30,CLI0033,PROD0006,VEN011,SUC002,Web,3,272200,185000
VTA002643,2025-05-04,CLI0014,PROD0048,VEN005,SUC010,Web,3,20800,13300
VTA002644,2025-08-03,CLI0050,PROD0027,VEN017,SUC003,Web,9,111200,77200
VTA002645,2026-01-21,CLI0072,PROD0001,VEN013,SUC007,Presencial,12,403700,244300
VTA002646,2025-07-09,CLI0079,PROD0022,VEN008,SUC007,Presencial,4,521100,316800
VTA002647,2025-04-16,CLI0038,PROD0012,VEN005,SUC005,Presencial,1,405800,284600
VTA002648,2025-03-12,CLI0056,PROD0016,VEN006,SUC003,Presencial,4,150600,110200
VTA002649,2026-04-26,CLI0015,PROD0044,VEN018,SUC010,Presencial,5,774700,607600
VTA002650,2026-05-05,CLI0038,PROD0022,VEN005,SUC009,Web,6,480900,312300
VTA002651,2025-10-24,CLI0094,PROD0012,VEN011,SUC003,Presencial,5,425700,284500
VTA002652,2026-05-06,CLI0002,PROD0022,VEN009,SUC005,Presencial,7,477200,317400
VTA002653,2026-07-15,CLI0006,PROD0046,VEN004,SUC006,Web,2,546100,356100
VTA002654,2025-02-13,CLI0051,PROD0027,VEN001,SUC005,Telefónico,7,110900,78000
VTA002655,2025-10-27,CLI0063,PROD0035,VEN016,SUC008,Presencial,5,714100,459500
VTA002656,2026-03-01,CLI0055,PROD0036,VEN003,SUC009,Presencial,5,548600,313600
VTA002657,2025-11-12,CLI0069,PROD0050,VEN013,SUC004,Telefónico,6,283400,200400
VTA002658,2025-01-05,CLI0011,PROD0007,VEN010,SUC004,Web,9,551300,458400
VTA002659,2026-02-23,CLI0005,PROD0027,VEN013,SUC008,Telefónico,10,99300,76400
VTA002660,2026-04-26,CLI0022,PROD0045,VEN010,SUC006,Web,5,116000,92700
VTA002661,2025-06-21,CLI0072,PROD0041,VEN009,SUC003,Web,12,209600,142600
VTA002662,2025-12-04,CLI0065,PROD0003,VEN016,SUC007,Web,5,80200,60100
VTA002663,2025-05-12,CLI0052,PROD0026,VEN018,SUC003,Presencial,11,526300,380700
VTA002664,2026-04-11,CLI0006,PROD0036,VEN008,SUC005,Web,3,501900,321100
VTA002665,2025-08-07,CLI0060,PROD0037,VEN007,SUC007,Telefónico,9,235600,161600
VTA002666,2025-08-22,CLI0076,PROD0030,VEN019,SUC001,Web,2,606200,455800
VTA002667,2025-10-21,CLI0089,PROD0026,VEN015,SUC003,Telefónico,9,567700,390400
VTA002668,2025-02-19,CLI0006,PROD0024,VEN012,SUC008,Presencial,6,750900,589200
VTA002669,2025-04-11,CLI0026,PROD0033,VEN005,SUC010,Presencial,5,254900,172500
VTA002670,2025-09-21,CLI0034,PROD0003,VEN013,SUC007,Web,8,89400,60700
VTA002671,2025-11-28,CLI0022,PROD0047,VEN012,SUC007,Presencial,9,460700,361200
VTA002672,2025-09-24,CLI0036,PROD0007,VEN006,SUC009,Web,4,572200,457500
VTA002673,2025-10-05,CLI0089,PROD0001,VEN005,SUC001,Presencial,1,396600,253400
VTA002674,2025-06-16,CLI0088,PROD0013,VEN004,SUC006,Web,5,495700,403700
VTA002675,2026-05-03,CLI0047,PROD0009,VEN002,SUC001,Web,10,885300,458300
VTA002676,2026-07-28,CLI0077,PROD0025,VEN013,SUC002,Web,1,73000,59400
VTA002677,2026-06-15,CLI0048,PROD0034,VEN012,SUC007,Presencial,7,583600,403300
VTA002678,2025-12-04,CLI0072,PROD0032,VEN005,SUC004,Presencial,5,289700,179500
VTA002679,2025-12-06,CLI0082,PROD0037,VEN013,SUC008,Web,5,241700,162900
VTA002680,2025-07-03,CLI0003,PROD0013,VEN008,SUC001,Presencial,2,520100,394200
VTA002681,2026-02-16,CLI0069,PROD0006,VEN016,SUC004,Presencial,2,289600,179500
VTA002682,2026-07-04,CLI0083,PROD0019,VEN002,SUC001,Telefónico,4,698200,477500
VTA002683,2026-05-06,CLI0027,PROD0046,VEN006,SUC010,Web,10,543600,360500
VTA002684,2026-05-25,CLI0098,PROD0005,VEN007,SUC010,Web,8,460500,297000
VTA002685,2026-03-08,CLI0057,PROD0027,VEN007,SUC001,Web,7,115500,78500
VTA002686,2026-04-30,CLI0027,PROD0045,VEN010,SUC005,Web,11,120400,91700
VTA002687,2025-12-19,CLI0054,PROD0039,VEN012,SUC004,Telefónico,9,354000,218500
VTA002688,2026-06-03,CLI0025,PROD0026,VEN012,SUC002,Presencial,6,501100,379100
VTA002689,2025-04-06,CLI0099,PROD0030,VEN015,SUC008,Presencial,6,624100,457900
VTA002690,2025-03-24,CLI0020,PROD0020,VEN009,SUC005,Telefónico,6,492100,398300
VTA002691,2025-09-19,CLI0077,PROD0024,VEN006,SUC007,Web,1,766500,576300
VTA002692,2025-01-22,CLI0041,PROD0033,VEN011,SUC006,Web,7,249600,174900
VTA002693,2025-11-04,CLI0100,PROD0045,VEN019,SUC004,Web,4,128400,92600
VTA002694,2025-07-02,CLI0044,PROD0023,VEN014,SUC007,Web,11,628000,407600
VTA002695,2025-09-14,CLI0066,PROD0018,VEN008,SUC002,Web,12,195800,151700
VTA002696,2025-03-12,CLI0025,PROD0006,VEN018,SUC003,Presencial,8,295800,184400
VTA002697,2025-10-17,CLI0001,PROD0016,VEN011,SUC007,Telefónico,1,142800,109100
VTA002698,2025-04-10,CLI0011,PROD0039,VEN011,SUC001,Web,11,314800,210800
VTA002699,2025-10-15,CLI0044,PROD0022,VEN005,SUC003,Presencial,7,503400,318900
VTA002700,2026-07-24,CLI0052,PROD0039,VEN011,SUC003,Presencial,8,320500,217200
VTA002701,2025-12-28,CLI0019,PROD0028,VEN020,SUC008,Presencial,1,466100,275200
VTA002702,2025-06-30,CLI0003,PROD0045,VEN017,SUC008,Web,5,130600,91200
VTA002703,2026-02-08,CLI0034,PROD0038,VEN011,SUC007,Web,6,90700,60400
VTA002704,2025-12-24,CLI0022,PROD0034,VEN002,SUC003,Presencial,9,595100,409500
VTA002705,2026-02-13,CLI0007,PROD0045,VEN017,SUC001,Web,3,124100,90800
VTA002706,2026-02-02,CLI0047,PROD0015,VEN020,SUC004,Presencial,12,182100,106900
VTA002707,2025-01-09,CLI0023,PROD0040,VEN001,SUC003,Web,12,207900,152700
VTA002708,2026-07-13,CLI0004,PROD0013,VEN006,SUC006,Presencial,2,500100,394300
VTA002709,2025-09-26,CLI0084,PROD0029,VEN020,SUC007,Presencial,6,719700,420300
VTA002710,2026-04-02,CLI0098,PROD0006,VEN003,SUC009,Web,9,272900,183600
VTA002711,2025-02-20,CLI0076,PROD0024,VEN009,SUC007,Presencial,1,696600,584300
VTA002712,2025-07-06,CLI0027,PROD0016,VEN002,SUC008,Web,3,151700,112600
VTA002713,2025-02-26,CLI0001,PROD0031,VEN020,SUC006,Web,2,274000,197000
VTA002714,2026-07-10,CLI0014,PROD0049,VEN018,SUC005,Web,12,331200,251400
VTA002715,2026-04-05,CLI0083,PROD0020,VEN013,SUC008,Presencial,3,539800,411000
VTA002716,2025-12-18,CLI0065,PROD0042,VEN001,SUC007,Telefónico,6,410600,274400
VTA002717,2025-04-29,CLI0003,PROD0029,VEN008,SUC003,Presencial,12,675500,418600
VTA002718,2025-09-26,CLI0078,PROD0023,VEN011,SUC008,Presencial,2,626000,412600
VTA002719,2026-07-06,CLI0014,PROD0002,VEN008,SUC008,Presencial,5,459400,242300
VTA002720,2025-02-28,CLI0032,PROD0038,VEN004,SUC007,Telefónico,12,93500,60100
VTA002721,2025-11-26,CLI0095,PROD0002,VEN003,SUC001,Web,5,412000,237100
VTA002722,2026-02-17,CLI0018,PROD0014,VEN001,SUC007,Web,5,53500,42300
VTA002723,2025-10-06,CLI0083,PROD0001,VEN018,SUC001,Presencial,3,379500,246400
VTA002724,2025-12-27,CLI0048,PROD0028,VEN012,SUC002,Presencial,6,420900,273600
VTA002725,2025-10-07,CLI0056,PROD0041,VEN017,SUC001,Telefónico,12,216600,136900
VTA002726,2025-08-22,CLI0024,PROD0032,VEN011,SUC010,Web,2,329400,180900
VTA002727,2026-04-25,CLI0070,PROD0023,VEN006,SUC009,Presencial,10,628700,403100
VTA002728,2025-01-19,CLI0010,PROD0003,VEN010,SUC001,Presencial,9,85600,60700
VTA002729,2025-05-25,CLI0026,PROD0042,VEN002,SUC006,Presencial,8,411000,278900
VTA002730,2025-09-10,CLI0017,PROD0032,VEN002,SUC006,Web,7,305200,179000
VTA002731,2025-03-26,CLI0021,PROD0027,VEN012,SUC008,Web,5,103600,76300
VTA002732,2026-01-13,CLI0026,PROD0031,VEN016,SUC003,Presencial,3,264100,197300
VTA002733,2026-06-15,CLI0082,PROD0030,VEN009,SUC004,Web,5,647900,450000
VTA002734,2025-12-19,CLI0025,PROD0015,VEN010,SUC010,Telefónico,7,184300,109300
VTA002735,2025-04-15,CLI0096,PROD0024,VEN003,SUC002,Presencial,6,720600,596600
VTA002736,2025-02-01,CLI0061,PROD0042,VEN010,SUC008,Presencial,7,403100,277900
VTA002737,2025-03-10,CLI0094,PROD0006,VEN014,SUC008,Presencial,4,258900,185200
VTA002738,2025-02-04,CLI0090,PROD0025,VEN011,SUC010,Web,10,74900,60000
VTA002739,2025-11-01,CLI0100,PROD0048,VEN007,SUC009,Web,2,21600,13300
VTA002740,2026-03-04,CLI0079,PROD0030,VEN004,SUC006,Web,7,585800,444800
VTA002741,2025-04-10,CLI0072,PROD0009,VEN001,SUC009,Presencial,6,776400,475400
VTA002742,2025-06-18,CLI0013,PROD0048,VEN004,SUC008,Web,2,19600,12800
VTA002743,2026-05-05,CLI0031,PROD0017,VEN011,SUC009,Web,4,217200,145000
VTA002744,2025-11-28,CLI0097,PROD0022,VEN006,SUC008,Web,4,512900,312600
VTA002745,2025-06-14,CLI0050,PROD0040,VEN017,SUC007,Web,12,223100,147900
VTA002746,2026-06-30,CLI0057,PROD0040,VEN013,SUC004,Presencial,4,236200,150200
VTA002747,2025-08-09,CLI0061,PROD0031,VEN006,SUC002,Web,11,280800,200400
VTA002748,2026-02-07,CLI0022,PROD0039,VEN005,SUC005,Presencial,12,307200,215800
VTA002749,2025-01-01,CLI0069,PROD0050,VEN008,SUC009,Presencial,5,281400,202700
VTA002750,2025-07-17,CLI0076,PROD0021,VEN015,SUC004,Telefónico,4,789400,676100
VTA002751,2026-05-19,CLI0063,PROD0044,VEN012,SUC004,Web,1,746900,580200
VTA002752,2025-10-26,CLI0033,PROD0025,VEN006,SUC006,Presencial,10,73100,60100
VTA002753,2025-09-06,CLI0099,PROD0005,VEN004,SUC010,Web,5,460300,301100
VTA002754,2026-07-23,CLI0089,PROD0049,VEN001,SUC002,Web,10,314900,244500
VTA002755,2025-09-17,CLI0041,PROD0047,VEN010,SUC002,Web,12,419600,358300
VTA002756,2025-03-23,CLI0042,PROD0020,VEN019,SUC009,Telefónico,4,523200,408500
VTA002757,2025-08-21,CLI0008,PROD0016,VEN012,SUC003,Presencial,10,133600,110800
VTA002758,2026-02-01,CLI0028,PROD0004,VEN007,SUC006,Web,3,364100,287900
VTA002759,2025-08-10,CLI0087,PROD0005,VEN013,SUC003,Presencial,12,419200,307700
VTA002760,2025-05-30,CLI0079,PROD0024,VEN012,SUC005,Web,12,786800,585700
VTA002761,2026-02-05,CLI0048,PROD0001,VEN003,SUC001,Web,8,399000,251200
VTA002762,2026-07-08,CLI0022,PROD0010,VEN012,SUC004,Web,11,331600,227800
VTA002763,2025-12-21,CLI0019,PROD0003,VEN002,SUC007,Presencial,8,86300,62100
VTA002764,2025-08-27,CLI0059,PROD0022,VEN012,SUC009,Presencial,11,466400,315600
VTA002765,2025-01-05,CLI0066,PROD0018,VEN016,SUC004,Web,9,214600,148000
VTA002766,2026-05-05,CLI0049,PROD0049,VEN005,SUC002,Web,3,335200,241900
VTA002767,2025-01-10,CLI0054,PROD0049,VEN019,SUC001,Presencial,7,342600,241900
VTA002768,2025-09-19,CLI0054,PROD0014,VEN013,SUC009,Web,11,57700,44000
VTA002769,2026-04-26,CLI0035,PROD0011,VEN012,SUC008,Web,4,904500,690000
VTA002770,2025-06-15,CLI0091,PROD0047,VEN002,SUC002,Presencial,7,409800,348400
VTA002771,2026-03-25,CLI0059,PROD0038,VEN012,SUC009,Presencial,4,92600,60000
VTA002772,2025-09-25,CLI0094,PROD0044,VEN013,SUC009,Web,5,792600,607400
VTA002773,2026-07-19,CLI0064,PROD0041,VEN019,SUC002,Web,4,218500,142800
VTA002774,2025-12-26,CLI0083,PROD0025,VEN001,SUC006,Web,3,68600,59300
VTA002775,2025-07-23,CLI0049,PROD0038,VEN006,SUC004,Web,4,103600,58400
VTA002776,2026-05-25,CLI0027,PROD0049,VEN014,SUC001,Web,9,357600,241800
VTA002777,2026-07-28,CLI0098,PROD0036,VEN007,SUC009,Presencial,9,513400,327100
VTA002778,2025-06-04,CLI0070,PROD0050,VEN017,SUC003,Presencial,1,278300,209500
VTA002779,2025-07-16,CLI0076,PROD0013,VEN004,SUC008,Presencial,12,470000,390200
VTA002780,2025-03-04,CLI0088,PROD0033,VEN019,SUC001,Web,2,245800,175400
VTA002781,2025-09-07,CLI0095,PROD0042,VEN011,SUC004,Presencial,12,377900,285600
VTA002782,2025-10-31,CLI0031,PROD0045,VEN001,SUC010,Presencial,2,117900,91400
VTA002783,2025-03-13,CLI0019,PROD0005,VEN001,SUC003,Presencial,12,457600,310900
VTA002784,2025-11-26,CLI0099,PROD0028,VEN008,SUC005,Telefónico,7,460600,279400
VTA002785,2025-06-28,CLI0027,PROD0009,VEN010,SUC001,Web,12,784000,467700
VTA002786,2026-01-17,CLI0086,PROD0045,VEN011,SUC002,Web,8,117200,91700
VTA002787,2025-07-10,CLI0091,PROD0002,VEN017,SUC007,Presencial,4,426700,237900
VTA002788,2026-04-02,CLI0020,PROD0018,VEN009,SUC001,Web,9,211500,149600
VTA002789,2026-03-25,CLI0070,PROD0032,VEN008,SUC004,Presencial,2,317800,183100
VTA002790,2026-02-05,CLI0078,PROD0040,VEN015,SUC004,Presencial,12,214000,153300
VTA002791,2025-06-23,CLI0088,PROD0003,VEN004,SUC003,Presencial,5,86200,61900
VTA002792,2025-08-01,CLI0054,PROD0029,VEN003,SUC007,Web,1,645000,432300
VTA002793,2026-02-14,CLI0095,PROD0028,VEN004,SUC005,Web,1,447600,275100
VTA002794,2025-10-21,CLI0013,PROD0008,VEN006,SUC004,Presencial,4,608500,388300
VTA002795,2025-01-16,CLI0007,PROD0048,VEN010,SUC007,Web,2,19900,13000
VTA002796,2025-07-17,CLI0075,PROD0004,VEN007,SUC010,Presencial,4,374600,294500
VTA002797,2026-03-04,CLI0017,PROD0035,VEN019,SUC009,Web,4,760900,455500
VTA002798,2025-01-16,CLI0096,PROD0010,VEN010,SUC010,Presencial,10,324100,231200
VTA002799,2025-10-22,CLI0066,PROD0031,VEN019,SUC004,Web,4,248800,204600
VTA002800,2026-02-04,CLI0012,PROD0003,VEN003,SUC010,Presencial,2,80500,61400
VTA002801,2026-02-12,CLI0065,PROD0031,VEN007,SUC007,Web,11,278200,201700
VTA002802,2025-05-17,CLI0052,PROD0026,VEN014,SUC002,Web,9,571000,388900
VTA002803,2025-12-27,CLI0067,PROD0031,VEN002,SUC005,Presencial,9,272800,198800
VTA002804,2025-02-15,CLI0053,PROD0027,VEN020,SUC006,Telefónico,7,104900,75400
VTA002805,2025-09-23,CLI0027,PROD0024,VEN016,SUC007,Web,5,685500,588800
VTA002806,2026-03-23,CLI0043,PROD0015,VEN011,SUC003,Telefónico,6,175300,106500
VTA002807,2026-05-27,CLI0039,PROD0017,VEN006,SUC009,Telefónico,2,202800,150100
VTA002808,2025-09-20,CLI0033,PROD0004,VEN012,SUC009,Presencial,5,373600,296300
VTA002809,2025-06-22,CLI0040,PROD0005,VEN005,SUC007,Presencial,9,475900,297800
VTA002810,2025-10-06,CLI0089,PROD0013,VEN001,SUC010,Presencial,1,529500,398800
VTA002811,2025-01-29,CLI0039,PROD0035,VEN006,SUC001,Presencial,4,717600,442300
VTA002812,2025-03-06,CLI0072,PROD0014,VEN003,SUC003,Presencial,5,60100,42400
VTA002813,2025-09-23,CLI0070,PROD0022,VEN011,SUC009,Presencial,6,478600,315600
VTA002814,2025-10-10,CLI0041,PROD0039,VEN005,SUC010,Presencial,3,346400,211100
VTA002815,2025-10-16,CLI0018,PROD0036,VEN002,SUC003,Presencial,3,492600,327900
VTA002816,2025-10-03,CLI0001,PROD0047,VEN014,SUC007,Presencial,2,419700,353000
VTA002817,2026-02-21,CLI0054,PROD0039,VEN015,SUC005,Web,6,324900,210900
VTA002818,2025-09-26,CLI0093,PROD0019,VEN011,SUC007,Web,5,703100,464600
VTA002819,2025-07-11,CLI0019,PROD0046,VEN015,SUC009,Web,4,573400,352800
VTA002820,2026-03-27,CLI0007,PROD0032,VEN012,SUC007,Web,10,330300,186900
VTA002821,2025-03-24,CLI0017,PROD0039,VEN015,SUC002,Presencial,3,313200,212100
VTA002822,2025-12-20,CLI0014,PROD0044,VEN010,SUC010,Presencial,10,763700,591400
VTA002823,2026-07-01,CLI0079,PROD0013,VEN007,SUC005,Presencial,12,483400,397100
VTA002824,2025-04-11,CLI0036,PROD0020,VEN014,SUC004,Presencial,1,539600,412600
VTA002825,2025-05-13,CLI0064,PROD0047,VEN018,SUC009,Web,9,413100,357500
VTA002826,2026-06-14,CLI0064,PROD0050,VEN011,SUC005,Telefónico,9,263700,200800
VTA002827,2025-01-12,CLI0061,PROD0019,VEN018,SUC005,Presencial,10,738500,461100
VTA002828,2025-01-30,CLI0012,PROD0019,VEN012,SUC002,Web,9,665300,477100
VTA002829,2025-07-23,CLI0059,PROD0013,VEN020,SUC002,Presencial,8,507300,392400
VTA002830,2026-04-10,CLI0020,PROD0027,VEN012,SUC004,Web,10,112200,75400
VTA002831,2025-12-17,CLI0028,PROD0017,VEN002,SUC010,Web,2,208900,150600
VTA002832,2025-07-23,CLI0003,PROD0026,VEN012,SUC001,Presencial,3,571700,385100
VTA002833,2026-06-26,CLI0086,PROD0050,VEN005,SUC006,Web,8,278100,205600
VTA002834,2025-09-11,CLI0041,PROD0020,VEN006,SUC001,Web,8,555700,413400
VTA002835,2025-06-15,CLI0086,PROD0042,VEN004,SUC010,Presencial,10,370100,275400
VTA002836,2025-09-27,CLI0036,PROD0033,VEN015,SUC005,Presencial,10,265100,176900
VTA002837,2026-07-27,CLI0048,PROD0005,VEN001,SUC009,Presencial,6,469400,307500
VTA002838,2025-11-08,CLI0031,PROD0045,VEN014,SUC004,Web,1,121500,93200
VTA002839,2026-07-14,CLI0010,PROD0047,VEN012,SUC010,Presencial,6,463800,350600
VTA002840,2026-05-22,CLI0096,PROD0003,VEN005,SUC008,Web,6,85400,61800
VTA002841,2025-06-01,CLI0023,PROD0001,VEN006,SUC001,Web,3,433100,253800
VTA002842,2025-10-27,CLI0030,PROD0050,VEN004,SUC004,Telefónico,7,265900,202600
VTA002843,2025-05-20,CLI0061,PROD0021,VEN015,SUC001,Presencial,11,895500,665300
VTA002844,2026-07-27,CLI0066,PROD0041,VEN006,SUC002,Presencial,1,198100,136900
VTA002845,2025-05-22,CLI0051,PROD0029,VEN008,SUC006,Web,1,717300,432800
VTA002846,2026-07-08,CLI0015,PROD0009,VEN010,SUC010,Web,1,827000,458700
VTA002847,2025-02-26,CLI0096,PROD0013,VEN003,SUC010,Presencial,10,469300,408500
VTA002848,2025-04-30,CLI0078,PROD0014,VEN018,SUC008,Telefónico,1,58100,43800
VTA002849,2025-11-08,CLI0072,PROD0020,VEN006,SUC003,Presencial,11,534500,416000
VTA002850,2026-01-10,CLI0003,PROD0050,VEN016,SUC010,Web,12,265900,205800
VTA002851,2025-11-16,CLI0070,PROD0047,VEN001,SUC005,Presencial,12,459800,355100
VTA002852,2026-05-22,CLI0004,PROD0032,VEN003,SUC001,Web,2,313800,182100
VTA002853,2025-08-04,CLI0099,PROD0006,VEN007,SUC008,Telefónico,7,275900,184700
VTA002854,2025-05-21,CLI0014,PROD0020,VEN018,SUC003,Web,4,550000,413500
VTA002855,2026-04-21,CLI0021,PROD0031,VEN019,SUC006,Web,8,273700,201200
VTA002856,2026-04-16,CLI0086,PROD0047,VEN005,SUC002,Presencial,5,412900,353300
VTA002857,2026-05-18,CLI0065,PROD0007,VEN014,SUC008,Web,10,547000,457100
VTA002858,2026-02-23,CLI0041,PROD0023,VEN004,SUC008,Presencial,9,577300,394800
VTA002859,2026-06-16,CLI0003,PROD0003,VEN004,SUC010,Web,8,79300,61800
VTA002860,2025-09-27,CLI0037,PROD0048,VEN012,SUC008,Presencial,7,20700,13300
VTA002861,2026-07-09,CLI0017,PROD0024,VEN010,SUC001,Web,6,745000,588400
VTA002862,2025-03-27,CLI0065,PROD0032,VEN013,SUC003,Web,8,307100,185900
VTA002863,2025-12-31,CLI0037,PROD0012,VEN019,SUC002,Web,6,422200,280300
VTA002864,2026-04-23,CLI0030,PROD0044,VEN016,SUC002,Presencial,10,786000,583500
VTA002865,2025-02-26,CLI0079,PROD0011,VEN005,SUC004,Telefónico,8,868400,679200
VTA002866,2026-05-16,CLI0024,PROD0027,VEN006,SUC005,Web,5,109500,78000
VTA002867,2025-08-27,CLI0056,PROD0006,VEN011,SUC004,Presencial,5,273400,178300
VTA002868,2025-01-19,CLI0089,PROD0011,VEN002,SUC003,Presencial,6,900700,691700
VTA002869,2025-04-16,CLI0064,PROD0039,VEN001,SUC002,Presencial,10,352800,212900
VTA002870,2025-12-08,CLI0084,PROD0015,VEN015,SUC002,Presencial,4,165400,110400
VTA002871,2025-07-16,CLI0064,PROD0049,VEN004,SUC005,Presencial,11,318100,253800
VTA002872,2025-05-21,CLI0060,PROD0020,VEN002,SUC001,Presencial,6,493400,408500
VTA002873,2026-06-23,CLI0031,PROD0004,VEN004,SUC008,Presencial,12,389400,290700
VTA002874,2026-06-11,CLI0076,PROD0014,VEN015,SUC007,Presencial,6,53700,43300
VTA002875,2026-04-28,CLI0076,PROD0007,VEN007,SUC003,Web,6,626900,454200
VTA002876,2025-10-01,CLI0060,PROD0019,VEN017,SUC006,Presencial,5,689400,482500
VTA002877,2025-01-29,CLI0031,PROD0048,VEN017,SUC006,Web,8,20800,12700
VTA002878,2025-06-16,CLI0010,PROD0037,VEN014,SUC003,Web,9,242200,162300
VTA002879,2026-01-09,CLI0037,PROD0029,VEN014,SUC006,Web,10,713800,432900
VTA002880,2026-04-28,CLI0080,PROD0041,VEN020,SUC004,Web,7,222100,140700
VTA002881,2025-09-22,CLI0042,PROD0040,VEN015,SUC006,Web,10,222300,152000
VTA002882,2025-05-09,CLI0064,PROD0014,VEN011,SUC007,Presencial,10,55600,44000
VTA002883,2025-05-15,CLI0001,PROD0044,VEN014,SUC006,Web,10,724600,597700
VTA002884,2026-07-23,CLI0066,PROD0003,VEN018,SUC008,Telefónico,2,87800,62000
VTA002885,2025-06-18,CLI0038,PROD0006,VEN009,SUC003,Presencial,6,257600,184300
VTA002886,2026-03-19,CLI0096,PROD0016,VEN015,SUC010,Web,1,151000,108800
VTA002887,2025-12-14,CLI0028,PROD0010,VEN004,SUC009,Telefónico,10,329700,228800
VTA002888,2026-05-30,CLI0021,PROD0011,VEN003,SUC004,Presencial,5,861000,694500
VTA002889,2025-01-05,CLI0091,PROD0001,VEN019,SUC005,Presencial,6,430700,254700
VTA002890,2026-02-21,CLI0019,PROD0027,VEN006,SUC004,Web,3,115500,78400
VTA002891,2026-07-01,CLI0045,PROD0048,VEN004,SUC010,Telefónico,4,18600,12700
VTA002892,2025-08-25,CLI0040,PROD0026,VEN017,SUC005,Presencial,7,575600,392300
VTA002893,2025-06-22,CLI0038,PROD0029,VEN013,SUC010,Presencial,8,658400,432800
VTA002894,2025-05-13,CLI0009,PROD0037,VEN008,SUC006,Telefónico,4,251800,168100
VTA002895,2025-12-28,CLI0014,PROD0041,VEN014,SUC010,Web,10,211700,142600
VTA002896,2026-07-31,CLI0072,PROD0026,VEN016,SUC009,Presencial,1,528100,377800
VTA002897,2025-05-26,CLI0032,PROD0015,VEN009,SUC006,Web,6,167000,106900
VTA002898,2026-06-09,CLI0022,PROD0018,VEN003,SUC005,Telefónico,6,199800,149400
VTA002899,2026-02-12,CLI0004,PROD0002,VEN016,SUC001,Presencial,2,411500,236500
VTA002900,2025-12-03,CLI0096,PROD0042,VEN013,SUC005,Web,8,374300,275900
VTA002901,2025-12-04,CLI0076,PROD0014,VEN003,SUC008,Presencial,2,59000,44300
VTA002902,2026-07-13,CLI0051,PROD0035,VEN019,SUC002,Web,10,720800,442800
VTA002903,2025-10-25,CLI0089,PROD0003,VEN007,SUC010,Telefónico,2,86300,62200
VTA002904,2025-07-17,CLI0020,PROD0019,VEN017,SUC002,Presencial,8,643400,471000
VTA002905,2025-05-28,CLI0069,PROD0003,VEN001,SUC002,Telefónico,5,88200,59800
VTA002906,2025-11-06,CLI0056,PROD0047,VEN001,SUC002,Presencial,7,422000,348600
VTA002907,2026-05-15,CLI0055,PROD0003,VEN005,SUC009,Presencial,1,79300,62000
VTA002908,2026-05-02,CLI0002,PROD0043,VEN009,SUC008,Presencial,7,449500,365300
VTA002909,2025-05-20,CLI0090,PROD0005,VEN005,SUC003,Web,9,427800,305200
VTA002910,2025-07-25,CLI0077,PROD0043,VEN001,SUC003,Web,7,494800,360000
VTA002911,2026-02-13,CLI0013,PROD0008,VEN012,SUC002,Telefónico,10,595500,383100
VTA002912,2026-07-07,CLI0003,PROD0002,VEN019,SUC003,Web,7,460800,236100
VTA002913,2025-12-19,CLI0004,PROD0026,VEN015,SUC009,Web,3,521000,388100
VTA002914,2025-10-10,CLI0060,PROD0050,VEN011,SUC005,Presencial,1,253500,204900
VTA002915,2025-04-25,CLI0033,PROD0006,VEN009,SUC007,Presencial,12,260900,180700
VTA002916,2025-12-25,CLI0019,PROD0031,VEN005,SUC008,Web,2,277000,196800
VTA002917,2025-03-31,CLI0035,PROD0024,VEN019,SUC005,Web,3,702300,582500
VTA002918,2025-03-11,CLI0032,PROD0022,VEN005,SUC007,Presencial,5,499400,322700
VTA002919,2026-02-17,CLI0055,PROD0020,VEN010,SUC002,Web,4,478600,414400
VTA002920,2025-02-05,CLI0069,PROD0039,VEN001,SUC007,Presencial,7,312100,211400
VTA002921,2026-01-20,CLI0082,PROD0038,VEN014,SUC010,Web,12,100500,60000
VTA002922,2025-06-21,CLI0074,PROD0017,VEN006,SUC007,Presencial,6,223100,147600
VTA002923,2025-09-06,CLI0037,PROD0024,VEN001,SUC001,Web,2,767800,576900
VTA002924,2026-06-20,CLI0002,PROD0036,VEN004,SUC009,Presencial,10,503200,314100
VTA002925,2025-04-18,CLI0007,PROD0002,VEN003,SUC005,Presencial,7,462800,242700
VTA002926,2026-05-07,CLI0026,PROD0036,VEN015,SUC004,Web,10,534100,319900
VTA002927,2026-02-18,CLI0098,PROD0009,VEN011,SUC005,Telefónico,8,799200,463800
VTA002928,2025-11-17,CLI0063,PROD0007,VEN005,SUC010,Web,8,597300,454900
VTA002929,2025-08-06,CLI0020,PROD0032,VEN001,SUC008,Presencial,7,287000,186700
VTA002930,2025-07-19,CLI0062,PROD0005,VEN018,SUC007,Web,12,454100,301700
VTA002931,2025-12-17,CLI0066,PROD0036,VEN004,SUC007,Presencial,12,542100,315800
VTA002932,2025-09-23,CLI0085,PROD0016,VEN004,SUC003,Web,3,146300,109600
VTA002933,2026-01-12,CLI0057,PROD0002,VEN007,SUC008,Telefónico,1,450600,245200
VTA002934,2026-01-07,CLI0088,PROD0021,VEN015,SUC002,Presencial,1,835700,650100
VTA002935,2025-02-23,CLI0050,PROD0042,VEN018,SUC005,Web,1,383400,285000
VTA002936,2025-04-16,CLI0005,PROD0022,VEN011,SUC002,Telefónico,12,518800,320000
VTA002937,2025-01-07,CLI0014,PROD0010,VEN019,SUC003,Presencial,4,333300,225300
VTA002938,2026-06-02,CLI0088,PROD0036,VEN007,SUC008,Presencial,5,504800,327900
VTA002939,2025-05-10,CLI0012,PROD0010,VEN017,SUC007,Presencial,5,325700,226400
VTA002940,2026-03-08,CLI0077,PROD0047,VEN005,SUC002,Web,1,466600,349600
VTA002941,2025-10-07,CLI0049,PROD0040,VEN009,SUC006,Presencial,6,229800,150200
VTA002942,2026-06-23,CLI0015,PROD0022,VEN006,SUC001,Web,10,471900,312300
VTA002943,2026-01-04,CLI0039,PROD0041,VEN016,SUC005,Presencial,11,214200,138700
VTA002944,2025-10-08,CLI0009,PROD0036,VEN009,SUC001,Web,2,486900,323500
VTA002945,2025-08-19,CLI0048,PROD0037,VEN020,SUC003,Web,9,238300,162900
VTA002946,2025-05-26,CLI0070,PROD0010,VEN020,SUC002,Presencial,6,306900,228400
VTA002947,2025-09-11,CLI0074,PROD0012,VEN014,SUC009,Presencial,6,393100,286600
VTA002948,2026-02-26,CLI0005,PROD0025,VEN020,SUC004,Web,8,78900,61200
VTA002949,2025-05-12,CLI0057,PROD0006,VEN001,SUC010,Telefónico,1,271700,183100
VTA002950,2026-07-26,CLI0041,PROD0011,VEN008,SUC004,Web,2,799300,686700
VTA002951,2026-03-03,CLI0066,PROD0026,VEN004,SUC007,Web,7,503000,375900
VTA002952,2025-02-19,CLI0016,PROD0038,VEN014,SUC006,Telefónico,7,90900,59000
VTA002953,2026-01-03,CLI0008,PROD0005,VEN019,SUC010,Presencial,2,469700,302800
VTA002954,2025-06-12,CLI0044,PROD0027,VEN018,SUC008,Web,6,114400,76200
VTA002955,2025-11-26,CLI0034,PROD0015,VEN005,SUC004,Presencial,2,181600,107300
VTA002956,2025-12-30,CLI0011,PROD0007,VEN002,SUC007,Web,3,565900,465900
VTA002957,2025-02-07,CLI0097,PROD0047,VEN007,SUC002,Presencial,10,446500,356500
VTA002958,2025-11-08,CLI0085,PROD0020,VEN003,SUC003,Web,7,553700,413400
VTA002959,2025-11-15,CLI0083,PROD0034,VEN015,SUC006,Presencial,2,546000,416000
VTA002960,2026-04-11,CLI0086,PROD0010,VEN014,SUC006,Web,12,339000,229100
VTA002961,2025-10-23,CLI0015,PROD0045,VEN015,SUC004,Presencial,12,131400,93600
VTA002962,2025-11-08,CLI0080,PROD0014,VEN002,SUC006,Web,12,59300,44200
VTA002963,2025-01-22,CLI0046,PROD0016,VEN020,SUC006,Telefónico,2,146300,108700
VTA002964,2026-06-24,CLI0017,PROD0037,VEN008,SUC001,Presencial,1,236100,162800
VTA002965,2026-02-02,CLI0023,PROD0038,VEN011,SUC010,Telefónico,5,96700,57800
VTA002966,2025-11-21,CLI0064,PROD0009,VEN018,SUC005,Web,3,854500,473200
VTA002967,2026-02-24,CLI0040,PROD0034,VEN005,SUC004,Presencial,10,529500,416800
VTA002968,2025-11-22,CLI0057,PROD0036,VEN015,SUC008,Presencial,7,534500,320800
VTA002969,2025-01-17,CLI0075,PROD0046,VEN020,SUC005,Presencial,3,571900,356500
VTA002970,2025-11-15,CLI0058,PROD0021,VEN005,SUC004,Web,1,837700,649400
VTA002971,2026-01-29,CLI0031,PROD0041,VEN010,SUC008,Presencial,10,220600,142500
VTA002972,2025-09-05,CLI0028,PROD0049,VEN006,SUC004,Web,10,316300,250500
VTA002973,2026-01-22,CLI0004,PROD0008,VEN012,SUC010,Telefónico,12,666200,378400
VTA002974,2025-12-31,CLI0065,PROD0046,VEN012,SUC001,Web,1,554000,356000
VTA002975,2025-03-30,CLI0059,PROD0003,VEN010,SUC009,Web,5,83900,61300
VTA002976,2026-03-01,CLI0088,PROD0047,VEN009,SUC009,Presencial,2,460100,349800
VTA002977,2025-04-14,CLI0097,PROD0040,VEN007,SUC005,Web,3,212200,154000
VTA002978,2025-10-17,CLI0018,PROD0023,VEN006,SUC003,Web,6,604400,395100
VTA002979,2026-04-29,CLI0025,PROD0001,VEN010,SUC010,Web,5,416100,243600
VTA002980,2025-03-14,CLI0060,PROD0048,VEN020,SUC004,Presencial,8,21000,13200
VTA002981,2026-02-16,CLI0078,PROD0005,VEN014,SUC004,Presencial,8,409500,304400
VTA002982,2025-11-28,CLI0089,PROD0010,VEN006,SUC002,Presencial,3,327400,231400
VTA002983,2025-05-03,CLI0052,PROD0036,VEN014,SUC009,Presencial,5,515500,320400
VTA002984,2026-01-17,CLI0023,PROD0044,VEN004,SUC009,Presencial,6,740000,605800
VTA002985,2025-08-28,CLI0002,PROD0028,VEN014,SUC010,Presencial,9,477600,277200
VTA002986,2025-02-22,CLI0057,PROD0029,VEN017,SUC009,Presencial,5,647700,418300
VTA002987,2025-09-20,CLI0049,PROD0010,VEN007,SUC002,Presencial,5,348000,226100
VTA002988,2026-04-02,CLI0085,PROD0003,VEN011,SUC001,Presencial,1,82700,61400
VTA002989,2025-04-14,CLI0055,PROD0004,VEN012,SUC003,Web,9,390300,288500
VTA002990,2025-02-19,CLI0087,PROD0021,VEN012,SUC004,Telefónico,2,869700,655300
VTA002991,2025-10-18,CLI0090,PROD0049,VEN001,SUC005,Web,12,332500,251400
VTA002992,2025-07-09,CLI0074,PROD0034,VEN010,SUC010,Web,10,540100,420000
VTA002993,2026-06-06,CLI0014,PROD0005,VEN003,SUC002,Presencial,2,414700,300300
VTA002994,2025-11-28,CLI0042,PROD0008,VEN014,SUC005,Web,2,682300,380900
VTA002995,2025-12-03,CLI0009,PROD0016,VEN001,SUC010,Presencial,12,150500,112200
VTA002996,2025-04-08,CLI0077,PROD0005,VEN012,SUC004,Presencial,5,457300,305400
VTA002997,2025-06-24,CLI0037,PROD0010,VEN004,SUC006,Web,7,318600,229000
VTA002998,2025-11-03,CLI0011,PROD0041,VEN012,SUC001,Presencial,9,216200,136600
VTA002999,2025-11-10,CLI0001,PROD0023,VEN004,SUC008,Web,1,590500,409600
VTA003000,2025-07-03,CLI0046,PROD0023,VEN004,SUC002,Web,9,647000,412500
VTA003001,2026-01-20,CLI0091,PROD0049,VEN018,SUC001,Presencial,10,363400,245400
VTA003002,2025-08-28,CLI0095,PROD0019,VEN017,SUC001,Web,2,638600,480000
VTA003003,2025-05-08,CLI0065,PROD0015,VEN017,SUC001,Presencial,3,171200,107400
VTA003004,2026-06-18,CLI0089,PROD0011,VEN014,SUC009,Presencial,7,820700,667700
VTA003005,2025-11-21,CLI0026,PROD0049,VEN002,SUC008,Web,5,337700,252000
VTA003006,2025-06-20,CLI0042,PROD0018,VEN018,SUC008,Presencial,9,201200,152800
VTA003007,2026-03-03,CLI0034,PROD0041,VEN007,SUC004,Web,1,199200,137600
VTA003008,2025-06-04,CLI0022,PROD0030,VEN019,SUC002,Web,9,644600,440500
VTA003009,2025-10-02,CLI0048,PROD0011,VEN001,SUC010,Web,2,856400,683200
VTA003010,2025-03-12,CLI0058,PROD0029,VEN019,SUC004,Web,11,644600,418800
VTA003011,2026-04-30,CLI0086,PROD0001,VEN010,SUC006,Presencial,5,407800,250600
VTA003012,2026-05-08,CLI0065,PROD0015,VEN015,SUC005,Presencial,11,166700,107900
VTA003013,2025-02-13,CLI0057,PROD0028,VEN013,SUC004,Telefónico,7,457900,275400
VTA003014,2025-04-07,CLI0010,PROD0031,VEN005,SUC005,Presencial,11,255900,199000
VTA003015,2025-08-22,CLI0014,PROD0004,VEN018,SUC008,Web,11,368600,290400
VTA003016,2025-09-17,CLI0055,PROD0020,VEN005,SUC010,Presencial,7,494200,413100
VTA003017,2025-02-06,CLI0007,PROD0030,VEN016,SUC003,Presencial,1,651600,446200
VTA003018,2025-02-27,CLI0033,PROD0043,VEN003,SUC002,Presencial,9,480300,351200
VTA003019,2026-06-16,CLI0088,PROD0008,VEN002,SUC002,Presencial,7,644000,385600
VTA003020,2026-04-09,CLI0070,PROD0036,VEN002,SUC006,Web,10,548300,326600
VTA003021,2026-06-11,CLI0030,PROD0035,VEN014,SUC006,Presencial,6,699100,456500
VTA003022,2025-08-28,CLI0063,PROD0042,VEN003,SUC010,Presencial,12,361800,285200
VTA003023,2025-08-15,CLI0094,PROD0039,VEN011,SUC007,Presencial,12,310200,210900
VTA003024,2025-10-10,CLI0095,PROD0044,VEN010,SUC007,Telefónico,10,764700,581300
VTA003025,2025-10-10,CLI0027,PROD0008,VEN006,SUC004,Presencial,5,606200,379000
VTA003026,2026-04-27,CLI0048,PROD0029,VEN006,SUC008,Web,4,654900,431300
VTA003027,2026-05-15,CLI0067,PROD0047,VEN008,SUC008,Presencial,8,453400,362400
VTA003028,2025-06-27,CLI0045,PROD0014,VEN012,SUC010,Web,1,57100,43300
VTA003029,2025-02-03,CLI0062,PROD0045,VEN007,SUC003,Presencial,5,128400,92000
VTA003030,2026-05-14,CLI0006,PROD0012,VEN008,SUC005,Telefónico,2,407400,289500
VTA003031,2025-04-30,CLI0083,PROD0044,VEN018,SUC006,Web,10,780900,604300
VTA003032,2025-12-11,CLI0056,PROD0005,VEN015,SUC010,Web,4,454400,305900
VTA003033,2026-04-21,CLI0034,PROD0049,VEN001,SUC009,Web,12,347800,248700
VTA003034,2025-07-17,CLI0038,PROD0028,VEN020,SUC006,Presencial,11,427700,272200
VTA003035,2026-07-16,CLI0015,PROD0013,VEN014,SUC004,Telefónico,9,467200,393200
VTA003036,2026-01-09,CLI0008,PROD0031,VEN016,SUC004,Presencial,12,251100,201000
VTA003037,2025-05-03,CLI0005,PROD0008,VEN014,SUC007,Presencial,6,670300,380600
VTA003038,2025-01-30,CLI0051,PROD0043,VEN009,SUC010,Telefónico,2,495400,363100
VTA003039,2025-01-05,CLI0020,PROD0046,VEN008,SUC003,Web,10,604300,360600
VTA003040,2025-10-20,CLI0007,PROD0012,VEN013,SUC007,Presencial,2,446800,287300
VTA003041,2026-07-14,CLI0061,PROD0014,VEN020,SUC007,Web,10,60400,43800
VTA003042,2025-07-20,CLI0009,PROD0021,VEN015,SUC006,Web,12,784900,654900
VTA003043,2025-08-13,CLI0002,PROD0027,VEN011,SUC001,Presencial,3,106700,78000
VTA003044,2025-09-06,CLI0037,PROD0003,VEN019,SUC005,Presencial,8,81000,60900
VTA003045,2025-01-06,CLI0023,PROD0041,VEN013,SUC009,Web,11,194800,140900
VTA003046,2025-08-21,CLI0010,PROD0025,VEN007,SUC003,Web,11,74500,61600
VTA003047,2025-04-15,CLI0089,PROD0020,VEN005,SUC007,Presencial,1,479900,411500
VTA003048,2026-05-04,CLI0061,PROD0050,VEN019,SUC004,Web,9,283800,209700
VTA003049,2025-05-02,CLI0024,PROD0003,VEN008,SUC008,Web,8,82600,61800
VTA003050,2026-04-20,CLI0073,PROD0008,VEN001,SUC008,Telefónico,1,600500,390500
VTA003051,2025-07-15,CLI0096,PROD0038,VEN017,SUC004,Web,3,93500,60400
VTA003052,2025-10-18,CLI0007,PROD0020,VEN005,SUC008,Web,1,478200,418000
VTA003053,2025-03-31,CLI0079,PROD0011,VEN009,SUC001,Web,5,903600,666300
VTA003054,2026-03-31,CLI0076,PROD0014,VEN010,SUC002,Presencial,7,58400,44100
VTA003055,2025-12-22,CLI0077,PROD0046,VEN012,SUC007,Presencial,9,548200,357200
VTA003056,2025-08-17,CLI0003,PROD0033,VEN006,SUC006,Web,1,254800,175000
VTA003057,2026-02-24,CLI0010,PROD0015,VEN017,SUC005,Presencial,8,179300,109500
VTA003058,2025-09-26,CLI0005,PROD0043,VEN009,SUC002,Web,2,457300,354800
VTA003059,2025-11-05,CLI0073,PROD0029,VEN002,SUC008,Web,12,622400,421700
VTA003060,2025-05-12,CLI0016,PROD0002,VEN004,SUC007,Telefónico,3,464200,246500
VTA003061,2025-04-29,CLI0039,PROD0015,VEN009,SUC009,Web,6,170200,109000
VTA003062,2025-08-15,CLI0014,PROD0049,VEN020,SUC005,Telefónico,9,368100,246800
VTA003063,2025-03-16,CLI0033,PROD0025,VEN010,SUC008,Presencial,4,75700,59400
VTA003064,2025-10-05,CLI0046,PROD0033,VEN013,SUC008,Telefónico,4,260900,172600
VTA003065,2025-02-12,CLI0024,PROD0047,VEN006,SUC010,Web,2,420900,364000
VTA003066,2026-07-01,CLI0072,PROD0024,VEN012,SUC004,Presencial,10,782300,579600
VTA003067,2025-10-27,CLI0017,PROD0005,VEN001,SUC002,Telefónico,1,463200,302800
VTA003068,2026-03-19,CLI0088,PROD0037,VEN014,SUC007,Web,6,245700,161900
VTA003069,2026-01-24,CLI0071,PROD0012,VEN019,SUC007,Presencial,5,444500,282500
VTA003070,2025-01-25,CLI0011,PROD0003,VEN005,SUC009,Presencial,2,86600,59800
VTA003071,2026-07-22,CLI0073,PROD0033,VEN007,SUC008,Web,12,241300,171800
VTA003072,2026-02-11,CLI0023,PROD0050,VEN013,SUC005,Web,11,257600,206200
VTA003073,2025-12-27,CLI0089,PROD0035,VEN015,SUC005,Web,11,698300,445800
VTA003074,2026-06-15,CLI0030,PROD0035,VEN019,SUC002,Presencial,3,668600,451500
VTA003075,2025-02-17,CLI0054,PROD0024,VEN016,SUC008,Web,9,772200,587300
VTA003076,2026-02-11,CLI0100,PROD0045,VEN019,SUC005,Presencial,2,120600,92500
VTA003077,2025-10-13,CLI0015,PROD0018,VEN010,SUC001,Web,2,214100,148600
VTA003078,2026-01-26,CLI0040,PROD0037,VEN004,SUC001,Presencial,11,247500,167100
VTA003079,2025-06-08,CLI0083,PROD0040,VEN008,SUC007,Presencial,9,234600,151400
VTA003080,2025-04-29,CLI0043,PROD0038,VEN019,SUC005,Web,2,99900,57600
VTA003081,2025-04-21,CLI0030,PROD0049,VEN007,SUC008,Telefónico,6,357600,243600
VTA003082,2026-05-21,CLI0041,PROD0028,VEN004,SUC007,Web,11,463600,281200
VTA003083,2026-03-07,CLI0021,PROD0021,VEN012,SUC005,Web,12,802500,675600
VTA003084,2026-03-05,CLI0038,PROD0025,VEN009,SUC007,Presencial,12,77500,59500
VTA003085,2025-06-04,CLI0067,PROD0016,VEN013,SUC001,Presencial,2,139000,110600
VTA003086,2025-10-08,CLI0029,PROD0006,VEN005,SUC007,Presencial,4,267000,178900
VTA003087,2025-10-13,CLI0090,PROD0003,VEN020,SUC008,Web,5,79400,62100
VTA003088,2026-01-27,CLI0048,PROD0005,VEN010,SUC004,Web,4,410200,307700
VTA003089,2025-05-07,CLI0074,PROD0013,VEN003,SUC002,Web,7,482900,394300
VTA003090,2026-02-09,CLI0051,PROD0048,VEN018,SUC007,Telefónico,7,18800,13300
VTA003091,2025-11-23,CLI0028,PROD0001,VEN019,SUC002,Web,4,387800,245100
VTA003092,2025-05-06,CLI0065,PROD0022,VEN007,SUC002,Web,12,535600,320000
VTA003093,2026-03-22,CLI0021,PROD0038,VEN010,SUC002,Web,6,99800,59300
VTA003094,2026-03-13,CLI0098,PROD0025,VEN016,SUC003,Web,9,69800,60500
VTA003095,2025-09-05,CLI0015,PROD0014,VEN008,SUC007,Telefónico,4,53600,42400
VTA003096,2026-03-19,CLI0030,PROD0026,VEN020,SUC010,Web,5,524400,387100
VTA003097,2026-02-25,CLI0046,PROD0022,VEN008,SUC008,Web,3,497800,310500
VTA003098,2026-01-03,CLI0015,PROD0045,VEN009,SUC004,Presencial,5,112500,93000
VTA003099,2025-12-02,CLI0060,PROD0050,VEN006,SUC004,Presencial,5,270300,200700
VTA003100,2026-04-22,CLI0046,PROD0007,VEN004,SUC010,Web,4,598500,462400
VTA003101,2026-01-24,CLI0045,PROD0009,VEN003,SUC001,Presencial,2,839500,470900
VTA003102,2026-07-21,CLI0001,PROD0034,VEN005,SUC006,Presencial,9,555000,409700
VTA003103,2025-11-03,CLI0065,PROD0024,VEN005,SUC009,Presencial,6,703100,592300
VTA003104,2025-05-30,CLI0043,PROD0031,VEN001,SUC008,Web,3,286400,198500
VTA003105,2025-05-27,CLI0064,PROD0029,VEN009,SUC001,Telefónico,4,690600,428700
VTA003106,2025-02-17,CLI0057,PROD0011,VEN005,SUC003,Telefónico,8,894100,691300
VTA003107,2025-10-30,CLI0008,PROD0012,VEN002,SUC004,Telefónico,1,426500,287700
VTA003108,2026-05-05,CLI0062,PROD0013,VEN011,SUC009,Presencial,5,536200,395100
VTA003109,2026-05-02,CLI0028,PROD0041,VEN001,SUC005,Presencial,10,222500,139600
VTA003110,2025-02-20,CLI0091,PROD0004,VEN010,SUC010,Presencial,11,365500,289900
VTA003111,2026-06-27,CLI0053,PROD0005,VEN013,SUC003,Presencial,11,475700,311600
VTA003112,2026-04-28,CLI0100,PROD0035,VEN004,SUC002,Presencial,5,740600,448700
VTA003113,2025-07-30,CLI0030,PROD0023,VEN007,SUC007,Presencial,2,569900,411700
VTA003114,2025-05-08,CLI0012,PROD0015,VEN013,SUC010,Presencial,7,172100,111600
VTA003115,2025-04-01,CLI0089,PROD0009,VEN006,SUC007,Presencial,12,853000,456100
VTA003116,2025-10-26,CLI0085,PROD0015,VEN011,SUC005,Presencial,8,165500,107200
VTA003117,2025-09-11,CLI0097,PROD0014,VEN018,SUC007,Presencial,2,62500,43700
VTA003118,2026-03-13,CLI0052,PROD0009,VEN020,SUC006,Telefónico,5,765800,465100
VTA003119,2025-10-07,CLI0035,PROD0046,VEN019,SUC009,Telefónico,12,544700,350300
VTA003120,2025-10-23,CLI0014,PROD0025,VEN019,SUC008,Presencial,6,73700,61100
VTA003121,2025-01-01,CLI0030,PROD0019,VEN006,SUC006,Telefónico,6,663000,477900
VTA003122,2026-01-12,CLI0100,PROD0035,VEN012,SUC006,Presencial,11,728600,449700
VTA003123,2026-06-06,CLI0082,PROD0021,VEN013,SUC007,Web,6,844700,660200
VTA003124,2025-06-06,CLI0079,PROD0044,VEN001,SUC009,Telefónico,8,760200,586500
VTA003125,2025-10-08,CLI0040,PROD0033,VEN013,SUC004,Presencial,12,260100,168900
VTA003126,2025-02-20,CLI0061,PROD0043,VEN020,SUC001,Web,6,491400,355300
VTA003127,2025-04-21,CLI0077,PROD0015,VEN006,SUC007,Presencial,4,174400,110400
VTA003128,2025-06-04,CLI0054,PROD0004,VEN012,SUC004,Presencial,3,400800,288600
VTA003129,2026-03-10,CLI0047,PROD0019,VEN007,SUC003,Web,6,710300,463200
VTA003130,2026-03-28,CLI0027,PROD0005,VEN005,SUC001,Presencial,1,441500,300100
VTA003131,2025-10-29,CLI0034,PROD0003,VEN003,SUC006,Web,4,89200,62000
VTA003132,2026-06-18,CLI0029,PROD0021,VEN017,SUC010,Presencial,7,883600,673100
VTA003133,2026-06-01,CLI0008,PROD0049,VEN005,SUC001,Presencial,11,322000,251100
VTA003134,2025-03-24,CLI0010,PROD0002,VEN018,SUC003,Presencial,6,432800,245100
VTA003135,2025-03-12,CLI0022,PROD0045,VEN004,SUC005,Web,3,112400,94700
VTA003136,2025-09-13,CLI0086,PROD0021,VEN010,SUC001,Web,4,859000,661000
VTA003137,2026-06-07,CLI0062,PROD0006,VEN006,SUC007,Presencial,6,265500,181500
VTA003138,2026-06-19,CLI0066,PROD0030,VEN004,SUC009,Web,7,614300,443200
VTA003139,2025-04-13,CLI0068,PROD0038,VEN013,SUC005,Web,2,99300,60000
VTA003140,2026-03-13,CLI0093,PROD0028,VEN007,SUC009,Presencial,1,433300,268200
VTA003141,2025-01-05,CLI0095,PROD0015,VEN018,SUC002,Presencial,12,180800,107500
VTA003142,2025-11-05,CLI0073,PROD0010,VEN014,SUC010,Web,6,310000,226200
VTA003143,2025-07-15,CLI0087,PROD0050,VEN016,SUC008,Presencial,2,247900,201400
VTA003144,2025-05-24,CLI0055,PROD0047,VEN004,SUC005,Presencial,2,434300,352400
VTA003145,2026-03-05,CLI0049,PROD0037,VEN006,SUC004,Web,4,256300,167800
VTA003146,2026-03-30,CLI0093,PROD0006,VEN017,SUC008,Presencial,3,260400,183100
VTA003147,2026-05-16,CLI0091,PROD0008,VEN010,SUC006,Web,4,624800,383800
VTA003148,2025-12-24,CLI0092,PROD0027,VEN013,SUC001,Presencial,10,109000,75400
VTA003149,2025-11-21,CLI0055,PROD0048,VEN011,SUC004,Presencial,10,20900,12700
VTA003150,2026-07-30,CLI0013,PROD0019,VEN009,SUC008,Web,8,671700,478100
VTA003151,2026-04-01,CLI0090,PROD0025,VEN012,SUC003,Presencial,12,78200,58800
VTA003152,2025-04-16,CLI0074,PROD0037,VEN019,SUC009,Presencial,2,242300,164000
VTA003153,2025-04-12,CLI0070,PROD0025,VEN006,SUC008,Web,5,78600,61600
VTA003154,2026-01-05,CLI0060,PROD0014,VEN019,SUC007,Presencial,10,57700,43200
VTA003155,2025-12-26,CLI0056,PROD0048,VEN012,SUC005,Web,3,18800,12800
VTA003156,2025-02-22,CLI0050,PROD0019,VEN010,SUC007,Presencial,1,683100,463600
VTA003157,2026-05-26,CLI0078,PROD0015,VEN010,SUC001,Telefónico,10,178900,109200
VTA003158,2026-06-18,CLI0017,PROD0007,VEN005,SUC008,Web,4,558000,465800
VTA003159,2026-03-21,CLI0020,PROD0023,VEN005,SUC002,Presencial,6,623900,399900
VTA003160,2025-10-24,CLI0079,PROD0009,VEN012,SUC004,Presencial,5,807900,473600
VTA003161,2026-04-05,CLI0045,PROD0048,VEN012,SUC003,Presencial,8,20700,13000
VTA003162,2026-02-25,CLI0057,PROD0045,VEN009,SUC001,Presencial,11,117700,94200
VTA003163,2025-12-22,CLI0090,PROD0041,VEN002,SUC001,Presencial,11,196500,137200
VTA003164,2025-11-22,CLI0030,PROD0010,VEN007,SUC009,Telefónico,6,351000,228500
VTA003165,2026-04-07,CLI0041,PROD0017,VEN002,SUC001,Presencial,6,216300,148900
VTA003166,2026-03-22,CLI0017,PROD0008,VEN002,SUC006,Web,9,602700,377600
VTA003167,2025-08-17,CLI0035,PROD0010,VEN006,SUC002,Presencial,4,322400,231600
VTA003168,2026-06-04,CLI0023,PROD0013,VEN004,SUC010,Web,9,502700,395800
VTA003169,2025-09-20,CLI0008,PROD0020,VEN016,SUC002,Web,11,519300,402200
VTA003170,2026-04-22,CLI0021,PROD0033,VEN020,SUC004,Presencial,4,243300,169900
VTA003171,2025-11-15,CLI0093,PROD0020,VEN018,SUC002,Presencial,5,536500,416700
VTA003172,2026-06-16,CLI0074,PROD0047,VEN019,SUC007,Presencial,12,399300,357300
VTA003173,2026-04-28,CLI0067,PROD0043,VEN016,SUC009,Telefónico,4,490700,358800
VTA003174,2025-12-26,CLI0049,PROD0018,VEN017,SUC002,Presencial,6,201500,146600
VTA003175,2025-07-03,CLI0011,PROD0036,VEN015,SUC006,Telefónico,7,545600,316500
VTA003176,2025-07-31,CLI0008,PROD0047,VEN010,SUC008,Telefónico,1,442300,354100
VTA003177,2025-09-29,CLI0026,PROD0050,VEN003,SUC007,Presencial,1,280500,209700
VTA003178,2025-03-15,CLI0033,PROD0020,VEN009,SUC007,Presencial,7,496300,416900
VTA003179,2025-07-11,CLI0082,PROD0045,VEN013,SUC006,Web,4,129200,94400
VTA003180,2025-11-07,CLI0017,PROD0021,VEN010,SUC008,Presencial,9,816100,664500
VTA003181,2025-08-19,CLI0021,PROD0001,VEN012,SUC001,Presencial,3,411200,250100
VTA003182,2026-06-14,CLI0064,PROD0024,VEN013,SUC003,Presencial,5,779500,592500
VTA003183,2025-04-24,CLI0041,PROD0011,VEN001,SUC008,Web,1,810800,676500
VTA003184,2026-06-11,CLI0016,PROD0046,VEN006,SUC008,Web,5,590100,349600
VTA003185,2025-03-21,CLI0065,PROD0030,VEN001,SUC006,Web,1,644600,452500
VTA003186,2026-05-17,CLI0067,PROD0019,VEN003,SUC002,Web,2,684900,460300
VTA003187,2025-03-20,CLI0041,PROD0036,VEN001,SUC007,Telefónico,9,498400,326000
VTA003188,2026-03-06,CLI0052,PROD0003,VEN003,SUC003,Presencial,5,88500,60100
VTA003189,2026-05-08,CLI0020,PROD0047,VEN018,SUC003,Presencial,1,454900,352500
VTA003190,2025-07-31,CLI0096,PROD0039,VEN004,SUC003,Web,1,313300,215700
VTA003191,2025-02-21,CLI0096,PROD0011,VEN013,SUC006,Presencial,11,816200,696000
VTA003192,2025-03-27,CLI0068,PROD0048,VEN004,SUC004,Telefónico,9,20600,13200
VTA003193,2026-02-11,CLI0097,PROD0047,VEN019,SUC007,Presencial,6,406600,362400
VTA003194,2025-07-24,CLI0020,PROD0043,VEN018,SUC008,Web,10,459100,356300
VTA003195,2025-02-23,CLI0016,PROD0044,VEN007,SUC006,Presencial,11,785900,584100
VTA003196,2025-01-17,CLI0046,PROD0025,VEN003,SUC007,Web,8,75300,60900
VTA003197,2025-05-07,CLI0032,PROD0045,VEN002,SUC004,Web,9,122100,93600
VTA003198,2025-10-07,CLI0017,PROD0016,VEN002,SUC002,Web,5,147500,109300
VTA003199,2025-04-21,CLI0093,PROD0050,VEN016,SUC003,Presencial,5,272700,208100
VTA003200,2026-06-06,CLI0037,PROD0028,VEN017,SUC003,Presencial,2,420500,271700
VTA003201,2025-07-06,CLI0035,PROD0048,VEN007,SUC002,Presencial,11,20000,12900
VTA003202,2026-01-21,CLI0076,PROD0049,VEN005,SUC002,Presencial,8,325200,246000
VTA003203,2025-06-14,CLI0078,PROD0045,VEN016,SUC003,Web,4,125700,94900
VTA003204,2025-06-01,CLI0033,PROD0018,VEN008,SUC009,Presencial,5,211000,151200
VTA003205,2026-07-31,CLI0029,PROD0002,VEN011,SUC007,Presencial,2,467500,235400
VTA003206,2025-12-02,CLI0012,PROD0008,VEN016,SUC001,Web,5,631600,377000
VTA003207,2025-06-02,CLI0080,PROD0041,VEN011,SUC010,Telefónico,10,198800,136900
VTA003208,2026-04-25,CLI0010,PROD0004,VEN004,SUC007,Presencial,11,375400,297700
VTA003209,2025-02-16,CLI0096,PROD0016,VEN005,SUC010,Presencial,11,138200,110400
VTA003210,2025-10-04,CLI0055,PROD0046,VEN017,SUC001,Web,4,584000,354400
VTA003211,2025-07-01,CLI0084,PROD0020,VEN007,SUC010,Web,9,477500,415800
VTA003212,2025-07-08,CLI0055,PROD0039,VEN020,SUC004,Web,9,310500,215600
VTA003213,2026-01-11,CLI0056,PROD0031,VEN001,SUC008,Telefónico,4,249100,203400
VTA003214,2026-04-07,CLI0078,PROD0047,VEN004,SUC005,Presencial,4,428500,357100
VTA003215,2025-10-12,CLI0093,PROD0049,VEN003,SUC003,Web,5,357700,252600
VTA003216,2025-09-10,CLI0046,PROD0029,VEN010,SUC007,Presencial,10,690800,423900
VTA003217,2026-06-24,CLI0099,PROD0044,VEN019,SUC010,Presencial,12,804600,579800
VTA003218,2025-06-01,CLI0026,PROD0037,VEN018,SUC001,Telefónico,3,251200,160900
VTA003219,2025-08-03,CLI0062,PROD0022,VEN001,SUC009,Web,12,461700,311900
VTA003220,2025-09-30,CLI0037,PROD0013,VEN016,SUC010,Web,1,528300,405100
VTA003221,2025-07-12,CLI0034,PROD0021,VEN005,SUC003,Telefónico,3,855300,656500
VTA003222,2026-06-07,CLI0067,PROD0043,VEN019,SUC003,Web,2,474800,361400
VTA003223,2025-10-22,CLI0033,PROD0003,VEN007,SUC005,Web,7,90800,61700
VTA003224,2026-05-08,CLI0059,PROD0017,VEN016,SUC008,Web,5,213000,152000
VTA003225,2026-07-31,CLI0053,PROD0003,VEN012,SUC009,Web,1,90000,61300
VTA003226,2025-06-22,CLI0022,PROD0009,VEN013,SUC005,Presencial,1,783900,464200
VTA003227,2026-07-31,CLI0005,PROD0008,VEN020,SUC007,Presencial,1,654500,378100
VTA003228,2026-01-01,CLI0047,PROD0006,VEN017,SUC009,Web,3,269500,185700
VTA003229,2025-12-19,CLI0100,PROD0018,VEN015,SUC006,Telefónico,3,211400,151100
VTA003230,2025-01-25,CLI0014,PROD0015,VEN006,SUC010,Presencial,10,172300,108300
VTA003231,2025-03-18,CLI0004,PROD0021,VEN020,SUC002,Web,3,790000,666000
VTA003232,2026-06-28,CLI0046,PROD0039,VEN016,SUC001,Web,6,353400,214400
VTA003233,2026-05-11,CLI0008,PROD0013,VEN001,SUC009,Presencial,10,474500,397700
VTA003234,2025-09-05,CLI0072,PROD0016,VEN004,SUC008,Web,3,146800,113000
VTA003235,2025-08-04,CLI0030,PROD0001,VEN017,SUC006,Presencial,10,434600,246700
VTA003236,2025-04-26,CLI0018,PROD0023,VEN017,SUC007,Presencial,2,600300,411700
VTA003237,2026-03-25,CLI0070,PROD0002,VEN014,SUC001,Web,1,467000,241100
VTA003238,2025-08-04,CLI0023,PROD0008,VEN001,SUC005,Presencial,10,597600,386400
VTA003239,2025-10-16,CLI0098,PROD0037,VEN010,SUC009,Web,2,236200,167000
VTA003240,2026-02-01,CLI0054,PROD0029,VEN008,SUC002,Presencial,2,629000,416200
VTA003241,2025-09-23,CLI0045,PROD0018,VEN008,SUC003,Telefónico,8,188200,148200
VTA003242,2026-02-07,CLI0007,PROD0041,VEN013,SUC007,Web,8,217600,137000
VTA003243,2025-07-29,CLI0022,PROD0024,VEN001,SUC005,Presencial,4,739500,572700
VTA003244,2026-02-16,CLI0042,PROD0016,VEN018,SUC003,Telefónico,12,136500,109500
VTA003245,2026-04-16,CLI0060,PROD0047,VEN020,SUC003,Presencial,10,467300,356100
VTA003246,2025-04-10,CLI0098,PROD0044,VEN017,SUC002,Presencial,3,796000,609200
VTA003247,2025-12-04,CLI0097,PROD0049,VEN008,SUC002,Web,7,355500,252100
VTA003248,2025-04-29,CLI0010,PROD0038,VEN014,SUC010,Web,10,88800,59300
VTA003249,2026-01-27,CLI0016,PROD0022,VEN019,SUC004,Telefónico,11,500500,323200
VTA003250,2026-03-24,CLI0036,PROD0010,VEN018,SUC003,Presencial,5,305400,233700
VTA003251,2026-01-22,CLI0074,PROD0027,VEN010,SUC007,Web,9,99300,76900
VTA003252,2025-03-03,CLI0054,PROD0023,VEN010,SUC002,Presencial,6,602900,394300
VTA003253,2025-12-23,CLI0059,PROD0042,VEN009,SUC003,Telefónico,10,415800,279500
VTA003254,2025-11-01,CLI0021,PROD0033,VEN001,SUC002,Web,9,268100,171800
VTA003255,2025-10-01,CLI0059,PROD0015,VEN009,SUC004,Web,2,164800,106500
VTA003256,2025-08-04,CLI0084,PROD0016,VEN018,SUC003,Telefónico,5,152100,109400
VTA003257,2025-04-10,CLI0063,PROD0017,VEN016,SUC004,Web,10,198200,150300
VTA003258,2025-12-30,CLI0094,PROD0036,VEN003,SUC007,Web,9,504700,322900
VTA003259,2025-02-06,CLI0001,PROD0002,VEN015,SUC001,Telefónico,1,406200,240000
VTA003260,2026-07-05,CLI0076,PROD0026,VEN014,SUC010,Web,9,530200,388400
VTA003261,2025-09-24,CLI0077,PROD0046,VEN006,SUC010,Presencial,6,582000,356600
VTA003262,2025-09-30,CLI0090,PROD0028,VEN009,SUC003,Presencial,7,486000,277400
VTA003263,2025-07-30,CLI0005,PROD0033,VEN018,SUC004,Presencial,9,242000,175900
VTA003264,2025-11-23,CLI0014,PROD0033,VEN019,SUC008,Web,12,262200,173100
VTA003265,2025-03-16,CLI0066,PROD0044,VEN016,SUC008,Presencial,12,833400,587100
VTA003266,2025-10-28,CLI0021,PROD0023,VEN012,SUC009,Telefónico,7,641100,407300
VTA003267,2025-10-11,CLI0079,PROD0015,VEN003,SUC002,Presencial,4,185600,107000
VTA003268,2026-03-17,CLI0036,PROD0019,VEN014,SUC003,Presencial,5,642000,469600
VTA003269,2026-01-26,CLI0044,PROD0022,VEN012,SUC003,Presencial,6,521100,320800
VTA003270,2025-06-02,CLI0064,PROD0004,VEN019,SUC002,Presencial,4,394400,293200
VTA003271,2026-04-11,CLI0061,PROD0044,VEN003,SUC007,Web,3,728900,597600
VTA003272,2026-03-15,CLI0069,PROD0009,VEN015,SUC001,Telefónico,9,783900,462400
VTA003273,2026-01-19,CLI0073,PROD0048,VEN012,SUC001,Telefónico,1,20700,12800
VTA003274,2026-07-10,CLI0068,PROD0042,VEN019,SUC001,Presencial,10,411700,280600
VTA003275,2026-03-04,CLI0005,PROD0032,VEN007,SUC009,Presencial,2,330600,187200
VTA003276,2026-06-27,CLI0091,PROD0049,VEN002,SUC004,Presencial,11,352200,245100
VTA003277,2025-06-17,CLI0046,PROD0044,VEN016,SUC006,Web,7,760200,581700
VTA003278,2025-09-09,CLI0051,PROD0013,VEN005,SUC003,Presencial,5,487300,390600
VTA003279,2025-11-07,CLI0079,PROD0038,VEN017,SUC006,Presencial,10,97000,60200
VTA003280,2026-03-27,CLI0031,PROD0030,VEN002,SUC001,Presencial,5,586900,454400
VTA003281,2025-09-28,CLI0056,PROD0027,VEN017,SUC004,Presencial,2,101600,74900
VTA003282,2025-09-19,CLI0009,PROD0006,VEN011,SUC007,Presencial,4,265000,184700
VTA003283,2026-01-27,CLI0081,PROD0034,VEN009,SUC005,Web,2,541000,421800
VTA003284,2025-02-21,CLI0067,PROD0012,VEN010,SUC009,Web,7,451000,284800
VTA003285,2025-05-03,CLI0053,PROD0026,VEN007,SUC009,Web,12,509300,388000
VTA003286,2025-01-28,CLI0012,PROD0048,VEN003,SUC001,Web,7,21100,13000
VTA003287,2025-05-07,CLI0053,PROD0031,VEN012,SUC001,Presencial,12,256100,202400
VTA003288,2025-06-05,CLI0060,PROD0025,VEN011,SUC009,Web,5,71700,61000
VTA003289,2026-01-30,CLI0097,PROD0050,VEN010,SUC004,Presencial,1,268000,205200
VTA003290,2026-03-17,CLI0089,PROD0048,VEN020,SUC005,Web,2,20800,12900
VTA003291,2026-05-26,CLI0055,PROD0017,VEN017,SUC003,Presencial,11,204300,149200
VTA003292,2026-02-17,CLI0079,PROD0001,VEN006,SUC001,Web,2,428700,252300
VTA003293,2025-11-09,CLI0085,PROD0016,VEN006,SUC007,Telefónico,4,139800,110700
VTA003294,2025-06-14,CLI0073,PROD0037,VEN007,SUC002,Presencial,3,237600,167800
VTA003295,2025-07-10,CLI0087,PROD0038,VEN003,SUC001,Telefónico,3,96700,58300
VTA003296,2025-12-11,CLI0024,PROD0021,VEN008,SUC002,Presencial,12,843100,675000
VTA003297,2026-05-04,CLI0015,PROD0019,VEN013,SUC002,Web,3,642200,473500
VTA003298,2025-11-23,CLI0055,PROD0001,VEN008,SUC007,Presencial,4,431400,253400
VTA003299,2026-03-21,CLI0096,PROD0016,VEN009,SUC001,Presencial,1,139200,108800
VTA003300,2026-06-05,CLI0010,PROD0009,VEN013,SUC009,Presencial,7,769900,475600
VTA003301,2026-04-03,CLI0055,PROD0050,VEN014,SUC009,Presencial,9,269000,201800
VTA003302,2026-07-29,CLI0061,PROD0024,VEN004,SUC002,Presencial,7,675600,584800
VTA003303,2025-02-07,CLI0075,PROD0028,VEN012,SUC010,Presencial,6,457200,281200
VTA003304,2026-02-26,CLI0046,PROD0010,VEN020,SUC002,Web,4,347800,232800
VTA003305,2026-06-08,CLI0022,PROD0023,VEN010,SUC006,Presencial,1,584000,402000
VTA003306,2026-06-20,CLI0059,PROD0043,VEN019,SUC006,Presencial,3,471300,365900
VTA003307,2026-04-09,CLI0052,PROD0039,VEN004,SUC009,Presencial,8,315700,210400
VTA003308,2026-01-16,CLI0045,PROD0028,VEN006,SUC010,Presencial,5,429700,272200
VTA003309,2026-05-21,CLI0064,PROD0015,VEN007,SUC007,Presencial,6,165700,111100
VTA003310,2025-09-01,CLI0044,PROD0020,VEN012,SUC002,Presencial,11,491700,410400
VTA003311,2025-06-14,CLI0067,PROD0004,VEN010,SUC001,Presencial,2,383200,294000
VTA003312,2025-07-26,CLI0015,PROD0007,VEN019,SUC002,Presencial,8,617000,453100
VTA003313,2025-06-28,CLI0042,PROD0031,VEN004,SUC007,Telefónico,3,284600,206000
VTA003314,2025-08-19,CLI0043,PROD0035,VEN010,SUC004,Web,1,695400,449600
VTA003315,2026-04-02,CLI0058,PROD0020,VEN018,SUC006,Presencial,11,538300,404400
VTA003316,2026-04-07,CLI0011,PROD0017,VEN003,SUC006,Presencial,1,198000,151300
VTA003317,2026-07-20,CLI0061,PROD0018,VEN019,SUC004,Presencial,12,208300,148000
VTA003318,2026-02-08,CLI0051,PROD0019,VEN003,SUC009,Web,11,660100,461600
VTA003319,2025-05-21,CLI0084,PROD0049,VEN016,SUC005,Presencial,11,325800,246100
VTA003320,2025-12-22,CLI0013,PROD0022,VEN002,SUC009,Presencial,9,478000,308900
VTA003321,2025-07-12,CLI0049,PROD0011,VEN013,SUC007,Presencial,10,789700,697800
VTA003322,2025-08-05,CLI0037,PROD0016,VEN005,SUC009,Telefónico,9,143900,109400
VTA003323,2025-08-18,CLI0020,PROD0023,VEN008,SUC006,Web,4,585000,398900
VTA003324,2025-06-18,CLI0006,PROD0003,VEN002,SUC005,Presencial,12,81700,61800
VTA003325,2025-09-04,CLI0058,PROD0015,VEN002,SUC001,Web,3,172500,109300
VTA003326,2026-01-21,CLI0081,PROD0047,VEN002,SUC010,Web,12,442900,347900
VTA003327,2026-01-20,CLI0030,PROD0050,VEN010,SUC010,Web,12,288500,207200
VTA003328,2025-04-19,CLI0042,PROD0046,VEN009,SUC009,Presencial,12,604400,365700
VTA003329,2026-06-16,CLI0100,PROD0014,VEN012,SUC007,Web,9,54700,43700
VTA003330,2025-05-15,CLI0030,PROD0043,VEN006,SUC002,Web,3,484700,363100
VTA003331,2026-07-14,CLI0077,PROD0031,VEN012,SUC007,Web,4,274900,200100
VTA003332,2025-12-29,CLI0030,PROD0040,VEN015,SUC003,Presencial,11,236700,153100
VTA003333,2026-02-25,CLI0064,PROD0002,VEN020,SUC004,Telefónico,5,430500,236800
VTA003334,2025-05-08,CLI0001,PROD0021,VEN004,SUC007,Presencial,8,803900,649200
VTA003335,2025-08-21,CLI0018,PROD0040,VEN001,SUC004,Presencial,12,231100,152200
VTA003336,2025-11-17,CLI0053,PROD0003,VEN005,SUC007,Presencial,5,85000,60600
VTA003337,2025-03-30,CLI0018,PROD0047,VEN003,SUC005,Presencial,6,432400,355900
VTA003338,2025-07-01,CLI0012,PROD0047,VEN010,SUC006,Telefónico,6,452600,349900
VTA003339,2026-03-20,CLI0016,PROD0021,VEN010,SUC001,Presencial,12,842600,668600
VTA003340,2026-06-20,CLI0058,PROD0043,VEN002,SUC006,Presencial,3,464200,365700
VTA003341,2026-01-12,CLI0092,PROD0039,VEN011,SUC010,Presencial,3,349500,217500
VTA003342,2025-10-09,CLI0014,PROD0029,VEN020,SUC010,Web,7,705000,429100
VTA003343,2025-09-02,CLI0079,PROD0037,VEN010,SUC009,Presencial,6,232400,162400
VTA003344,2025-08-14,CLI0047,PROD0029,VEN010,SUC006,Presencial,6,653400,426400
VTA003345,2026-02-20,CLI0095,PROD0012,VEN008,SUC007,Web,2,406900,287100
VTA003346,2026-03-31,CLI0016,PROD0019,VEN008,SUC007,Web,2,706700,464100
VTA003347,2025-03-21,CLI0016,PROD0008,VEN001,SUC003,Presencial,1,635800,380900
VTA003348,2025-04-02,CLI0067,PROD0036,VEN018,SUC006,Presencial,1,550000,317000
VTA003349,2025-01-30,CLI0070,PROD0027,VEN011,SUC008,Web,2,101100,77900
VTA003350,2025-11-18,CLI0002,PROD0024,VEN017,SUC001,Web,10,675400,580800
VTA003351,2025-05-17,CLI0055,PROD0007,VEN009,SUC003,Web,3,537600,448200
VTA003352,2025-08-09,CLI0013,PROD0019,VEN002,SUC002,Web,2,720000,473900
VTA003353,2026-02-26,CLI0071,PROD0018,VEN002,SUC002,Presencial,3,211200,151200
VTA003354,2025-09-02,CLI0054,PROD0046,VEN001,SUC010,Web,8,547200,356800
VTA003355,2025-11-10,CLI0002,PROD0016,VEN006,SUC006,Telefónico,3,153100,113700
VTA003356,2025-12-08,CLI0020,PROD0034,VEN020,SUC007,Presencial,4,552200,422300
VTA003357,2025-07-19,CLI0032,PROD0039,VEN013,SUC005,Telefónico,2,324000,214500
VTA003358,2025-09-30,CLI0082,PROD0038,VEN015,SUC003,Presencial,3,91800,58300
VTA003359,2026-03-12,CLI0022,PROD0011,VEN013,SUC004,Presencial,1,805800,673400
VTA003360,2026-01-19,CLI0037,PROD0021,VEN003,SUC002,Telefónico,7,823100,667200
VTA003361,2025-10-15,CLI0059,PROD0044,VEN011,SUC004,Web,9,779200,605800
VTA003362,2026-03-27,CLI0046,PROD0031,VEN006,SUC009,Presencial,8,269000,197700
VTA003363,2025-04-08,CLI0019,PROD0026,VEN019,SUC008,Telefónico,6,568900,382400
VTA003364,2025-06-20,CLI0028,PROD0030,VEN019,SUC010,Presencial,4,637900,453100
VTA003365,2025-09-16,CLI0030,PROD0045,VEN011,SUC003,Presencial,11,116600,93900
VTA003366,2026-05-28,CLI0065,PROD0002,VEN004,SUC007,Web,1,404000,246000
VTA003367,2026-04-05,CLI0005,PROD0019,VEN020,SUC004,Web,7,681700,481800
VTA003368,2026-07-09,CLI0024,PROD0040,VEN006,SUC001,Telefónico,9,208000,154000
VTA003369,2025-12-03,CLI0098,PROD0033,VEN017,SUC010,Presencial,7,251700,168900
VTA003370,2025-03-24,CLI0015,PROD0031,VEN019,SUC004,Telefónico,8,264000,200500
VTA003371,2025-12-16,CLI0006,PROD0042,VEN018,SUC003,Telefónico,10,407600,276800
VTA003372,2025-02-13,CLI0097,PROD0039,VEN008,SUC007,Web,1,330400,213900
VTA003373,2025-04-13,CLI0047,PROD0050,VEN006,SUC002,Web,7,256100,207800
VTA003374,2025-08-02,CLI0077,PROD0015,VEN014,SUC001,Web,2,176200,111500
VTA003375,2025-08-25,CLI0086,PROD0040,VEN012,SUC008,Presencial,9,215600,152600
VTA003376,2025-12-02,CLI0048,PROD0043,VEN010,SUC008,Web,11,467600,350200
VTA003377,2026-06-14,CLI0073,PROD0024,VEN003,SUC009,Web,9,713200,590900
VTA003378,2025-02-16,CLI0081,PROD0033,VEN002,SUC004,Web,10,262000,174500
VTA003379,2025-01-13,CLI0091,PROD0001,VEN008,SUC006,Web,12,415200,249500
VTA003380,2026-02-16,CLI0100,PROD0001,VEN013,SUC003,Web,6,437000,251300
VTA003381,2026-01-06,CLI0037,PROD0014,VEN015,SUC001,Presencial,11,61100,42700
VTA003382,2026-05-10,CLI0045,PROD0049,VEN005,SUC003,Presencial,10,352200,243100
VTA003383,2025-04-14,CLI0015,PROD0050,VEN019,SUC002,Web,3,259100,206100
VTA003384,2026-01-10,CLI0064,PROD0048,VEN014,SUC001,Presencial,12,18500,12700
VTA003385,2025-12-18,CLI0083,PROD0018,VEN018,SUC006,Web,3,185100,147600
VTA003386,2026-06-14,CLI0055,PROD0013,VEN015,SUC008,Telefónico,5,473300,409100
VTA003387,2025-05-16,CLI0094,PROD0021,VEN017,SUC006,Presencial,2,878600,674000
VTA003388,2025-01-09,CLI0028,PROD0043,VEN020,SUC007,Web,12,460700,356600
VTA003389,2025-06-05,CLI0096,PROD0028,VEN007,SUC005,Presencial,4,466100,276700
VTA003390,2025-02-10,CLI0022,PROD0005,VEN020,SUC003,Presencial,12,413500,309900
VTA003391,2025-10-24,CLI0040,PROD0048,VEN014,SUC006,Presencial,6,20500,13300
VTA003392,2025-04-15,CLI0026,PROD0017,VEN007,SUC002,Web,9,226700,150300
VTA003393,2025-06-23,CLI0010,PROD0041,VEN005,SUC003,Web,3,196800,138700
VTA003394,2025-07-25,CLI0022,PROD0008,VEN019,SUC001,Web,9,682300,379300
VTA003395,2026-05-24,CLI0073,PROD0002,VEN009,SUC010,Presencial,3,418300,243500
VTA003396,2026-01-11,CLI0083,PROD0019,VEN012,SUC002,Presencial,9,642200,482000
VTA003397,2025-06-03,CLI0066,PROD0032,VEN011,SUC001,Presencial,4,321600,185200
VTA003398,2025-11-17,CLI0035,PROD0018,VEN013,SUC010,Telefónico,1,197800,153100
VTA003399,2025-04-30,CLI0031,PROD0016,VEN006,SUC002,Presencial,8,144900,114000
VTA003400,2025-07-04,CLI0014,PROD0037,VEN004,SUC002,Presencial,3,259300,164800
VTA003401,2026-03-23,CLI0081,PROD0008,VEN007,SUC010,Presencial,6,663400,379800
VTA003402,2025-03-31,CLI0040,PROD0047,VEN016,SUC009,Telefónico,3,453900,348400
VTA003403,2025-04-30,CLI0037,PROD0037,VEN009,SUC007,Web,10,243900,166200
VTA003404,2025-08-17,CLI0040,PROD0011,VEN019,SUC008,Presencial,9,786900,694700
VTA003405,2025-08-20,CLI0027,PROD0041,VEN004,SUC005,Telefónico,11,202600,141700
VTA003406,2025-12-03,CLI0053,PROD0017,VEN002,SUC004,Web,5,206300,145100
VTA003407,2026-04-04,CLI0046,PROD0015,VEN004,SUC005,Presencial,4,169200,110900
VTA003408,2025-11-18,CLI0066,PROD0048,VEN010,SUC005,Web,6,18700,13000
VTA003409,2026-04-10,CLI0044,PROD0002,VEN004,SUC009,Telefónico,10,441500,239600
VTA003410,2025-08-01,CLI0059,PROD0017,VEN003,SUC005,Presencial,6,213100,147800
VTA003411,2025-02-01,CLI0077,PROD0006,VEN020,SUC008,Presencial,12,271100,185200
VTA003412,2026-04-22,CLI0055,PROD0040,VEN013,SUC004,Web,10,237400,153700
VTA003413,2025-07-05,CLI0044,PROD0019,VEN004,SUC007,Telefónico,12,725200,480500
VTA003414,2025-01-12,CLI0005,PROD0010,VEN019,SUC004,Presencial,12,303600,234300
VTA003415,2026-05-26,CLI0002,PROD0002,VEN013,SUC007,Web,12,448600,236100
VTA003416,2026-06-15,CLI0037,PROD0021,VEN016,SUC010,Web,11,788200,671400
VTA003417,2026-03-21,CLI0061,PROD0033,VEN018,SUC004,Web,4,241600,168400
VTA003418,2026-07-03,CLI0092,PROD0031,VEN002,SUC008,Presencial,1,267800,201400
VTA003419,2026-05-27,CLI0021,PROD0024,VEN017,SUC008,Presencial,3,674200,581900
VTA003420,2025-11-23,CLI0043,PROD0001,VEN004,SUC010,Web,11,407700,250700
VTA003421,2026-01-28,CLI0012,PROD0008,VEN006,SUC001,Web,7,675200,376300
VTA003422,2025-08-21,CLI0020,PROD0031,VEN016,SUC001,Telefónico,6,255100,204600
VTA003423,2025-01-27,CLI0005,PROD0044,VEN009,SUC004,Presencial,7,723900,581200
VTA003424,2025-08-11,CLI0048,PROD0009,VEN005,SUC006,Presencial,10,782700,466000
VTA003425,2026-06-01,CLI0063,PROD0013,VEN016,SUC003,Presencial,11,532600,390900
VTA003426,2025-08-19,CLI0051,PROD0017,VEN016,SUC010,Web,2,213400,145400
VTA003427,2026-07-31,CLI0045,PROD0022,VEN018,SUC009,Web,2,500100,317400
VTA003428,2025-10-28,CLI0043,PROD0013,VEN004,SUC001,Presencial,6,480500,398200
VTA003429,2025-11-30,CLI0025,PROD0015,VEN007,SUC006,Presencial,3,169000,109400
VTA003430,2025-09-26,CLI0003,PROD0029,VEN008,SUC007,Web,5,689400,421100
VTA003431,2025-03-20,CLI0071,PROD0032,VEN020,SUC010,Web,2,326700,179700
VTA003432,2025-12-24,CLI0051,PROD0012,VEN010,SUC008,Web,4,420500,280600
VTA003433,2026-02-01,CLI0012,PROD0023,VEN016,SUC009,Telefónico,11,572800,408500
VTA003434,2026-03-18,CLI0089,PROD0021,VEN002,SUC008,Presencial,12,810800,678300
VTA003435,2025-12-17,CLI0060,PROD0050,VEN019,SUC006,Telefónico,10,263100,204700
VTA003436,2026-01-29,CLI0057,PROD0043,VEN020,SUC007,Presencial,5,465900,362200
VTA003437,2026-01-06,CLI0020,PROD0002,VEN010,SUC004,Web,7,439000,246100
VTA003438,2025-02-06,CLI0075,PROD0036,VEN005,SUC005,Web,4,487200,323300
VTA003439,2025-06-26,CLI0036,PROD0004,VEN012,SUC007,Web,7,396500,294200
VTA003440,2025-07-01,CLI0050,PROD0033,VEN008,SUC008,Web,6,243100,172600
VTA003441,2025-03-01,CLI0052,PROD0037,VEN014,SUC007,Telefónico,1,250800,166400
VTA003442,2025-08-14,CLI0025,PROD0016,VEN016,SUC003,Web,12,133700,111300
VTA003443,2026-07-30,CLI0049,PROD0019,VEN013,SUC006,Telefónico,11,689500,472900
VTA003444,2025-03-05,CLI0041,PROD0026,VEN019,SUC007,Web,3,502500,384200
VTA003445,2025-01-27,CLI0071,PROD0003,VEN010,SUC008,Presencial,5,90300,62000
VTA003446,2025-01-17,CLI0044,PROD0046,VEN003,SUC005,Web,3,595100,352400
VTA003447,2026-05-24,CLI0081,PROD0002,VEN004,SUC008,Web,9,462100,235900
VTA003448,2025-07-19,CLI0012,PROD0015,VEN006,SUC010,Presencial,5,172500,108000
VTA003449,2025-03-29,CLI0055,PROD0042,VEN012,SUC009,Web,5,396700,284600
VTA003450,2025-10-16,CLI0058,PROD0042,VEN012,SUC002,Web,10,384600,284900
VTA003451,2026-06-27,CLI0080,PROD0029,VEN002,SUC010,Telefónico,11,720900,426900
VTA003452,2025-12-10,CLI0016,PROD0004,VEN001,SUC004,Presencial,4,353000,293500
VTA003453,2025-10-14,CLI0027,PROD0002,VEN008,SUC003,Presencial,11,428700,236600
VTA003454,2025-05-31,CLI0089,PROD0034,VEN014,SUC010,Web,3,534400,406400
VTA003455,2025-02-07,CLI0087,PROD0002,VEN001,SUC008,Web,4,462500,237300
VTA003456,2026-04-20,CLI0033,PROD0022,VEN014,SUC002,Presencial,11,500300,308900
VTA003457,2025-02-01,CLI0069,PROD0010,VEN005,SUC007,Web,4,318600,227400
VTA003458,2026-05-08,CLI0057,PROD0020,VEN003,SUC010,Telefónico,7,485000,400400
VTA003459,2025-12-06,CLI0051,PROD0040,VEN010,SUC007,Web,5,234700,147100
VTA003460,2025-02-04,CLI0030,PROD0037,VEN002,SUC004,Presencial,9,231100,162700
VTA003461,2025-01-07,CLI0068,PROD0027,VEN006,SUC009,Telefónico,12,98800,75200
VTA003462,2025-05-07,CLI0007,PROD0042,VEN011,SUC001,Web,11,407600,284900
VTA003463,2026-04-04,CLI0021,PROD0025,VEN018,SUC002,Web,1,79400,59600
VTA003464,2025-07-07,CLI0098,PROD0040,VEN002,SUC006,Web,9,230900,152500
VTA003465,2025-01-18,CLI0065,PROD0006,VEN011,SUC009,Presencial,5,264100,183000
VTA003466,2026-02-24,CLI0010,PROD0036,VEN004,SUC005,Web,5,510900,324100
VTA003467,2025-11-21,CLI0012,PROD0026,VEN012,SUC003,Presencial,1,493200,385500
VTA003468,2025-10-18,CLI0072,PROD0011,VEN010,SUC002,Web,6,877400,684700
VTA003469,2025-08-28,CLI0032,PROD0029,VEN014,SUC009,Web,4,646600,415200
VTA003470,2025-11-24,CLI0057,PROD0016,VEN001,SUC004,Presencial,6,151800,112500
VTA003471,2026-05-14,CLI0045,PROD0008,VEN015,SUC001,Presencial,11,604300,387600
VTA003472,2025-12-27,CLI0050,PROD0028,VEN012,SUC006,Web,4,429700,269800
VTA003473,2025-12-07,CLI0025,PROD0010,VEN008,SUC004,Telefónico,1,309500,229400
VTA003474,2026-02-02,CLI0042,PROD0047,VEN014,SUC009,Telefónico,7,438400,357200
VTA003475,2026-04-15,CLI0074,PROD0017,VEN011,SUC004,Web,8,214100,152000
VTA003476,2026-04-17,CLI0062,PROD0041,VEN008,SUC008,Web,7,195400,139800
VTA003477,2025-03-20,CLI0073,PROD0049,VEN006,SUC007,Web,8,334900,250400
VTA003478,2025-11-22,CLI0012,PROD0029,VEN008,SUC010,Presencial,4,624000,421000
VTA003479,2025-02-08,CLI0013,PROD0042,VEN014,SUC003,Presencial,11,361800,280900
VTA003480,2026-07-22,CLI0100,PROD0024,VEN017,SUC003,Presencial,7,705800,573900
VTA003481,2025-03-11,CLI0045,PROD0031,VEN014,SUC003,Web,2,273000,202200
VTA003482,2026-01-29,CLI0016,PROD0009,VEN013,SUC010,Web,2,799400,475100
VTA003483,2026-03-02,CLI0008,PROD0022,VEN011,SUC008,Presencial,3,508300,322500
VTA003484,2026-02-24,CLI0011,PROD0010,VEN007,SUC002,Presencial,4,328800,231100
VTA003485,2025-05-06,CLI0046,PROD0039,VEN018,SUC003,Web,10,323000,218700
VTA003486,2026-01-02,CLI0071,PROD0009,VEN017,SUC008,Telefónico,12,879600,473500
VTA003487,2025-02-22,CLI0072,PROD0043,VEN012,SUC001,Web,1,443000,356200
VTA003488,2026-07-14,CLI0026,PROD0035,VEN013,SUC003,Presencial,7,775400,450100
VTA003489,2025-05-08,CLI0028,PROD0049,VEN014,SUC007,Presencial,2,356200,244300
VTA003490,2025-09-02,CLI0067,PROD0018,VEN011,SUC007,Presencial,4,211400,151800
VTA003491,2025-09-25,CLI0015,PROD0047,VEN001,SUC001,Presencial,11,456000,359400
VTA003492,2026-07-09,CLI0078,PROD0015,VEN018,SUC001,Web,4,170700,108500
VTA003493,2026-06-21,CLI0081,PROD0046,VEN013,SUC007,Telefónico,10,595900,366000
VTA003494,2025-07-12,CLI0033,PROD0036,VEN020,SUC006,Presencial,11,553800,324500
VTA003495,2025-10-17,CLI0039,PROD0025,VEN012,SUC007,Presencial,2,79500,59600
VTA003496,2025-10-05,CLI0099,PROD0028,VEN014,SUC005,Presencial,1,486800,277200
VTA003497,2025-10-25,CLI0008,PROD0012,VEN013,SUC007,Telefónico,11,452000,278200
VTA003498,2025-01-13,CLI0018,PROD0029,VEN007,SUC006,Presencial,11,701000,425000
VTA003499,2025-07-26,CLI0017,PROD0022,VEN019,SUC008,Presencial,4,473000,324100
VTA003500,2025-02-01,CLI0082,PROD0001,VEN013,SUC002,Presencial,1,437300,243900
VTA003501,2026-05-16,CLI0032,PROD0001,VEN010,SUC003,Presencial,4,383600,247900
VTA003502,2026-04-24,CLI0076,PROD0018,VEN011,SUC005,Telefónico,1,207400,151400
VTA003503,2026-05-04,CLI0054,PROD0050,VEN001,SUC003,Presencial,11,261400,202800
VTA003504,2025-05-18,CLI0066,PROD0044,VEN019,SUC001,Presencial,9,810100,605600
VTA003505,2025-09-27,CLI0062,PROD0001,VEN003,SUC005,Web,5,431800,244000
VTA003506,2025-08-07,CLI0047,PROD0007,VEN003,SUC005,Presencial,4,549000,458700
VTA003507,2025-01-16,CLI0019,PROD0020,VEN015,SUC010,Presencial,8,483200,406000
VTA003508,2025-06-26,CLI0035,PROD0040,VEN018,SUC007,Web,2,205400,153600
VTA003509,2026-01-25,CLI0043,PROD0040,VEN012,SUC004,Web,4,205600,147500
VTA003510,2025-10-01,CLI0100,PROD0019,VEN010,SUC010,Presencial,1,720900,476200
VTA003511,2025-06-27,CLI0036,PROD0023,VEN009,SUC001,Web,6,569000,400200
VTA003512,2026-06-19,CLI0031,PROD0001,VEN010,SUC009,Web,5,408100,254000
VTA003513,2026-06-10,CLI0038,PROD0021,VEN012,SUC009,Telefónico,4,892000,659100
VTA003514,2026-02-21,CLI0042,PROD0033,VEN012,SUC003,Web,4,262500,173600
VTA003515,2026-04-06,CLI0063,PROD0007,VEN018,SUC009,Web,4,579800,465600
VTA003516,2025-06-03,CLI0020,PROD0040,VEN008,SUC009,Presencial,1,208500,148600
VTA003517,2025-07-08,CLI0080,PROD0005,VEN001,SUC007,Presencial,4,419500,305400
VTA003518,2026-02-22,CLI0026,PROD0045,VEN012,SUC003,Presencial,7,127700,94800
VTA003519,2025-09-15,CLI0031,PROD0020,VEN013,SUC001,Web,8,529400,402100
VTA003520,2026-02-09,CLI0093,PROD0019,VEN018,SUC006,Web,2,699200,482000
VTA003521,2026-04-27,CLI0082,PROD0033,VEN018,SUC008,Telefónico,6,247200,171700
VTA003522,2026-02-23,CLI0049,PROD0029,VEN017,SUC002,Presencial,1,673100,429700
VTA003523,2026-07-31,CLI0036,PROD0031,VEN019,SUC001,Telefónico,9,286100,199400
VTA003524,2025-11-12,CLI0075,PROD0017,VEN009,SUC007,Web,2,223600,145000
VTA003525,2025-07-23,CLI0089,PROD0036,VEN007,SUC009,Web,2,549800,321100
VTA003526,2025-01-13,CLI0009,PROD0006,VEN001,SUC004,Telefónico,7,253800,186400
VTA003527,2025-01-14,CLI0007,PROD0001,VEN005,SUC007,Presencial,7,403400,247200
VTA003528,2026-01-14,CLI0031,PROD0045,VEN018,SUC010,Presencial,8,126400,93100
VTA003529,2025-07-20,CLI0061,PROD0005,VEN017,SUC005,Telefónico,7,472200,306100
VTA003530,2025-11-05,CLI0004,PROD0004,VEN004,SUC007,Telefónico,9,405000,296700
VTA003531,2025-10-16,CLI0063,PROD0030,VEN007,SUC003,Web,5,584500,454700
VTA003532,2025-02-23,CLI0008,PROD0005,VEN016,SUC004,Telefónico,1,442200,298500
VTA003533,2025-11-19,CLI0079,PROD0007,VEN003,SUC006,Presencial,11,550600,448000
VTA003534,2026-06-15,CLI0089,PROD0036,VEN002,SUC005,Presencial,12,545800,313200
VTA003535,2025-07-25,CLI0098,PROD0015,VEN019,SUC005,Presencial,2,165100,110500
VTA003536,2025-09-15,CLI0082,PROD0013,VEN002,SUC004,Presencial,11,520600,389700
VTA003537,2025-11-12,CLI0051,PROD0011,VEN019,SUC010,Web,5,909600,682200
VTA003538,2025-03-09,CLI0091,PROD0034,VEN009,SUC002,Presencial,2,541700,414600
VTA003539,2025-06-23,CLI0052,PROD0012,VEN019,SUC001,Presencial,12,435200,284600
VTA003540,2025-12-21,CLI0006,PROD0039,VEN009,SUC008,Telefónico,4,312600,215100
VTA003541,2025-10-10,CLI0041,PROD0016,VEN019,SUC007,Presencial,8,134600,109600
VTA003542,2025-03-23,CLI0088,PROD0035,VEN017,SUC006,Presencial,3,702100,459700
VTA003543,2026-02-12,CLI0007,PROD0002,VEN017,SUC001,Telefónico,4,451200,236500
VTA003544,2025-12-23,CLI0037,PROD0007,VEN019,SUC003,Web,12,623100,456200
VTA003545,2026-04-12,CLI0007,PROD0049,VEN004,SUC009,Web,10,357200,246600
VTA003546,2025-06-18,CLI0097,PROD0004,VEN003,SUC003,Presencial,5,381400,287600
VTA003547,2025-10-04,CLI0059,PROD0050,VEN007,SUC001,Presencial,12,285400,200200
VTA003548,2025-09-24,CLI0019,PROD0014,VEN018,SUC006,Presencial,9,57500,43900
VTA003549,2026-04-05,CLI0035,PROD0029,VEN004,SUC003,Telefónico,2,688700,422500
VTA003550,2025-10-07,CLI0006,PROD0048,VEN012,SUC004,Web,2,19400,13300
VTA003551,2025-10-07,CLI0024,PROD0024,VEN016,SUC006,Telefónico,7,684000,593400
VTA003552,2025-07-26,CLI0066,PROD0045,VEN010,SUC001,Telefónico,5,114300,91100
VTA003553,2025-05-09,CLI0043,PROD0021,VEN003,SUC004,Presencial,2,797900,656800
VTA003554,2025-01-29,CLI0083,PROD0029,VEN019,SUC009,Presencial,3,660100,418800
VTA003555,2025-10-02,CLI0021,PROD0033,VEN005,SUC002,Presencial,12,248800,174300
VTA003556,2026-01-17,CLI0087,PROD0028,VEN007,SUC001,Presencial,6,474800,273700
VTA003557,2026-03-15,CLI0040,PROD0043,VEN014,SUC004,Presencial,8,494600,365000
VTA003558,2025-06-03,CLI0089,PROD0029,VEN009,SUC003,Telefónico,2,621500,432000
VTA003559,2025-12-13,CLI0022,PROD0020,VEN015,SUC002,Telefónico,9,532600,407100
VTA003560,2026-02-25,CLI0021,PROD0018,VEN011,SUC010,Web,9,209400,152100
VTA003561,2026-02-07,CLI0046,PROD0049,VEN008,SUC005,Telefónico,5,362500,245400
VTA003562,2025-09-19,CLI0057,PROD0032,VEN004,SUC005,Presencial,7,305000,179600
VTA003563,2025-07-23,CLI0016,PROD0016,VEN006,SUC005,Web,8,149600,111900
VTA003564,2026-02-04,CLI0093,PROD0014,VEN005,SUC002,Web,6,60000,43900
VTA003565,2026-06-02,CLI0055,PROD0020,VEN005,SUC004,Web,8,530200,413400
VTA003566,2025-06-04,CLI0010,PROD0013,VEN018,SUC003,Presencial,6,472800,397000
VTA003567,2025-11-12,CLI0087,PROD0018,VEN014,SUC004,Telefónico,3,203500,150700
VTA003568,2026-06-12,CLI0087,PROD0047,VEN010,SUC001,Web,1,452700,353000
VTA003569,2026-07-14,CLI0048,PROD0011,VEN016,SUC009,Web,7,779000,696500
VTA003570,2025-08-28,CLI0093,PROD0029,VEN014,SUC007,Web,5,650700,428200
VTA003571,2025-10-27,CLI0031,PROD0008,VEN012,SUC009,Presencial,10,645700,380300
VTA003572,2025-03-27,CLI0036,PROD0043,VEN004,SUC004,Presencial,6,490800,350800
VTA003573,2026-05-18,CLI0014,PROD0018,VEN013,SUC010,Presencial,10,195000,150700
VTA003574,2025-09-13,CLI0097,PROD0033,VEN020,SUC008,Presencial,6,253000,170900
VTA003575,2025-05-17,CLI0091,PROD0021,VEN013,SUC010,Presencial,4,902400,672100
VTA003576,2026-03-29,CLI0022,PROD0001,VEN008,SUC002,Presencial,9,412400,249700
VTA003577,2026-02-26,CLI0029,PROD0049,VEN004,SUC004,Presencial,3,316100,253200
VTA003578,2026-05-15,CLI0066,PROD0047,VEN006,SUC005,Telefónico,4,426200,364800
VTA003579,2026-07-15,CLI0074,PROD0024,VEN008,SUC001,Web,10,714500,588500
VTA003580,2025-05-01,CLI0048,PROD0029,VEN009,SUC002,Presencial,7,696100,422200
VTA003581,2025-02-12,CLI0098,PROD0031,VEN005,SUC009,Web,7,272300,202600
VTA003582,2026-07-07,CLI0083,PROD0038,VEN020,SUC004,Presencial,2,94800,58300
VTA003583,2025-11-29,CLI0098,PROD0039,VEN020,SUC007,Presencial,9,319800,215900
VTA003584,2025-04-11,CLI0094,PROD0021,VEN017,SUC007,Web,6,812100,654600
VTA003585,2026-05-10,CLI0070,PROD0022,VEN009,SUC002,Telefónico,12,473900,308800
VTA003586,2025-12-08,CLI0061,PROD0007,VEN007,SUC006,Presencial,11,567000,457200
VTA003587,2025-05-31,CLI0060,PROD0031,VEN020,SUC002,Presencial,11,257900,197300
VTA003588,2025-04-10,CLI0004,PROD0040,VEN020,SUC002,Web,9,206600,147200
VTA003589,2025-03-05,CLI0074,PROD0047,VEN012,SUC010,Web,2,424000,350000
VTA003590,2026-01-05,CLI0086,PROD0044,VEN017,SUC004,Web,7,774000,597100
VTA003591,2025-03-22,CLI0021,PROD0027,VEN012,SUC002,Web,3,106000,75800
VTA003592,2025-09-07,CLI0001,PROD0012,VEN013,SUC006,Web,3,436700,288800
VTA003593,2025-09-14,CLI0075,PROD0003,VEN012,SUC004,Presencial,12,81500,61200
VTA003594,2025-12-04,CLI0036,PROD0048,VEN012,SUC007,Web,9,18900,13100
VTA003595,2025-07-18,CLI0012,PROD0001,VEN004,SUC005,Presencial,9,428600,243000
VTA003596,2025-10-18,CLI0032,PROD0017,VEN004,SUC003,Presencial,12,215000,150600
VTA003597,2026-03-01,CLI0055,PROD0016,VEN003,SUC002,Telefónico,9,142000,111500
VTA003598,2025-09-18,CLI0032,PROD0034,VEN005,SUC009,Presencial,9,555100,404400
VTA003599,2026-04-06,CLI0062,PROD0006,VEN010,SUC006,Web,3,262700,181400
VTA003600,2026-01-01,CLI0051,PROD0041,VEN009,SUC005,Presencial,5,216000,139000
VTA003601,2025-07-15,CLI0068,PROD0027,VEN015,SUC008,Presencial,1,103800,77000
VTA003602,2026-03-22,CLI0002,PROD0022,VEN018,SUC009,Presencial,9,524400,312800
VTA003603,2025-10-06,CLI0059,PROD0050,VEN010,SUC007,Web,1,261800,205100
VTA003604,2025-05-03,CLI0063,PROD0027,VEN001,SUC008,Web,8,109400,75000
VTA003605,2025-06-11,CLI0052,PROD0036,VEN011,SUC007,Web,6,487900,327100
VTA003606,2026-07-19,CLI0049,PROD0044,VEN005,SUC005,Web,8,797700,593600
VTA003607,2025-04-07,CLI0074,PROD0001,VEN002,SUC003,Presencial,7,380800,249200
VTA003608,2026-03-25,CLI0090,PROD0016,VEN018,SUC010,Web,9,136900,112700
VTA003609,2026-03-23,CLI0022,PROD0048,VEN016,SUC001,Telefónico,8,19000,12900
VTA003610,2026-01-04,CLI0083,PROD0025,VEN002,SUC005,Presencial,11,74600,59700
VTA003611,2025-11-05,CLI0028,PROD0003,VEN019,SUC007,Presencial,10,87200,61600
VTA003612,2026-04-09,CLI0080,PROD0028,VEN001,SUC004,Presencial,7,458200,268200
VTA003613,2026-02-22,CLI0099,PROD0031,VEN016,SUC006,Presencial,2,274000,198900
VTA003614,2025-08-14,CLI0057,PROD0004,VEN007,SUC005,Presencial,3,387800,297800
VTA003615,2026-06-16,CLI0009,PROD0020,VEN010,SUC009,Presencial,8,517400,403200
VTA003616,2026-04-14,CLI0090,PROD0042,VEN019,SUC005,Web,1,371100,279500
VTA003617,2025-06-11,CLI0052,PROD0005,VEN002,SUC004,Presencial,8,437200,309800
VTA003618,2025-10-12,CLI0028,PROD0037,VEN012,SUC009,Presencial,12,263000,163600
VTA003619,2025-06-22,CLI0033,PROD0042,VEN007,SUC005,Presencial,7,368500,283400
VTA003620,2025-03-31,CLI0025,PROD0035,VEN003,SUC005,Web,3,672100,445900
VTA003621,2026-03-02,CLI0009,PROD0009,VEN015,SUC008,Web,1,833800,460700
VTA003622,2026-04-08,CLI0013,PROD0009,VEN009,SUC004,Presencial,3,803900,474600
VTA003623,2026-07-23,CLI0053,PROD0023,VEN009,SUC003,Web,6,579900,410200
VTA003624,2025-10-22,CLI0063,PROD0019,VEN001,SUC005,Presencial,7,709400,477800
VTA003625,2025-02-19,CLI0068,PROD0034,VEN004,SUC003,Presencial,2,549200,404800
VTA003626,2026-03-04,CLI0063,PROD0021,VEN009,SUC010,Presencial,4,846500,654700
VTA003627,2025-08-10,CLI0013,PROD0045,VEN006,SUC004,Web,11,122900,92300
VTA003628,2026-03-11,CLI0052,PROD0044,VEN013,SUC006,Presencial,10,808000,602700
VTA003629,2026-02-27,CLI0030,PROD0025,VEN003,SUC009,Presencial,3,77200,59500
VTA003630,2025-07-19,CLI0038,PROD0021,VEN019,SUC008,Presencial,5,875900,672900
VTA003631,2025-04-15,CLI0035,PROD0022,VEN006,SUC009,Presencial,2,484700,318300
VTA003632,2025-03-25,CLI0074,PROD0022,VEN018,SUC003,Web,9,481500,310700
VTA003633,2025-09-14,CLI0079,PROD0049,VEN001,SUC001,Telefónico,5,345800,241900
VTA003634,2025-05-15,CLI0028,PROD0007,VEN009,SUC010,Web,3,626500,458000
VTA003635,2026-04-04,CLI0045,PROD0036,VEN001,SUC009,Telefónico,2,548100,314300
VTA003636,2025-07-11,CLI0035,PROD0019,VEN015,SUC005,Web,10,671600,471900
VTA003637,2026-06-30,CLI0080,PROD0003,VEN005,SUC006,Web,1,87700,60100
VTA003638,2025-01-13,CLI0097,PROD0033,VEN001,SUC005,Web,7,234100,169400
VTA003639,2025-05-21,CLI0005,PROD0016,VEN004,SUC009,Presencial,6,149900,109000
VTA003640,2025-02-12,CLI0066,PROD0040,VEN011,SUC004,Presencial,12,209400,147900
VTA003641,2025-07-26,CLI0026,PROD0006,VEN015,SUC004,Web,10,256900,178800
VTA003642,2025-09-30,CLI0077,PROD0017,VEN012,SUC005,Presencial,6,225500,148500
VTA003643,2026-07-26,CLI0060,PROD0018,VEN005,SUC009,Presencial,11,183200,151800
VTA003644,2026-07-23,CLI0075,PROD0014,VEN018,SUC003,Telefónico,3,54600,43200
VTA003645,2025-11-08,CLI0084,PROD0020,VEN011,SUC010,Telefónico,9,514100,416700
VTA003646,2025-04-01,CLI0040,PROD0042,VEN013,SUC007,Web,6,414300,278600
VTA003647,2025-02-08,CLI0013,PROD0036,VEN014,SUC007,Presencial,7,529500,322600
VTA003648,2025-10-25,CLI0028,PROD0007,VEN012,SUC006,Presencial,4,589900,453100
VTA003649,2025-03-10,CLI0082,PROD0035,VEN004,SUC008,Presencial,2,755800,450100
VTA003650,2026-01-24,CLI0083,PROD0049,VEN019,SUC007,Web,9,314600,249500
VTA003651,2025-03-13,CLI0006,PROD0020,VEN016,SUC005,Presencial,8,548900,411000
VTA003652,2025-10-14,CLI0031,PROD0037,VEN017,SUC003,Web,11,231900,167900
VTA003653,2026-02-23,CLI0097,PROD0045,VEN002,SUC007,Telefónico,3,118100,91500
VTA003654,2025-05-28,CLI0018,PROD0050,VEN008,SUC009,Web,11,263600,203000
VTA003655,2026-06-13,CLI0002,PROD0012,VEN002,SUC006,Telefónico,2,419000,285300
VTA003656,2025-02-14,CLI0081,PROD0040,VEN007,SUC010,Web,8,221200,151700
VTA003657,2025-04-19,CLI0064,PROD0038,VEN001,SUC004,Web,10,90900,58500
VTA003658,2026-05-11,CLI0072,PROD0030,VEN009,SUC001,Presencial,5,612100,455500
VTA003659,2025-08-19,CLI0064,PROD0001,VEN014,SUC004,Web,3,391100,250800
VTA003660,2026-03-30,CLI0028,PROD0026,VEN007,SUC010,Web,8,497000,387200
VTA003661,2026-03-18,CLI0091,PROD0018,VEN017,SUC010,Presencial,11,183600,147800
VTA003662,2026-01-12,CLI0025,PROD0047,VEN019,SUC010,Web,12,426100,361300
VTA003663,2025-11-05,CLI0039,PROD0036,VEN016,SUC009,Presencial,4,486500,313900
VTA003664,2025-04-21,CLI0079,PROD0020,VEN001,SUC003,Presencial,4,518600,411000
VTA003665,2025-06-19,CLI0003,PROD0014,VEN003,SUC010,Web,11,60900,43700
VTA003666,2025-10-29,CLI0004,PROD0001,VEN009,SUC004,Presencial,9,414500,244300
VTA003667,2026-05-02,CLI0044,PROD0041,VEN019,SUC009,Presencial,8,210700,136900
VTA003668,2025-02-25,CLI0016,PROD0021,VEN008,SUC008,Web,1,899300,662900
VTA003669,2026-05-06,CLI0005,PROD0011,VEN019,SUC004,Web,2,881500,698300
VTA003670,2025-03-26,CLI0034,PROD0016,VEN015,SUC008,Web,9,152600,109600
VTA003671,2025-11-15,CLI0098,PROD0016,VEN007,SUC007,Telefónico,3,138000,113000
VTA003672,2025-02-20,CLI0088,PROD0022,VEN018,SUC008,Web,8,473700,314200
VTA003673,2025-02-07,CLI0015,PROD0015,VEN008,SUC003,Presencial,10,162900,111200
VTA003674,2026-07-30,CLI0058,PROD0027,VEN011,SUC007,Web,7,100400,77100
VTA003675,2025-02-23,CLI0073,PROD0024,VEN015,SUC002,Telefónico,4,752600,584000
VTA003676,2026-03-28,CLI0012,PROD0033,VEN018,SUC010,Presencial,10,254100,171000
VTA003677,2025-04-30,CLI0095,PROD0032,VEN016,SUC005,Web,4,284200,179800
VTA003678,2025-12-15,CLI0091,PROD0040,VEN006,SUC003,Web,6,238200,148300
VTA003679,2025-05-25,CLI0092,PROD0036,VEN018,SUC007,Presencial,9,486900,326800
VTA003680,2025-10-30,CLI0058,PROD0048,VEN004,SUC005,Telefónico,6,20900,13100
VTA003681,2025-05-23,CLI0063,PROD0037,VEN018,SUC006,Telefónico,7,263900,164300
VTA003682,2025-07-06,CLI0085,PROD0025,VEN016,SUC008,Presencial,9,73100,61200
VTA003683,2025-02-12,CLI0089,PROD0018,VEN009,SUC007,Web,4,192900,146600
VTA003684,2025-03-24,CLI0093,PROD0036,VEN010,SUC001,Telefónico,4,543500,313100
VTA003685,2025-02-27,CLI0057,PROD0029,VEN018,SUC002,Presencial,12,700600,425300
VTA003686,2025-02-10,CLI0093,PROD0047,VEN007,SUC005,Web,8,466700,356300
VTA003687,2025-07-08,CLI0060,PROD0007,VEN004,SUC003,Presencial,6,583800,451200
VTA003688,2026-01-16,CLI0032,PROD0025,VEN009,SUC005,Presencial,5,73300,60200
VTA003689,2025-12-10,CLI0051,PROD0021,VEN013,SUC005,Web,7,804800,657400
VTA003690,2026-06-21,CLI0027,PROD0018,VEN018,SUC005,Presencial,9,208400,146500
VTA003691,2025-07-22,CLI0026,PROD0003,VEN009,SUC010,Web,9,83300,59700
VTA003692,2025-02-26,CLI0068,PROD0036,VEN018,SUC010,Presencial,7,511500,319100
VTA003693,2025-08-01,CLI0062,PROD0030,VEN011,SUC006,Presencial,6,571200,448400
VTA003694,2025-07-14,CLI0087,PROD0048,VEN003,SUC009,Web,4,21300,12800
VTA003695,2025-10-31,CLI0075,PROD0044,VEN016,SUC005,Telefónico,2,750900,597800
VTA003696,2025-07-07,CLI0004,PROD0009,VEN001,SUC003,Telefónico,8,848500,466000
VTA003697,2025-12-13,CLI0098,PROD0030,VEN011,SUC008,Telefónico,1,657200,440900
VTA003698,2025-12-19,CLI0054,PROD0002,VEN009,SUC010,Telefónico,6,423200,245700
VTA003699,2025-08-20,CLI0061,PROD0010,VEN016,SUC001,Telefónico,7,323600,225400
VTA003700,2025-05-12,CLI0058,PROD0039,VEN020,SUC008,Telefónico,9,332100,214400
VTA003701,2026-05-08,CLI0015,PROD0034,VEN010,SUC004,Web,1,518900,414800
VTA003702,2026-05-19,CLI0077,PROD0049,VEN018,SUC006,Presencial,12,319100,248300
VTA003703,2026-07-15,CLI0027,PROD0034,VEN014,SUC007,Presencial,5,536000,413100
VTA003704,2025-01-12,CLI0027,PROD0011,VEN008,SUC004,Telefónico,7,781300,697400
VTA003705,2025-09-11,CLI0044,PROD0026,VEN003,SUC010,Web,7,506200,385700
VTA003706,2026-07-29,CLI0021,PROD0029,VEN020,SUC003,Web,2,640800,421900
VTA003707,2026-01-13,CLI0087,PROD0045,VEN018,SUC008,Telefónico,9,117500,94600
VTA003708,2026-04-27,CLI0028,PROD0021,VEN006,SUC010,Presencial,5,797200,673400
VTA003709,2025-03-09,CLI0048,PROD0050,VEN012,SUC001,Web,7,254600,210200
VTA003710,2026-05-17,CLI0045,PROD0019,VEN012,SUC008,Presencial,3,645900,462700
VTA003711,2025-08-22,CLI0072,PROD0036,VEN003,SUC004,Web,8,515000,313300
VTA003712,2025-12-02,CLI0061,PROD0005,VEN003,SUC003,Telefónico,4,471100,300000
VTA003713,2026-06-19,CLI0030,PROD0048,VEN009,SUC008,Web,7,20200,13300
VTA003714,2025-03-13,CLI0087,PROD0029,VEN001,SUC008,Web,4,631300,415000
VTA003715,2025-08-04,CLI0074,PROD0040,VEN016,SUC005,Web,2,213900,153700
VTA003716,2026-04-18,CLI0045,PROD0019,VEN001,SUC010,Telefónico,11,671200,465400
VTA003717,2025-12-10,CLI0003,PROD0031,VEN014,SUC009,Web,9,284000,198200
VTA003718,2025-07-28,CLI0005,PROD0005,VEN012,SUC010,Presencial,3,415000,299300
VTA003719,2026-07-26,CLI0088,PROD0002,VEN004,SUC006,Presencial,9,419200,238800
VTA003720,2025-02-17,CLI0019,PROD0026,VEN017,SUC007,Presencial,11,519900,380200
VTA003721,2026-03-22,CLI0035,PROD0031,VEN010,SUC005,Presencial,6,273300,198000
VTA003722,2026-05-23,CLI0013,PROD0050,VEN016,SUC003,Web,3,266100,210000
VTA003723,2026-07-04,CLI0030,PROD0024,VEN009,SUC002,Presencial,2,719900,582500
VTA003724,2026-03-04,CLI0052,PROD0006,VEN006,SUC009,Presencial,5,272400,182300
VTA003725,2025-10-20,CLI0041,PROD0029,VEN017,SUC008,Web,4,646900,420900
VTA003726,2025-06-20,CLI0070,PROD0002,VEN012,SUC002,Web,7,452800,243200
VTA003727,2025-11-06,CLI0044,PROD0042,VEN018,SUC006,Web,5,374500,276000
VTA003728,2026-06-05,CLI0060,PROD0024,VEN001,SUC010,Web,5,727100,599700
VTA003729,2025-08-29,CLI0082,PROD0025,VEN019,SUC003,Telefónico,10,72900,59300
VTA003730,2026-06-27,CLI0024,PROD0037,VEN019,SUC010,Telefónico,4,260300,164100
VTA003731,2026-06-04,CLI0030,PROD0010,VEN001,SUC003,Presencial,12,351600,231300
VTA003732,2025-12-07,CLI0098,PROD0007,VEN005,SUC001,Presencial,4,590300,448400
VTA003733,2026-06-03,CLI0051,PROD0012,VEN007,SUC003,Presencial,1,438200,286400
VTA003734,2025-01-22,CLI0002,PROD0033,VEN015,SUC005,Telefónico,11,263600,174200
VTA003735,2025-10-08,CLI0099,PROD0040,VEN018,SUC010,Web,5,229900,149600
VTA003736,2025-04-18,CLI0061,PROD0009,VEN007,SUC010,Presencial,4,845300,461100
VTA003737,2025-06-28,CLI0073,PROD0028,VEN019,SUC004,Web,4,459100,279700
VTA003738,2026-06-30,CLI0014,PROD0035,VEN005,SUC007,Presencial,3,703200,455800
VTA003739,2025-12-23,CLI0024,PROD0014,VEN014,SUC005,Presencial,5,56700,44300
VTA003740,2025-05-22,CLI0061,PROD0005,VEN016,SUC002,Presencial,6,453000,304300
VTA003741,2025-04-20,CLI0001,PROD0005,VEN017,SUC006,Presencial,11,445200,307400
VTA003742,2025-01-01,CLI0054,PROD0049,VEN005,SUC002,Web,7,354300,243100
VTA003743,2026-03-16,CLI0049,PROD0016,VEN007,SUC004,Telefónico,3,144400,110100
VTA003744,2026-03-16,CLI0090,PROD0027,VEN020,SUC001,Telefónico,11,100100,78200
VTA003745,2026-07-08,CLI0028,PROD0011,VEN013,SUC009,Presencial,11,807800,670300
VTA003746,2025-08-04,CLI0002,PROD0007,VEN009,SUC010,Web,4,538500,452000
VTA003747,2026-03-10,CLI0062,PROD0006,VEN009,SUC002,Presencial,5,281100,183600
VTA003748,2025-06-17,CLI0059,PROD0017,VEN008,SUC006,Presencial,5,216500,146300
VTA003749,2025-03-19,CLI0078,PROD0029,VEN007,SUC008,Web,5,678100,419000
VTA003750,2025-06-04,CLI0077,PROD0037,VEN011,SUC003,Web,5,253700,163400
VTA003751,2026-01-28,CLI0051,PROD0015,VEN003,SUC009,Telefónico,6,183700,110500
VTA003752,2026-07-10,CLI0003,PROD0015,VEN011,SUC008,Presencial,7,166500,109500
VTA003753,2026-01-16,CLI0048,PROD0034,VEN001,SUC004,Web,4,592300,405900
VTA003754,2025-11-20,CLI0098,PROD0023,VEN003,SUC008,Presencial,3,605300,399800
VTA003755,2025-11-29,CLI0093,PROD0007,VEN017,SUC010,Presencial,3,579500,457500
VTA003756,2026-05-15,CLI0032,PROD0027,VEN006,SUC002,Presencial,8,102600,78200
VTA003757,2025-09-15,CLI0069,PROD0038,VEN018,SUC010,Web,6,93600,57600
VTA003758,2026-07-07,CLI0049,PROD0023,VEN020,SUC010,Presencial,9,618600,404400
VTA003759,2025-08-26,CLI0035,PROD0026,VEN020,SUC004,Web,9,558400,383000
VTA003760,2025-01-24,CLI0067,PROD0022,VEN007,SUC005,Presencial,2,535500,317100
VTA003761,2025-10-27,CLI0036,PROD0032,VEN014,SUC007,Telefónico,10,321900,182100
VTA003762,2025-04-28,CLI0076,PROD0049,VEN006,SUC004,Presencial,8,315900,253900
VTA003763,2026-03-23,CLI0069,PROD0007,VEN004,SUC002,Web,5,588500,458000
VTA003764,2025-04-14,CLI0069,PROD0042,VEN009,SUC005,Web,5,398400,281000
VTA003765,2025-09-24,CLI0081,PROD0027,VEN007,SUC008,Web,3,103200,76400
VTA003766,2026-01-30,CLI0022,PROD0008,VEN007,SUC005,Web,11,597600,375800
VTA003767,2026-01-25,CLI0011,PROD0015,VEN007,SUC009,Web,9,180800,111500
VTA003768,2025-06-17,CLI0033,PROD0009,VEN014,SUC006,Presencial,4,791800,466200
VTA003769,2025-04-04,CLI0015,PROD0029,VEN017,SUC008,Telefónico,1,629000,432900
VTA003770,2026-06-14,CLI0047,PROD0033,VEN020,SUC002,Web,2,232900,175500
VTA003771,2025-03-16,CLI0026,PROD0016,VEN014,SUC003,Web,3,141900,109000
VTA003772,2025-07-13,CLI0015,PROD0044,VEN014,SUC001,Telefónico,9,807100,608200
VTA003773,2026-01-10,CLI0025,PROD0017,VEN006,SUC009,Web,11,199900,148700
VTA003774,2026-06-30,CLI0056,PROD0025,VEN018,SUC004,Web,5,71100,60400
VTA003775,2025-08-30,CLI0029,PROD0037,VEN016,SUC003,Web,10,252400,166400
VTA003776,2025-11-04,CLI0016,PROD0024,VEN020,SUC007,Presencial,7,752300,596000
VTA003777,2025-07-11,CLI0061,PROD0029,VEN011,SUC002,Telefónico,9,637200,434800
VTA003778,2026-05-06,CLI0071,PROD0004,VEN007,SUC007,Web,7,363200,298700
VTA003779,2025-07-12,CLI0014,PROD0019,VEN009,SUC004,Presencial,11,713300,472900
VTA003780,2025-03-15,CLI0028,PROD0018,VEN012,SUC002,Telefónico,9,200700,147200
VTA003781,2025-02-09,CLI0007,PROD0017,VEN015,SUC002,Presencial,2,211100,149200
VTA003782,2025-12-26,CLI0044,PROD0005,VEN011,SUC006,Web,3,413800,310800
VTA003783,2026-02-07,CLI0087,PROD0002,VEN015,SUC004,Presencial,12,418400,241300
VTA003784,2025-08-18,CLI0044,PROD0027,VEN013,SUC008,Presencial,12,101900,76500
VTA003785,2025-08-29,CLI0004,PROD0008,VEN002,SUC001,Presencial,11,675100,383300
VTA003786,2026-01-17,CLI0048,PROD0002,VEN004,SUC001,Web,11,408300,238100
VTA003787,2025-04-24,CLI0080,PROD0008,VEN019,SUC002,Web,7,677000,376500
VTA003788,2025-01-19,CLI0060,PROD0005,VEN015,SUC001,Web,8,474900,306800
VTA003789,2026-01-28,CLI0075,PROD0007,VEN005,SUC008,Web,11,538000,465300
VTA003790,2025-12-29,CLI0098,PROD0016,VEN008,SUC001,Presencial,11,150900,111300
VTA003791,2026-07-21,CLI0004,PROD0001,VEN020,SUC008,Presencial,4,400800,250100
VTA003792,2025-06-08,CLI0034,PROD0012,VEN008,SUC008,Web,10,398400,278100
VTA003793,2025-05-27,CLI0041,PROD0044,VEN006,SUC008,Web,1,785200,596200
VTA003794,2026-02-21,CLI0037,PROD0014,VEN018,SUC002,Presencial,5,62500,43800
VTA003795,2025-08-31,CLI0013,PROD0017,VEN004,SUC010,Telefónico,12,200000,146300
VTA003796,2025-07-20,CLI0038,PROD0022,VEN007,SUC009,Telefónico,12,463400,310500
VTA003797,2025-05-30,CLI0087,PROD0022,VEN018,SUC005,Presencial,10,504900,320200
VTA003798,2026-04-05,CLI0088,PROD0050,VEN019,SUC009,Web,8,250400,201300
VTA003799,2025-02-27,CLI0035,PROD0044,VEN009,SUC001,Presencial,10,798700,597800
VTA003800,2025-07-31,CLI0049,PROD0034,VEN018,SUC002,Web,6,523000,407700
VTA003801,2026-01-30,CLI0044,PROD0026,VEN016,SUC008,Web,9,553700,388300
VTA003802,2025-05-18,CLI0055,PROD0042,VEN001,SUC003,Web,5,381400,285400
VTA003803,2025-08-29,CLI0037,PROD0045,VEN002,SUC009,Web,12,119900,92800
VTA003804,2025-12-13,CLI0063,PROD0032,VEN008,SUC003,Telefónico,4,286300,181200
VTA003805,2025-07-18,CLI0046,PROD0005,VEN018,SUC007,Web,10,424100,303200
VTA003806,2025-11-03,CLI0094,PROD0020,VEN013,SUC009,Web,6,479100,407700
VTA003807,2025-12-28,CLI0088,PROD0017,VEN015,SUC010,Telefónico,10,227700,146300
VTA003808,2025-05-16,CLI0003,PROD0037,VEN020,SUC004,Presencial,8,254600,168600
VTA003809,2025-08-01,CLI0093,PROD0010,VEN019,SUC005,Telefónico,6,334900,228100
VTA003810,2026-03-11,CLI0100,PROD0042,VEN015,SUC003,Presencial,5,358000,281700
VTA003811,2025-06-11,CLI0085,PROD0030,VEN018,SUC007,Presencial,4,589400,444200
VTA003812,2025-08-29,CLI0070,PROD0048,VEN011,SUC005,Presencial,7,20300,12900
VTA003813,2025-08-28,CLI0004,PROD0048,VEN014,SUC008,Presencial,6,19200,12900
VTA003814,2025-03-03,CLI0020,PROD0011,VEN014,SUC003,Web,12,784100,668800
VTA003815,2026-07-27,CLI0039,PROD0046,VEN005,SUC004,Presencial,10,599300,360600
VTA003816,2025-03-08,CLI0063,PROD0004,VEN004,SUC003,Web,7,352400,290000
VTA003817,2025-05-14,CLI0048,PROD0036,VEN012,SUC007,Web,3,485600,316400
VTA003818,2026-07-21,CLI0068,PROD0034,VEN009,SUC005,Web,1,523600,415800
VTA003819,2025-02-17,CLI0012,PROD0026,VEN019,SUC004,Presencial,7,538300,386300
VTA003820,2025-05-07,CLI0011,PROD0006,VEN015,SUC010,Presencial,4,258200,179800
VTA003821,2025-09-15,CLI0092,PROD0025,VEN013,SUC009,Presencial,7,73500,58700
VTA003822,2025-08-27,CLI0077,PROD0042,VEN016,SUC007,Web,1,371900,278800
VTA003823,2025-10-17,CLI0083,PROD0023,VEN001,SUC002,Telefónico,12,585800,413800
VTA003824,2026-04-08,CLI0059,PROD0030,VEN020,SUC005,Web,3,601800,451500
VTA003825,2026-01-03,CLI0083,PROD0013,VEN004,SUC006,Presencial,4,533500,405800
VTA003826,2026-06-30,CLI0015,PROD0026,VEN014,SUC003,Web,9,513000,376100
VTA003827,2026-01-19,CLI0052,PROD0016,VEN013,SUC001,Presencial,2,152300,110700
VTA003828,2025-12-01,CLI0008,PROD0041,VEN019,SUC005,Presencial,10,218700,139100
VTA003829,2025-07-07,CLI0043,PROD0041,VEN014,SUC005,Web,12,196800,137300
VTA003830,2025-12-03,CLI0014,PROD0029,VEN007,SUC002,Telefónico,12,661200,433500
VTA003831,2025-08-18,CLI0053,PROD0019,VEN016,SUC007,Telefónico,12,652000,468100
VTA003832,2025-06-03,CLI0080,PROD0049,VEN016,SUC007,Presencial,3,318600,250200
VTA003833,2025-01-04,CLI0013,PROD0040,VEN001,SUC002,Web,7,225800,149400
VTA003834,2026-04-05,CLI0098,PROD0021,VEN001,SUC002,Web,6,774400,670600
VTA003835,2025-10-08,CLI0018,PROD0019,VEN003,SUC007,Web,10,709800,474600
VTA003836,2025-12-12,CLI0057,PROD0038,VEN019,SUC009,Presencial,9,89000,60100
VTA003837,2026-03-02,CLI0028,PROD0030,VEN001,SUC005,Telefónico,2,654200,448400
VTA003838,2025-09-11,CLI0037,PROD0020,VEN020,SUC001,Web,3,522800,410400
VTA003839,2025-12-12,CLI0099,PROD0007,VEN019,SUC004,Web,9,559900,450400
VTA003840,2026-03-29,CLI0044,PROD0003,VEN015,SUC008,Web,7,86000,59400
VTA003841,2025-04-30,CLI0080,PROD0032,VEN010,SUC010,Telefónico,3,300000,183400
VTA003842,2025-04-25,CLI0036,PROD0033,VEN016,SUC002,Presencial,12,243900,171100
VTA003843,2026-03-22,CLI0002,PROD0025,VEN006,SUC001,Presencial,5,69400,60700
VTA003844,2026-06-10,CLI0090,PROD0023,VEN003,SUC007,Presencial,11,566700,407500
VTA003845,2025-07-11,CLI0024,PROD0040,VEN004,SUC010,Presencial,5,237800,148600
VTA003846,2025-03-22,CLI0085,PROD0037,VEN015,SUC006,Web,9,228600,164300
VTA003847,2025-12-21,CLI0004,PROD0007,VEN003,SUC010,Web,10,581900,459400
VTA003848,2026-02-16,CLI0039,PROD0032,VEN012,SUC003,Presencial,9,306300,179800
VTA003849,2026-06-23,CLI0036,PROD0047,VEN016,SUC006,Web,4,398500,353700
VTA003850,2026-03-18,CLI0051,PROD0015,VEN012,SUC004,Presencial,4,187400,107300
VTA003851,2025-12-04,CLI0019,PROD0038,VEN006,SUC004,Presencial,9,89300,59700
VTA003852,2026-03-24,CLI0065,PROD0031,VEN011,SUC008,Presencial,6,283300,200900
VTA003853,2026-03-30,CLI0073,PROD0003,VEN007,SUC006,Presencial,7,82800,60800
VTA003854,2026-04-11,CLI0011,PROD0003,VEN002,SUC009,Presencial,11,88700,59500
VTA003855,2025-10-26,CLI0074,PROD0025,VEN014,SUC006,Presencial,4,79200,61500
VTA003856,2026-03-02,CLI0039,PROD0033,VEN017,SUC003,Web,10,267600,168900
VTA003857,2026-01-05,CLI0038,PROD0034,VEN001,SUC004,Web,10,582600,414300
VTA003858,2026-03-23,CLI0084,PROD0029,VEN006,SUC003,Web,11,700600,431200
VTA003859,2025-01-03,CLI0071,PROD0021,VEN017,SUC008,Presencial,6,789300,654400
VTA003860,2025-08-18,CLI0003,PROD0001,VEN017,SUC010,Presencial,5,387100,243300
VTA003861,2025-09-01,CLI0094,PROD0020,VEN001,SUC007,Web,4,485800,410300
VTA003862,2025-02-14,CLI0013,PROD0044,VEN010,SUC009,Web,4,758400,593600
VTA003863,2026-04-02,CLI0009,PROD0024,VEN010,SUC004,Presencial,11,688700,577900
VTA003864,2026-02-17,CLI0025,PROD0033,VEN020,SUC009,Web,12,247200,172600
VTA003865,2025-12-22,CLI0029,PROD0038,VEN008,SUC008,Web,2,102000,60400
VTA003866,2025-12-04,CLI0037,PROD0017,VEN008,SUC010,Presencial,4,227100,145300
VTA003867,2025-06-14,CLI0043,PROD0033,VEN020,SUC007,Telefónico,2,244800,174100
VTA003868,2026-06-18,CLI0067,PROD0035,VEN001,SUC006,Web,5,733800,442300
VTA003869,2025-03-31,CLI0050,PROD0022,VEN009,SUC010,Presencial,2,474800,320300
VTA003870,2026-05-06,CLI0032,PROD0003,VEN009,SUC008,Presencial,9,84800,60300
VTA003871,2026-01-07,CLI0078,PROD0006,VEN017,SUC007,Presencial,7,285000,180500
VTA003872,2025-03-25,CLI0064,PROD0015,VEN002,SUC004,Presencial,9,169400,108500
VTA003873,2026-06-16,CLI0028,PROD0008,VEN016,SUC002,Telefónico,11,680200,383000
VTA003874,2026-03-15,CLI0074,PROD0013,VEN012,SUC010,Telefónico,2,534000,390500
VTA003875,2026-04-20,CLI0023,PROD0050,VEN017,SUC008,Presencial,9,263800,205700
VTA003876,2025-08-14,CLI0077,PROD0044,VEN016,SUC007,Presencial,6,751500,587600
VTA003877,2025-04-25,CLI0083,PROD0048,VEN012,SUC002,Presencial,4,19200,12900
VTA003878,2026-06-20,CLI0026,PROD0048,VEN014,SUC001,Web,11,18900,13200
VTA003879,2026-01-02,CLI0087,PROD0022,VEN008,SUC002,Telefónico,11,476900,312400
VTA003880,2025-12-12,CLI0039,PROD0038,VEN013,SUC003,Presencial,1,100300,59100
VTA003881,2025-12-07,CLI0080,PROD0022,VEN017,SUC009,Presencial,1,496200,315700
VTA003882,2025-01-14,CLI0067,PROD0001,VEN003,SUC008,Telefónico,9,375600,250900
VTA003883,2025-05-14,CLI0018,PROD0048,VEN008,SUC001,Web,4,19400,12900
VTA003884,2025-11-05,CLI0051,PROD0049,VEN019,SUC004,Presencial,3,350900,243000
VTA003885,2025-12-21,CLI0067,PROD0037,VEN003,SUC009,Web,10,232100,167000
VTA003886,2026-04-10,CLI0027,PROD0016,VEN008,SUC010,Web,11,147400,110300
VTA003887,2025-02-13,CLI0023,PROD0047,VEN011,SUC002,Web,1,410000,356800
VTA003888,2025-07-10,CLI0082,PROD0046,VEN015,SUC005,Presencial,2,601000,364100
VTA003889,2025-01-27,CLI0058,PROD0043,VEN005,SUC009,Presencial,4,485500,360600
VTA003890,2026-01-28,CLI0050,PROD0018,VEN019,SUC002,Telefónico,5,189700,147300
VTA003891,2025-10-29,CLI0086,PROD0038,VEN006,SUC004,Presencial,9,98400,58300
VTA003892,2025-01-04,CLI0088,PROD0027,VEN007,SUC002,Presencial,4,114700,76800
VTA003893,2025-04-21,CLI0056,PROD0005,VEN004,SUC009,Web,5,464400,302100
VTA003894,2026-07-18,CLI0059,PROD0047,VEN005,SUC001,Presencial,10,419700,364200
VTA003895,2025-01-23,CLI0073,PROD0022,VEN008,SUC001,Web,4,532300,319800
VTA003896,2026-03-16,CLI0042,PROD0045,VEN001,SUC006,Web,3,119800,91000
VTA003897,2026-06-22,CLI0037,PROD0005,VEN004,SUC002,Presencial,12,428100,306500
VTA003898,2025-09-24,CLI0005,PROD0040,VEN018,SUC002,Telefónico,8,206400,153900
VTA003899,2026-04-26,CLI0066,PROD0016,VEN007,SUC007,Presencial,8,151500,113300
VTA003900,2026-04-12,CLI0052,PROD0002,VEN018,SUC008,Web,10,439800,240300
VTA003901,2026-05-01,CLI0068,PROD0001,VEN003,SUC010,Presencial,9,430400,245300
VTA003902,2026-01-02,CLI0005,PROD0028,VEN008,SUC005,Presencial,12,470000,278000
VTA003903,2025-12-09,CLI0054,PROD0013,VEN020,SUC003,Telefónico,3,503200,409300
VTA003904,2025-12-12,CLI0052,PROD0028,VEN012,SUC004,Presencial,11,453900,269500
VTA003905,2025-04-11,CLI0028,PROD0039,VEN013,SUC002,Web,10,337500,209000
VTA003906,2025-02-19,CLI0048,PROD0030,VEN013,SUC004,Presencial,11,651600,447200
VTA003907,2025-03-03,CLI0025,PROD0027,VEN015,SUC001,Web,2,103200,76500
VTA003908,2026-02-06,CLI0025,PROD0038,VEN001,SUC001,Telefónico,10,93200,60400
VTA003909,2025-02-15,CLI0056,PROD0048,VEN013,SUC005,Web,2,20800,13200
VTA003910,2025-09-20,CLI0059,PROD0036,VEN001,SUC003,Presencial,6,503300,319600
VTA003911,2026-07-26,CLI0073,PROD0034,VEN020,SUC008,Presencial,11,536100,421700
VTA003912,2026-07-01,CLI0005,PROD0007,VEN003,SUC006,Presencial,5,584700,447200
VTA003913,2025-04-13,CLI0044,PROD0042,VEN018,SUC004,Presencial,3,374800,276400
VTA003914,2025-06-30,CLI0098,PROD0018,VEN006,SUC007,Telefónico,9,209600,149000
VTA003915,2025-10-11,CLI0096,PROD0009,VEN020,SUC007,Web,3,816900,458500
VTA003916,2025-05-08,CLI0088,PROD0028,VEN013,SUC006,Presencial,6,459700,270600
VTA003917,2025-11-14,CLI0010,PROD0046,VEN008,SUC002,Presencial,12,529400,351100
VTA003918,2025-02-28,CLI0054,PROD0005,VEN011,SUC005,Telefónico,5,423700,310900
VTA003919,2025-02-10,CLI0036,PROD0031,VEN002,SUC002,Presencial,11,268100,202200
VTA003920,2026-07-25,CLI0044,PROD0040,VEN009,SUC009,Presencial,6,214000,151900
VTA003921,2025-01-24,CLI0015,PROD0021,VEN019,SUC004,Presencial,4,783900,660300
VTA003922,2025-06-14,CLI0042,PROD0025,VEN005,SUC009,Web,9,69300,59900
VTA003923,2025-12-28,CLI0057,PROD0039,VEN013,SUC007,Web,4,303800,218000
VTA003924,2025-04-10,CLI0014,PROD0011,VEN006,SUC002,Presencial,8,825800,676700
VTA003925,2025-10-16,CLI0026,PROD0009,VEN010,SUC006,Presencial,6,765500,459400
VTA003926,2025-10-05,CLI0055,PROD0013,VEN016,SUC002,Presencial,12,517200,407500
VTA003927,2026-06-24,CLI0099,PROD0029,VEN020,SUC002,Telefónico,1,676300,425100
VTA003928,2026-01-23,CLI0044,PROD0025,VEN020,SUC005,Telefónico,1,73000,60700
VTA003929,2026-01-24,CLI0047,PROD0041,VEN007,SUC001,Presencial,6,192500,137800
VTA003930,2025-08-05,CLI0097,PROD0022,VEN009,SUC009,Presencial,12,495200,317200
VTA003931,2025-08-18,CLI0005,PROD0049,VEN015,SUC006,Web,9,357400,241700
VTA003932,2025-05-23,CLI0018,PROD0009,VEN006,SUC007,Presencial,6,764100,474400
VTA003933,2025-03-11,CLI0092,PROD0021,VEN004,SUC009,Presencial,1,834700,662500
VTA003934,2025-02-03,CLI0052,PROD0044,VEN018,SUC005,Web,6,718200,595800
VTA003935,2025-03-10,CLI0036,PROD0020,VEN011,SUC009,Web,4,503500,413100
VTA003936,2025-07-23,CLI0066,PROD0040,VEN014,SUC005,Presencial,10,221600,150600
VTA003937,2025-04-16,CLI0064,PROD0050,VEN017,SUC006,Telefónico,1,264700,208900
VTA003938,2026-02-27,CLI0042,PROD0003,VEN015,SUC007,Presencial,9,85800,60000
VTA003939,2025-03-16,CLI0087,PROD0031,VEN019,SUC009,Presencial,1,258700,200900
VTA003940,2025-11-28,CLI0008,PROD0037,VEN004,SUC005,Web,3,236700,165700
VTA003941,2025-03-01,CLI0057,PROD0005,VEN015,SUC001,Web,5,469100,297600
VTA003942,2026-05-29,CLI0028,PROD0036,VEN002,SUC005,Web,1,562300,314900
VTA003943,2025-09-26,CLI0016,PROD0021,VEN016,SUC009,Web,10,794000,670200
VTA003944,2025-07-29,CLI0007,PROD0019,VEN007,SUC009,Web,11,655000,474000
VTA003945,2025-06-26,CLI0077,PROD0014,VEN010,SUC010,Web,1,57700,43700
VTA003946,2026-03-16,CLI0065,PROD0028,VEN004,SUC005,Presencial,12,480400,280700
VTA003947,2026-02-27,CLI0020,PROD0037,VEN015,SUC003,Presencial,2,260700,168200
VTA003948,2025-10-29,CLI0039,PROD0032,VEN002,SUC006,Presencial,7,287100,184400
VTA003949,2025-02-07,CLI0050,PROD0009,VEN012,SUC009,Presencial,8,819000,461700
VTA003950,2025-01-15,CLI0042,PROD0049,VEN001,SUC003,Presencial,7,333000,250800
VTA003951,2026-04-12,CLI0016,PROD0020,VEN003,SUC003,Presencial,10,489800,412500
VTA003952,2025-08-12,CLI0083,PROD0040,VEN009,SUC002,Presencial,2,209500,148600
VTA003953,2025-05-30,CLI0097,PROD0036,VEN005,SUC007,Telefónico,5,495900,327200
VTA003954,2025-02-21,CLI0077,PROD0013,VEN004,SUC009,Web,4,537700,395800
VTA003955,2025-06-01,CLI0017,PROD0011,VEN015,SUC008,Telefónico,9,833300,669900
VTA003956,2025-12-25,CLI0058,PROD0041,VEN009,SUC007,Web,12,209000,139800
VTA003957,2025-08-31,CLI0005,PROD0038,VEN012,SUC009,Presencial,6,95700,58700
VTA003958,2025-05-31,CLI0044,PROD0012,VEN010,SUC008,Telefónico,12,435200,278600
VTA003959,2025-02-17,CLI0010,PROD0033,VEN012,SUC010,Telefónico,11,242500,172100
VTA003960,2026-02-06,CLI0033,PROD0010,VEN006,SUC008,Web,2,327700,231100
VTA003961,2025-01-01,CLI0066,PROD0006,VEN014,SUC004,Presencial,8,296700,180400
VTA003962,2026-05-26,CLI0080,PROD0018,VEN018,SUC010,Presencial,4,204300,151300
VTA003963,2025-12-31,CLI0021,PROD0015,VEN008,SUC006,Web,11,164800,109100
VTA003964,2025-03-16,CLI0039,PROD0024,VEN001,SUC004,Web,3,709900,596500
VTA003965,2026-02-17,CLI0047,PROD0040,VEN008,SUC005,Presencial,12,227100,152000
VTA003966,2025-04-26,CLI0055,PROD0037,VEN010,SUC006,Presencial,2,257700,168700
VTA003967,2026-04-19,CLI0015,PROD0050,VEN016,SUC002,Presencial,3,273100,205900
VTA003968,2026-04-05,CLI0065,PROD0025,VEN013,SUC005,Telefónico,11,70000,60600
VTA003969,2026-05-01,CLI0039,PROD0040,VEN018,SUC002,Web,9,234600,148300
VTA003970,2026-07-28,CLI0029,PROD0024,VEN001,SUC008,Presencial,6,756200,577800
VTA003971,2026-04-27,CLI0015,PROD0003,VEN002,SUC002,Telefónico,12,82700,60800
VTA003972,2025-02-26,CLI0017,PROD0010,VEN001,SUC007,Presencial,6,339300,224600
VTA003973,2025-04-13,CLI0028,PROD0004,VEN007,SUC002,Presencial,1,376300,290200
VTA003974,2026-03-29,CLI0083,PROD0034,VEN011,SUC001,Presencial,4,527100,405000
VTA003975,2026-02-14,CLI0013,PROD0002,VEN004,SUC002,Presencial,3,428900,245300
VTA003976,2025-10-09,CLI0025,PROD0046,VEN003,SUC002,Web,9,534600,349200
VTA003977,2026-05-26,CLI0039,PROD0003,VEN003,SUC002,Presencial,12,79900,61500
VTA003978,2025-06-21,CLI0053,PROD0029,VEN016,SUC003,Telefónico,2,697200,428900
VTA003979,2025-09-04,CLI0039,PROD0002,VEN007,SUC009,Telefónico,4,412100,239900
VTA003980,2025-03-25,CLI0085,PROD0043,VEN014,SUC003,Web,5,436200,352900
VTA003981,2025-10-15,CLI0013,PROD0031,VEN018,SUC005,Presencial,3,268100,199200
VTA003982,2025-11-22,CLI0079,PROD0011,VEN007,SUC005,Telefónico,8,814600,689600
VTA003983,2026-05-14,CLI0098,PROD0002,VEN009,SUC001,Web,7,438100,242100
VTA003984,2025-08-08,CLI0024,PROD0041,VEN007,SUC001,Web,3,208100,137900
VTA003985,2025-03-11,CLI0055,PROD0015,VEN013,SUC004,Presencial,1,177100,106600
VTA003986,2025-05-17,CLI0043,PROD0029,VEN008,SUC009,Web,8,726800,434700
VTA003987,2026-06-22,CLI0037,PROD0025,VEN018,SUC006,Presencial,6,68800,59600
VTA003988,2025-08-01,CLI0008,PROD0014,VEN004,SUC005,Presencial,7,56000,43600
VTA003989,2025-12-03,CLI0073,PROD0002,VEN014,SUC007,Web,11,423200,242900
VTA003990,2026-04-14,CLI0013,PROD0035,VEN012,SUC001,Web,2,671600,443900
VTA003991,2025-01-10,CLI0028,PROD0039,VEN005,SUC009,Web,8,350300,211400
VTA003992,2025-12-11,CLI0024,PROD0024,VEN018,SUC009,Presencial,12,765600,582800
VTA003993,2026-03-02,CLI0041,PROD0049,VEN017,SUC010,Web,3,343800,249500
VTA003994,2026-02-25,CLI0078,PROD0041,VEN018,SUC007,Presencial,8,210700,139900
VTA003995,2025-05-29,CLI0006,PROD0006,VEN014,SUC005,Web,9,259400,178700
VTA003996,2026-02-14,CLI0098,PROD0037,VEN005,SUC003,Web,1,237500,165100
VTA003997,2025-05-02,CLI0002,PROD0026,VEN020,SUC001,Presencial,10,548300,390600
VTA003998,2026-06-19,CLI0044,PROD0050,VEN011,SUC008,Web,9,254100,207000
VTA003999,2026-05-19,CLI0049,PROD0033,VEN017,SUC001,Web,8,245700,173300
VTA004000,2025-10-03,CLI0002,PROD0045,VEN014,SUC001,Presencial,6,116100,92900
VTA004001,2025-01-03,CLI0087,PROD0006,VEN006,SUC008,Telefónico,6,292600,186500
VTA004002,2025-01-25,CLI0008,PROD0020,VEN003,SUC006,Presencial,12,549600,416200
VTA004003,2026-05-15,CLI0010,PROD0047,VEN001,SUC001,Web,11,434900,348100
VTA004004,2026-06-06,CLI0006,PROD0031,VEN019,SUC010,Web,10,260900,203900
VTA004005,2025-12-02,CLI0031,PROD0050,VEN016,SUC002,Presencial,1,288500,204800
VTA004006,2025-11-15,CLI0072,PROD0021,VEN008,SUC003,Telefónico,10,865200,676100
VTA004007,2025-05-19,CLI0051,PROD0012,VEN011,SUC009,Web,12,396400,289800
VTA004008,2025-02-02,CLI0031,PROD0030,VEN012,SUC002,Presencial,4,587200,454300
VTA004009,2025-09-22,CLI0071,PROD0020,VEN011,SUC006,Presencial,8,496100,402300
VTA004010,2025-09-27,CLI0068,PROD0003,VEN013,SUC010,Presencial,5,85900,62100
VTA004011,2025-04-27,CLI0013,PROD0016,VEN012,SUC003,Web,6,152900,112700
VTA004012,2025-05-10,CLI0042,PROD0005,VEN004,SUC001,Web,5,409500,297400
VTA004013,2025-12-09,CLI0022,PROD0025,VEN006,SUC003,Web,12,72900,60900
VTA004014,2025-08-20,CLI0065,PROD0015,VEN006,SUC009,Presencial,1,166600,108700
VTA004015,2026-01-01,CLI0088,PROD0045,VEN016,SUC002,Web,8,129800,91700
VTA004016,2026-06-07,CLI0055,PROD0032,VEN007,SUC003,Telefónico,8,291200,180800
VTA004017,2026-06-22,CLI0055,PROD0037,VEN008,SUC004,Presencial,4,238100,169000
VTA004018,2025-09-26,CLI0017,PROD0009,VEN008,SUC007,Web,12,765500,470200
VTA004019,2026-01-28,CLI0068,PROD0027,VEN012,SUC004,Web,12,101300,75100
VTA004020,2025-07-20,CLI0051,PROD0017,VEN007,SUC005,Presencial,5,204000,145900
VTA004021,2025-10-12,CLI0069,PROD0027,VEN015,SUC007,Presencial,1,111300,78400
VTA004022,2025-07-21,CLI0070,PROD0032,VEN004,SUC004,Web,1,289400,187000
VTA004023,2025-05-04,CLI0077,PROD0049,VEN010,SUC003,Presencial,11,342200,252400
VTA004024,2025-04-06,CLI0091,PROD0023,VEN018,SUC007,Web,6,611000,394600
VTA004025,2026-03-26,CLI0089,PROD0043,VEN004,SUC007,Web,10,425700,357100
VTA004026,2026-04-05,CLI0079,PROD0006,VEN001,SUC002,Web,4,287400,184900
VTA004027,2025-10-15,CLI0014,PROD0001,VEN008,SUC008,Web,1,414000,248200
VTA004028,2025-01-03,CLI0089,PROD0019,VEN010,SUC007,Web,8,678500,478500
VTA004029,2025-07-04,CLI0011,PROD0016,VEN011,SUC004,Web,1,132400,109500
VTA004030,2025-09-11,CLI0095,PROD0047,VEN013,SUC001,Web,5,403300,350700
VTA004031,2025-09-03,CLI0091,PROD0014,VEN020,SUC009,Presencial,11,56700,42800
VTA004032,2025-04-21,CLI0069,PROD0043,VEN002,SUC006,Web,6,485600,362500
VTA004033,2025-05-31,CLI0024,PROD0010,VEN010,SUC004,Web,1,320900,230400
VTA004034,2026-03-09,CLI0013,PROD0049,VEN018,SUC010,Web,4,325900,252700
VTA004035,2025-10-06,CLI0036,PROD0036,VEN002,SUC007,Presencial,1,494100,315500
VTA004036,2025-03-25,CLI0082,PROD0022,VEN014,SUC008,Telefónico,10,460800,309300
VTA004037,2026-03-02,CLI0062,PROD0036,VEN002,SUC008,Presencial,2,543200,320800
VTA004038,2025-01-21,CLI0081,PROD0025,VEN018,SUC010,Presencial,4,68400,61100
VTA004039,2025-07-23,CLI0087,PROD0030,VEN005,SUC007,Presencial,1,659000,446500
VTA004040,2025-11-30,CLI0032,PROD0016,VEN019,SUC002,Presencial,6,137400,109800
VTA004041,2026-03-09,CLI0062,PROD0049,VEN003,SUC007,Presencial,4,367700,247500
VTA004042,2025-07-31,CLI0062,PROD0048,VEN012,SUC002,Presencial,2,20000,13100
VTA004043,2025-11-22,CLI0072,PROD0032,VEN003,SUC003,Presencial,9,291500,179800
VTA004044,2025-02-02,CLI0097,PROD0042,VEN010,SUC001,Web,5,361100,279500
VTA004045,2026-03-31,CLI0052,PROD0024,VEN012,SUC008,Web,6,726800,599200
VTA004046,2026-07-26,CLI0007,PROD0045,VEN016,SUC002,Web,4,129300,93800
VTA004047,2025-11-27,CLI0054,PROD0027,VEN010,SUC008,Presencial,8,102100,75300
VTA004048,2026-05-23,CLI0019,PROD0022,VEN010,SUC007,Web,7,459500,310200
VTA004049,2025-01-14,CLI0012,PROD0018,VEN014,SUC009,Presencial,12,197400,148400
VTA004050,2025-03-17,CLI0092,PROD0006,VEN004,SUC001,Web,2,289000,186000
VTA004051,2025-09-24,CLI0096,PROD0017,VEN009,SUC002,Presencial,8,227000,147300
VTA004052,2025-09-14,CLI0088,PROD0032,VEN002,SUC005,Presencial,2,325100,186400
VTA004053,2025-04-11,CLI0051,PROD0031,VEN020,SUC008,Presencial,6,286200,197800
VTA004054,2025-08-10,CLI0021,PROD0027,VEN008,SUC004,Telefónico,10,105100,75400
VTA004055,2025-03-18,CLI0077,PROD0005,VEN015,SUC007,Telefónico,6,457000,302300
VTA004056,2025-08-22,CLI0086,PROD0007,VEN005,SUC003,Web,7,613400,462100
VTA004057,2026-07-06,CLI0049,PROD0016,VEN002,SUC001,Presencial,9,138600,108900
VTA004058,2025-03-21,CLI0061,PROD0045,VEN015,SUC001,Telefónico,9,114400,91700
VTA004059,2025-03-28,CLI0052,PROD0027,VEN009,SUC009,Web,1,104600,78300
VTA004060,2026-07-11,CLI0068,PROD0014,VEN010,SUC003,Web,2,53500,44100
VTA004061,2025-05-09,CLI0061,PROD0023,VEN004,SUC009,Presencial,6,591800,410200
VTA004062,2025-05-28,CLI0030,PROD0025,VEN019,SUC003,Presencial,6,71300,59700
VTA004063,2025-12-04,CLI0088,PROD0050,VEN005,SUC007,Presencial,10,285600,210100
VTA004064,2025-06-28,CLI0083,PROD0006,VEN001,SUC010,Web,10,255100,181800
VTA004065,2026-06-02,CLI0043,PROD0007,VEN003,SUC009,Web,5,600400,452000
VTA004066,2025-11-20,CLI0084,PROD0031,VEN013,SUC004,Web,9,269800,202700
VTA004067,2026-06-17,CLI0084,PROD0045,VEN020,SUC002,Telefónico,11,121700,90600
VTA004068,2025-07-28,CLI0020,PROD0015,VEN015,SUC002,Telefónico,5,188000,109900
VTA004069,2026-05-04,CLI0099,PROD0013,VEN006,SUC008,Presencial,7,479600,400100
VTA004070,2025-03-04,CLI0079,PROD0001,VEN008,SUC009,Presencial,4,404000,247200
VTA004071,2025-06-14,CLI0065,PROD0012,VEN018,SUC010,Web,4,444500,286300
VTA004072,2025-11-05,CLI0089,PROD0030,VEN001,SUC001,Telefónico,8,605100,458600
VTA004073,2025-06-05,CLI0046,PROD0018,VEN011,SUC009,Web,5,194900,147200
VTA004074,2025-03-17,CLI0065,PROD0022,VEN001,SUC008,Web,10,510800,321300
VTA004075,2025-12-27,CLI0063,PROD0016,VEN008,SUC010,Presencial,1,140800,111800
VTA004076,2026-02-14,CLI0082,PROD0018,VEN005,SUC003,Telefónico,7,199600,148700
VTA004077,2025-05-14,CLI0016,PROD0021,VEN007,SUC002,Presencial,1,848300,658700
VTA004078,2026-07-06,CLI0050,PROD0033,VEN005,SUC004,Web,7,263600,176400
VTA004079,2025-01-19,CLI0015,PROD0040,VEN011,SUC007,Presencial,3,233800,153600
VTA004080,2026-03-29,CLI0052,PROD0049,VEN013,SUC009,Telefónico,8,358200,242900
VTA004081,2025-07-14,CLI0005,PROD0027,VEN014,SUC007,Web,6,102200,77300
VTA004082,2026-04-03,CLI0039,PROD0020,VEN016,SUC009,Web,5,553700,404300
VTA004083,2026-01-22,CLI0058,PROD0046,VEN015,SUC005,Web,10,581200,351100
VTA004084,2026-07-06,CLI0067,PROD0005,VEN010,SUC010,Presencial,8,429400,299700
VTA004085,2026-07-08,CLI0090,PROD0002,VEN010,SUC002,Presencial,5,441400,244600
VTA004086,2025-02-15,CLI0039,PROD0046,VEN006,SUC007,Web,7,605400,350100
VTA004087,2026-07-20,CLI0068,PROD0014,VEN016,SUC005,Presencial,1,58800,43300
VTA004088,2025-10-12,CLI0003,PROD0009,VEN008,SUC007,Web,4,852900,460200
VTA004089,2025-05-04,CLI0043,PROD0024,VEN003,SUC007,Web,12,762600,589700
VTA004090,2025-09-13,CLI0032,PROD0036,VEN017,SUC006,Presencial,9,555600,320100
VTA004091,2025-02-09,CLI0031,PROD0040,VEN013,SUC005,Web,12,225700,152400
VTA004092,2025-10-16,CLI0052,PROD0042,VEN009,SUC005,Presencial,3,395100,274000
VTA004093,2025-11-26,CLI0047,PROD0043,VEN014,SUC009,Telefónico,4,442600,355900
VTA004094,2026-06-26,CLI0096,PROD0011,VEN018,SUC010,Web,7,873000,681500
VTA004095,2026-01-19,CLI0023,PROD0045,VEN014,SUC006,Presencial,7,114800,91800
VTA004096,2025-08-04,CLI0055,PROD0033,VEN007,SUC008,Web,10,268000,174500
VTA004097,2026-04-15,CLI0017,PROD0008,VEN015,SUC009,Web,9,673200,393500
VTA004098,2025-02-13,CLI0097,PROD0045,VEN011,SUC006,Presencial,10,131400,94700
VTA004099,2025-10-17,CLI0008,PROD0002,VEN010,SUC007,Presencial,9,443800,235700
VTA004100,2025-12-15,CLI0059,PROD0039,VEN019,SUC002,Presencial,3,347100,209700
VTA004101,2025-02-07,CLI0024,PROD0041,VEN005,SUC003,Presencial,3,201300,142500
VTA004102,2025-02-04,CLI0036,PROD0020,VEN010,SUC003,Web,4,481400,413100
VTA004103,2025-06-03,CLI0059,PROD0042,VEN015,SUC007,Telefónico,4,401800,286400
VTA004104,2026-06-23,CLI0097,PROD0019,VEN016,SUC007,Telefónico,11,652400,478400
VTA004105,2025-10-09,CLI0023,PROD0005,VEN001,SUC004,Web,11,478200,309700
VTA004106,2025-01-21,CLI0005,PROD0009,VEN012,SUC006,Presencial,11,849100,459500
VTA004107,2025-07-24,CLI0077,PROD0025,VEN016,SUC009,Presencial,10,68500,59600
VTA004108,2025-09-21,CLI0072,PROD0002,VEN002,SUC004,Telefónico,1,465400,236300
VTA004109,2025-04-21,CLI0041,PROD0013,VEN016,SUC007,Web,8,518200,405400
VTA004110,2025-02-01,CLI0031,PROD0002,VEN001,SUC002,Presencial,12,436300,240400
VTA004111,2026-06-19,CLI0045,PROD0027,VEN001,SUC004,Presencial,3,101800,76700
VTA004112,2025-10-02,CLI0024,PROD0049,VEN016,SUC010,Presencial,1,336900,245600
VTA004113,2026-04-23,CLI0056,PROD0021,VEN005,SUC001,Web,1,879600,678400
VTA004114,2026-05-07,CLI0004,PROD0045,VEN007,SUC007,Web,3,120500,94600
VTA004115,2025-03-17,CLI0056,PROD0003,VEN016,SUC003,Telefónico,2,90100,61100
VTA004116,2026-02-11,CLI0019,PROD0019,VEN003,SUC003,Presencial,4,723800,468400
VTA004117,2025-09-18,CLI0014,PROD0038,VEN010,SUC007,Web,7,100300,58900
VTA004118,2026-03-05,CLI0031,PROD0002,VEN006,SUC005,Web,1,432300,238000
VTA004119,2025-10-16,CLI0058,PROD0002,VEN007,SUC008,Presencial,4,442900,241700
VTA004120,2026-06-14,CLI0027,PROD0031,VEN002,SUC005,Web,11,264400,199700
VTA004121,2025-01-26,CLI0051,PROD0032,VEN002,SUC005,Web,2,298300,187100
VTA004122,2026-05-20,CLI0024,PROD0025,VEN016,SUC010,Presencial,4,69400,60500
VTA004123,2025-07-06,CLI0027,PROD0021,VEN013,SUC001,Web,1,858400,666600
VTA004124,2026-04-25,CLI0039,PROD0042,VEN010,SUC004,Web,5,393900,280100
VTA004125,2025-11-25,CLI0066,PROD0036,VEN020,SUC007,Presencial,9,501800,312600
VTA004126,2025-12-12,CLI0035,PROD0028,VEN013,SUC009,Presencial,10,474800,268400
VTA004127,2025-01-17,CLI0044,PROD0001,VEN015,SUC007,Telefónico,2,437500,245500
VTA004128,2025-01-29,CLI0005,PROD0002,VEN010,SUC002,Presencial,11,440300,235800
VTA004129,2025-07-25,CLI0008,PROD0045,VEN016,SUC009,Web,10,114000,93200
VTA004130,2026-06-29,CLI0064,PROD0032,VEN017,SUC003,Presencial,2,321700,178600
VTA004131,2025-11-03,CLI0013,PROD0003,VEN012,SUC003,Presencial,11,85000,61200
VTA004132,2025-12-05,CLI0014,PROD0017,VEN011,SUC009,Web,5,224900,150000
VTA004133,2025-10-11,CLI0068,PROD0007,VEN006,SUC003,Web,12,582600,453200
VTA004134,2025-12-10,CLI0006,PROD0024,VEN017,SUC007,Presencial,6,685700,598100
VTA004135,2025-03-25,CLI0056,PROD0016,VEN018,SUC007,Web,2,133800,110100
VTA004136,2025-10-22,CLI0086,PROD0050,VEN016,SUC009,Web,2,282100,201700
VTA004137,2025-04-28,CLI0080,PROD0018,VEN007,SUC003,Web,1,183700,150000
VTA004138,2025-06-22,CLI0088,PROD0037,VEN015,SUC009,Presencial,2,235300,168000
VTA004139,2025-06-18,CLI0006,PROD0048,VEN009,SUC007,Web,3,19100,12900
VTA004140,2026-06-15,CLI0026,PROD0015,VEN003,SUC004,Web,11,166400,108400
VTA004141,2026-05-29,CLI0080,PROD0014,VEN005,SUC003,Presencial,12,59200,43600
VTA004142,2025-06-10,CLI0064,PROD0007,VEN013,SUC009,Presencial,10,580500,450800
VTA004143,2025-10-27,CLI0024,PROD0034,VEN016,SUC005,Presencial,6,543900,413600
VTA004144,2026-01-08,CLI0077,PROD0015,VEN007,SUC001,Web,10,162700,107700
VTA004145,2025-07-19,CLI0023,PROD0009,VEN017,SUC006,Web,8,844400,462400
VTA004146,2025-10-12,CLI0070,PROD0011,VEN003,SUC001,Web,3,833100,687400
VTA004147,2025-07-16,CLI0003,PROD0019,VEN005,SUC009,Presencial,4,732400,477800
VTA004148,2025-08-09,CLI0061,PROD0038,VEN013,SUC002,Presencial,9,98800,60300
VTA004149,2025-04-17,CLI0087,PROD0027,VEN013,SUC004,Presencial,4,110800,76200
VTA004150,2026-06-11,CLI0082,PROD0011,VEN003,SUC008,Telefónico,4,795400,684500
VTA004151,2025-01-05,CLI0098,PROD0026,VEN019,SUC007,Web,7,559600,392200
VTA004152,2026-07-22,CLI0057,PROD0017,VEN010,SUC001,Web,10,213000,149200
VTA004153,2025-03-24,CLI0025,PROD0033,VEN009,SUC008,Presencial,9,241800,176300
VTA004154,2025-05-23,CLI0079,PROD0014,VEN008,SUC006,Web,9,60100,42700
VTA004155,2025-08-04,CLI0084,PROD0018,VEN016,SUC001,Web,6,200000,150700
VTA004156,2026-06-12,CLI0079,PROD0035,VEN013,SUC004,Presencial,6,739500,458200
VTA004157,2025-09-26,CLI0030,PROD0008,VEN016,SUC009,Presencial,4,647200,381600
VTA004158,2025-05-11,CLI0096,PROD0010,VEN002,SUC008,Web,9,335100,233600
VTA004159,2025-09-18,CLI0093,PROD0044,VEN020,SUC002,Telefónico,4,794900,605600
VTA004160,2026-07-12,CLI0032,PROD0021,VEN006,SUC010,Web,2,800800,649100
VTA004161,2025-04-22,CLI0079,PROD0030,VEN015,SUC007,Web,12,596300,447100
VTA004162,2025-03-11,CLI0055,PROD0032,VEN015,SUC004,Presencial,2,310600,181200
VTA004163,2026-06-07,CLI0010,PROD0011,VEN013,SUC007,Telefónico,12,907400,676800
VTA004164,2026-05-16,CLI0047,PROD0012,VEN001,SUC004,Web,9,415700,275800
VTA004165,2025-06-13,CLI0023,PROD0041,VEN014,SUC001,Web,8,203600,141000
VTA004166,2026-06-09,CLI0025,PROD0011,VEN001,SUC008,Presencial,3,860200,676500
VTA004167,2026-04-30,CLI0059,PROD0045,VEN012,SUC008,Presencial,7,115000,93300
VTA004168,2026-05-17,CLI0074,PROD0044,VEN010,SUC007,Web,9,738900,605600
VTA004169,2025-10-12,CLI0070,PROD0006,VEN016,SUC006,Presencial,6,286400,186600
VTA004170,2025-06-25,CLI0066,PROD0042,VEN012,SUC002,Presencial,12,402200,280200
VTA004171,2026-04-13,CLI0037,PROD0035,VEN008,SUC009,Web,2,704600,460400
VTA004172,2025-12-05,CLI0051,PROD0029,VEN004,SUC002,Presencial,8,621400,414300
VTA004173,2025-07-05,CLI0071,PROD0029,VEN015,SUC004,Presencial,4,620000,428700
VTA004174,2026-07-01,CLI0082,PROD0036,VEN002,SUC008,Telefónico,12,557100,313700
VTA004175,2025-10-31,CLI0078,PROD0018,VEN007,SUC001,Presencial,11,211400,150400
VTA004176,2026-01-18,CLI0002,PROD0036,VEN001,SUC001,Web,3,535800,321500
VTA004177,2026-01-24,CLI0011,PROD0037,VEN009,SUC010,Presencial,8,227900,161300
VTA004178,2026-04-08,CLI0070,PROD0027,VEN008,SUC005,Web,11,103000,76400
VTA004179,2025-02-19,CLI0024,PROD0003,VEN004,SUC008,Web,2,86400,60400
VTA004180,2026-01-09,CLI0063,PROD0008,VEN017,SUC006,Presencial,11,628600,379300
VTA004181,2025-05-09,CLI0003,PROD0028,VEN018,SUC005,Web,7,471700,267800
VTA004182,2026-05-03,CLI0099,PROD0033,VEN006,SUC004,Web,1,265500,168400
VTA004183,2026-01-05,CLI0021,PROD0039,VEN011,SUC001,Web,6,324200,218300
VTA004184,2026-03-26,CLI0091,PROD0014,VEN006,SUC008,Web,1,60700,43500
VTA004185,2025-11-11,CLI0049,PROD0048,VEN012,SUC007,Presencial,11,19000,12900
VTA004186,2026-03-27,CLI0037,PROD0046,VEN011,SUC009,Presencial,2,528800,352100
VTA004187,2025-10-24,CLI0023,PROD0006,VEN018,SUC007,Telefónico,11,281000,183800
VTA004188,2025-04-16,CLI0029,PROD0018,VEN004,SUC008,Web,2,186700,147100
VTA004189,2025-03-26,CLI0040,PROD0011,VEN013,SUC008,Presencial,10,875100,690100
VTA004190,2025-08-26,CLI0044,PROD0012,VEN003,SUC004,Web,7,434400,278100
VTA004191,2026-05-13,CLI0025,PROD0017,VEN019,SUC007,Web,10,206400,145000
VTA004192,2026-03-16,CLI0007,PROD0050,VEN009,SUC009,Web,11,267900,209100
VTA004193,2025-04-14,CLI0036,PROD0023,VEN019,SUC006,Web,10,580200,399200
VTA004194,2026-05-20,CLI0088,PROD0042,VEN002,SUC001,Presencial,9,381900,285200
VTA004195,2025-09-30,CLI0081,PROD0025,VEN011,SUC003,Presencial,1,78800,61000
VTA004196,2026-04-03,CLI0038,PROD0026,VEN017,SUC008,Presencial,5,492500,377600
VTA004197,2025-02-11,CLI0036,PROD0048,VEN010,SUC002,Presencial,6,19800,13200
VTA004198,2026-05-20,CLI0009,PROD0005,VEN009,SUC002,Presencial,7,453300,311700
VTA004199,2025-03-04,CLI0082,PROD0021,VEN002,SUC006,Presencial,8,798100,652000
VTA004200,2025-11-20,CLI0033,PROD0050,VEN010,SUC005,Presencial,9,279200,208000
VTA004201,2026-04-14,CLI0026,PROD0002,VEN019,SUC003,Presencial,12,457200,237500
VTA004202,2025-07-29,CLI0090,PROD0021,VEN004,SUC002,Web,10,777100,646900
VTA004203,2026-02-17,CLI0039,PROD0045,VEN012,SUC009,Telefónico,9,123400,93700
VTA004204,2025-09-01,CLI0052,PROD0027,VEN020,SUC007,Presencial,10,99000,76500
VTA004205,2025-02-11,CLI0062,PROD0002,VEN006,SUC007,Web,9,425500,236600
VTA004206,2025-07-17,CLI0039,PROD0007,VEN015,SUC010,Presencial,3,624000,459800
VTA004207,2025-04-28,CLI0085,PROD0022,VEN006,SUC008,Web,11,507100,324000
VTA004208,2025-07-24,CLI0008,PROD0047,VEN015,SUC007,Telefónico,5,467500,350800
VTA004209,2025-06-21,CLI0077,PROD0003,VEN009,SUC008,Telefónico,7,88000,60300
VTA004210,2025-09-03,CLI0089,PROD0015,VEN020,SUC008,Telefónico,12,170000,110700
VTA004211,2025-02-05,CLI0099,PROD0035,VEN013,SUC004,Presencial,12,717500,443800
VTA004212,2025-03-23,CLI0008,PROD0039,VEN002,SUC002,Web,5,323200,217300
VTA004213,2026-07-18,CLI0032,PROD0036,VEN007,SUC005,Web,7,495300,314000
VTA004214,2025-03-20,CLI0034,PROD0039,VEN012,SUC001,Web,9,346300,214100
VTA004215,2025-05-18,CLI0002,PROD0002,VEN015,SUC004,Web,8,420300,247100
VTA004216,2025-04-28,CLI0024,PROD0046,VEN004,SUC008,Web,1,605700,356000
VTA004217,2025-01-14,CLI0034,PROD0001,VEN007,SUC009,Web,4,412700,243800
VTA004218,2025-07-31,CLI0003,PROD0007,VEN011,SUC002,Presencial,2,629200,461100
VTA004219,2026-02-18,CLI0025,PROD0030,VEN012,SUC006,Presencial,2,648500,455100
VTA004220,2025-04-22,CLI0010,PROD0005,VEN014,SUC005,Web,7,421700,305500
VTA004221,2026-02-06,CLI0036,PROD0003,VEN018,SUC006,Web,7,80300,62200
VTA004222,2025-06-09,CLI0063,PROD0011,VEN013,SUC010,Presencial,4,883600,671600
VTA004223,2025-04-16,CLI0036,PROD0029,VEN009,SUC001,Web,4,704600,418500
VTA004224,2025-10-03,CLI0091,PROD0010,VEN009,SUC007,Presencial,3,343100,228600
VTA004225,2026-06-16,CLI0063,PROD0007,VEN009,SUC004,Telefónico,8,577300,467000
VTA004226,2025-01-22,CLI0050,PROD0050,VEN020,SUC004,Telefónico,6,259700,204200
VTA004227,2026-06-28,CLI0060,PROD0002,VEN005,SUC002,Web,8,412200,246800
VTA004228,2025-07-04,CLI0028,PROD0009,VEN005,SUC008,Presencial,7,823800,477200
VTA004229,2025-07-11,CLI0007,PROD0004,VEN007,SUC004,Presencial,12,361800,299700
VTA004230,2025-02-10,CLI0032,PROD0008,VEN016,SUC009,Telefónico,4,653400,385000
VTA004231,2025-03-11,CLI0095,PROD0004,VEN008,SUC009,Web,12,387300,291100
VTA004232,2025-01-05,CLI0032,PROD0033,VEN014,SUC009,Presencial,8,248500,170900
VTA004233,2025-04-27,CLI0055,PROD0027,VEN013,SUC001,Presencial,2,102100,78400
VTA004234,2025-01-18,CLI0049,PROD0046,VEN017,SUC003,Presencial,3,593200,360400
VTA004235,2025-08-28,CLI0051,PROD0026,VEN002,SUC004,Presencial,3,516300,377100
VTA004236,2025-08-16,CLI0061,PROD0050,VEN014,SUC003,Web,10,278700,209100
VTA004237,2026-02-18,CLI0017,PROD0016,VEN007,SUC010,Presencial,8,137900,108800
VTA004238,2026-05-03,CLI0084,PROD0005,VEN015,SUC009,Web,6,479100,309400
VTA004239,2026-03-12,CLI0083,PROD0022,VEN018,SUC004,Presencial,7,512500,318200
VTA004240,2026-05-11,CLI0069,PROD0018,VEN003,SUC010,Web,10,197000,151700
VTA004241,2026-01-21,CLI0011,PROD0022,VEN005,SUC005,Presencial,6,535800,315400
VTA004242,2025-05-10,CLI0022,PROD0024,VEN001,SUC003,Presencial,7,766400,592700
VTA004243,2026-06-13,CLI0019,PROD0013,VEN012,SUC001,Presencial,1,520600,409200
VTA004244,2026-07-24,CLI0097,PROD0001,VEN003,SUC009,Web,11,397000,245600
VTA004245,2025-12-30,CLI0010,PROD0017,VEN020,SUC004,Web,4,202100,146500
VTA004246,2026-05-25,CLI0089,PROD0023,VEN017,SUC001,Presencial,8,621800,400300
VTA004247,2025-10-08,CLI0023,PROD0005,VEN012,SUC009,Presencial,9,426400,305500
VTA004248,2025-07-28,CLI0056,PROD0016,VEN015,SUC002,Presencial,2,133300,110100
VTA004249,2025-07-25,CLI0030,PROD0006,VEN007,SUC001,Presencial,8,290100,179000
VTA004250,2025-07-26,CLI0046,PROD0028,VEN010,SUC010,Presencial,2,467000,274900
VTA004251,2025-07-29,CLI0021,PROD0043,VEN019,SUC001,Web,5,475000,360400
VTA004252,2025-03-04,CLI0095,PROD0027,VEN010,SUC009,Telefónico,8,113200,76800
VTA004253,2026-07-25,CLI0052,PROD0002,VEN019,SUC001,Web,10,409700,242000
VTA004254,2026-03-26,CLI0020,PROD0029,VEN020,SUC002,Presencial,10,701800,416600
VTA004255,2026-01-31,CLI0077,PROD0042,VEN010,SUC008,Telefónico,2,404100,282100
VTA004256,2025-10-14,CLI0071,PROD0046,VEN008,SUC004,Presencial,4,603100,363000
VTA004257,2025-06-10,CLI0060,PROD0043,VEN001,SUC002,Presencial,11,497700,354400
VTA004258,2025-02-03,CLI0086,PROD0049,VEN020,SUC005,Presencial,8,346200,251600
VTA004259,2025-12-17,CLI0052,PROD0008,VEN007,SUC005,Telefónico,4,639800,390800
VTA004260,2025-12-28,CLI0046,PROD0046,VEN016,SUC003,Presencial,11,600000,362800
VTA004261,2025-05-24,CLI0044,PROD0001,VEN001,SUC005,Presencial,4,434600,246600
VTA004262,2025-07-14,CLI0073,PROD0048,VEN015,SUC005,Web,5,21400,13100
VTA004263,2026-06-23,CLI0080,PROD0047,VEN010,SUC009,Web,8,425200,362300
VTA004264,2026-02-15,CLI0096,PROD0015,VEN016,SUC003,Telefónico,6,170200,106500
VTA004265,2025-06-10,CLI0042,PROD0020,VEN014,SUC005,Presencial,9,544200,402400
VTA004266,2026-02-08,CLI0093,PROD0036,VEN020,SUC005,Web,3,506100,328000
VTA004267,2025-12-10,CLI0009,PROD0049,VEN013,SUC004,Presencial,6,330100,244900
VTA004268,2026-06-23,CLI0050,PROD0036,VEN011,SUC003,Web,12,490900,325600
VTA004269,2026-01-16,CLI0084,PROD0022,VEN019,SUC004,Web,10,459800,313400
VTA004270,2025-06-10,CLI0067,PROD0010,VEN016,SUC010,Presencial,7,344300,233800
VTA004271,2025-06-21,CLI0087,PROD0042,VEN009,SUC004,Web,8,403300,286800
VTA004272,2026-05-07,CLI0056,PROD0017,VEN016,SUC005,Presencial,12,214600,149600
VTA004273,2025-03-09,CLI0033,PROD0031,VEN015,SUC008,Presencial,12,267200,203500
VTA004274,2026-06-01,CLI0006,PROD0016,VEN020,SUC008,Web,12,148400,113200
VTA004275,2025-09-25,CLI0042,PROD0040,VEN018,SUC002,Presencial,5,221800,148600
VTA004276,2026-01-31,CLI0045,PROD0029,VEN017,SUC009,Presencial,1,697200,426100
VTA004277,2025-06-10,CLI0085,PROD0012,VEN001,SUC001,Presencial,9,447000,281500
VTA004278,2026-07-15,CLI0067,PROD0020,VEN007,SUC002,Presencial,12,511000,407800
VTA004279,2026-02-16,CLI0047,PROD0022,VEN020,SUC002,Presencial,11,501300,313800
VTA004280,2025-03-05,CLI0025,PROD0024,VEN017,SUC001,Presencial,1,773200,594000
VTA004281,2026-01-09,CLI0059,PROD0022,VEN008,SUC007,Telefónico,1,484000,322500
VTA004282,2025-05-28,CLI0063,PROD0003,VEN002,SUC004,Web,2,91500,60700
VTA004283,2025-03-20,CLI0091,PROD0046,VEN014,SUC007,Telefónico,1,521600,350300
VTA004284,2025-11-17,CLI0100,PROD0006,VEN007,SUC009,Web,10,259000,182500
VTA004285,2025-09-22,CLI0016,PROD0021,VEN006,SUC004,Telefónico,6,791900,671600
VTA004286,2025-08-30,CLI0035,PROD0007,VEN005,SUC002,Presencial,12,610900,451700
VTA004287,2025-09-19,CLI0002,PROD0032,VEN003,SUC009,Presencial,11,291000,186400
VTA004288,2026-02-10,CLI0056,PROD0029,VEN017,SUC003,Presencial,6,663200,419900
VTA004289,2026-02-14,CLI0029,PROD0007,VEN019,SUC006,Web,7,545300,467100
VTA004290,2026-03-13,CLI0049,PROD0030,VEN001,SUC004,Presencial,8,602000,442900
VTA004291,2026-04-13,CLI0077,PROD0032,VEN015,SUC006,Presencial,10,305800,184800
VTA004292,2025-07-25,CLI0075,PROD0030,VEN011,SUC003,Web,7,628100,458900
VTA004293,2025-08-22,CLI0003,PROD0014,VEN020,SUC008,Presencial,5,54400,43200
VTA004294,2025-08-03,CLI0038,PROD0050,VEN002,SUC008,Web,6,253800,200200
VTA004295,2026-02-27,CLI0003,PROD0045,VEN013,SUC006,Presencial,6,121400,91700
VTA004296,2026-02-02,CLI0091,PROD0042,VEN014,SUC008,Web,12,386500,283500
VTA004297,2026-03-06,CLI0074,PROD0021,VEN020,SUC010,Presencial,3,783000,656000
VTA004298,2025-10-20,CLI0088,PROD0017,VEN004,SUC002,Web,10,207000,147500
VTA004299,2025-11-24,CLI0048,PROD0019,VEN008,SUC003,Presencial,7,709200,464500
VTA004300,2025-08-26,CLI0081,PROD0041,VEN019,SUC005,Presencial,8,207000,138000
VTA004301,2025-07-25,CLI0028,PROD0026,VEN015,SUC002,Web,4,563200,378300
VTA004302,2025-03-24,CLI0037,PROD0010,VEN001,SUC008,Presencial,9,315100,230600
VTA004303,2025-04-20,CLI0065,PROD0002,VEN002,SUC006,Web,1,408700,244000
VTA004304,2026-07-10,CLI0031,PROD0018,VEN009,SUC008,Web,7,183300,151700
VTA004305,2025-04-19,CLI0019,PROD0009,VEN001,SUC006,Telefónico,5,837100,467700
VTA004306,2025-11-03,CLI0092,PROD0001,VEN017,SUC008,Web,4,390800,244600
VTA004307,2025-02-08,CLI0016,PROD0048,VEN016,SUC007,Web,6,19200,13000
VTA004308,2025-05-30,CLI0024,PROD0019,VEN002,SUC007,Presencial,7,687400,472400
VTA004309,2025-10-10,CLI0031,PROD0029,VEN020,SUC003,Web,5,708200,418300
VTA004310,2025-01-25,CLI0004,PROD0043,VEN010,SUC001,Telefónico,9,491300,355800
VTA004311,2026-03-13,CLI0090,PROD0026,VEN014,SUC006,Web,2,552500,381100
VTA004312,2026-06-07,CLI0016,PROD0013,VEN002,SUC010,Presencial,5,463300,390200
VTA004313,2025-03-12,CLI0054,PROD0016,VEN011,SUC005,Presencial,10,136900,110300
VTA004314,2025-05-07,CLI0072,PROD0031,VEN019,SUC010,Telefónico,12,253000,200000
VTA004315,2026-06-30,CLI0036,PROD0017,VEN007,SUC010,Web,7,220100,148900
VTA004316,2025-10-31,CLI0065,PROD0009,VEN019,SUC003,Presencial,8,841200,470600
VTA004317,2025-10-09,CLI0019,PROD0002,VEN004,SUC004,Web,8,460600,237600
VTA004318,2026-04-09,CLI0068,PROD0001,VEN002,SUC007,Web,5,427800,252600
VTA004319,2026-05-05,CLI0049,PROD0003,VEN018,SUC006,Web,2,88500,60600
VTA004320,2025-02-03,CLI0063,PROD0016,VEN014,SUC003,Web,7,145000,114000
VTA004321,2025-05-13,CLI0057,PROD0034,VEN007,SUC004,Presencial,7,517500,418500
VTA004322,2025-07-26,CLI0027,PROD0017,VEN008,SUC007,Web,6,227600,146500
VTA004323,2025-11-27,CLI0005,PROD0047,VEN002,SUC002,Web,3,454900,349700
VTA004324,2025-05-03,CLI0087,PROD0024,VEN013,SUC009,Presencial,5,702100,573400
VTA004325,2026-06-26,CLI0088,PROD0002,VEN005,SUC007,Web,6,420600,244100
VTA004326,2025-08-02,CLI0043,PROD0030,VEN008,SUC008,Web,7,610800,448400
VTA004327,2025-03-20,CLI0086,PROD0013,VEN005,SUC007,Web,7,534100,397600
VTA004328,2026-06-25,CLI0085,PROD0022,VEN017,SUC003,Web,6,494700,316600
VTA004329,2026-03-14,CLI0026,PROD0010,VEN001,SUC007,Web,5,302500,229700
VTA004330,2026-05-11,CLI0077,PROD0022,VEN015,SUC005,Web,1,492900,316300
VTA004331,2025-05-13,CLI0049,PROD0032,VEN014,SUC007,Web,3,312700,180900
VTA004332,2026-03-09,CLI0081,PROD0002,VEN015,SUC005,Presencial,4,440400,244000
VTA004333,2025-08-08,CLI0099,PROD0046,VEN002,SUC008,Presencial,12,579800,356900
VTA004334,2025-01-12,CLI0038,PROD0016,VEN007,SUC004,Presencial,4,144400,109100
VTA004335,2026-05-29,CLI0091,PROD0016,VEN007,SUC001,Presencial,1,137100,113500
VTA004336,2025-04-03,CLI0088,PROD0001,VEN020,SUC005,Presencial,12,394300,249000
VTA004337,2025-10-29,CLI0053,PROD0016,VEN020,SUC003,Presencial,8,149300,110400
VTA004338,2026-07-03,CLI0015,PROD0013,VEN012,SUC009,Telefónico,2,475900,400900
VTA004339,2025-05-30,CLI0098,PROD0007,VEN020,SUC005,Web,6,558200,459700
VTA004340,2025-04-28,CLI0050,PROD0039,VEN002,SUC007,Presencial,9,328800,210200
VTA004341,2025-01-05,CLI0033,PROD0032,VEN007,SUC006,Telefónico,6,306200,182800
VTA004342,2025-03-13,CLI0058,PROD0016,VEN012,SUC004,Presencial,8,144700,114000
VTA004343,2025-08-17,CLI0097,PROD0043,VEN011,SUC001,Presencial,10,451600,356700
VTA004344,2025-03-02,CLI0098,PROD0023,VEN002,SUC005,Web,8,564300,412500
VTA004345,2026-06-06,CLI0086,PROD0018,VEN013,SUC009,Web,6,201400,146700
VTA004346,2025-12-26,CLI0038,PROD0041,VEN008,SUC001,Telefónico,8,208600,136500
VTA004347,2025-10-30,CLI0088,PROD0011,VEN005,SUC007,Web,5,849700,684900
VTA004348,2025-12-29,CLI0013,PROD0041,VEN003,SUC010,Presencial,7,197500,136800
VTA004349,2026-02-18,CLI0032,PROD0037,VEN012,SUC003,Web,12,239500,164700
VTA004350,2025-07-09,CLI0018,PROD0050,VEN009,SUC005,Telefónico,2,269600,206700
VTA004351,2026-05-20,CLI0056,PROD0007,VEN014,SUC009,Presencial,10,585500,461100
VTA004352,2025-12-29,CLI0039,PROD0030,VEN012,SUC001,Web,9,659700,441500
VTA004353,2025-12-30,CLI0011,PROD0019,VEN013,SUC002,Web,7,725400,469700
VTA004354,2025-10-15,CLI0039,PROD0043,VEN003,SUC008,Web,9,443500,361700
VTA004355,2025-09-25,CLI0069,PROD0035,VEN004,SUC002,Presencial,9,779000,450700
VTA004356,2026-03-18,CLI0053,PROD0002,VEN015,SUC002,Presencial,10,430600,242100
VTA004357,2026-03-22,CLI0084,PROD0039,VEN007,SUC005,Presencial,8,352500,217400
VTA004358,2026-04-14,CLI0091,PROD0011,VEN005,SUC006,Presencial,2,801700,687200
VTA004359,2026-01-07,CLI0080,PROD0017,VEN014,SUC006,Telefónico,12,215200,151800
VTA004360,2025-11-05,CLI0077,PROD0016,VEN014,SUC010,Web,2,140000,109400
VTA004361,2025-10-02,CLI0035,PROD0021,VEN016,SUC002,Presencial,7,821100,678800
VTA004362,2025-10-08,CLI0039,PROD0001,VEN020,SUC002,Web,2,416700,247800
VTA004363,2026-07-13,CLI0013,PROD0025,VEN012,SUC001,Web,9,70800,59700
VTA004364,2026-04-07,CLI0057,PROD0028,VEN009,SUC006,Telefónico,3,470100,273900
VTA004365,2025-11-17,CLI0022,PROD0031,VEN018,SUC003,Presencial,2,259400,197000
VTA004366,2025-08-09,CLI0097,PROD0015,VEN009,SUC010,Presencial,7,186300,107800
VTA004367,2025-11-11,CLI0093,PROD0007,VEN013,SUC007,Presencial,2,572500,457400
VTA004368,2026-07-11,CLI0010,PROD0027,VEN009,SUC008,Web,10,114100,77700
VTA004369,2025-01-15,CLI0080,PROD0024,VEN016,SUC006,Web,8,712000,582700
VTA004370,2025-03-13,CLI0044,PROD0047,VEN010,SUC009,Presencial,7,421000,350800
VTA004371,2025-07-07,CLI0056,PROD0013,VEN002,SUC008,Presencial,1,517400,402800
VTA004372,2026-07-30,CLI0095,PROD0014,VEN006,SUC003,Web,8,62400,43700
VTA004373,2025-10-09,CLI0010,PROD0022,VEN017,SUC004,Web,7,461100,321500
VTA004374,2026-06-18,CLI0049,PROD0044,VEN020,SUC006,Presencial,3,811400,580300
VTA004375,2026-01-01,CLI0084,PROD0026,VEN006,SUC001,Web,8,574300,382900
VTA004376,2025-06-14,CLI0009,PROD0034,VEN007,SUC009,Web,7,556800,409500
VTA004377,2025-03-02,CLI0041,PROD0029,VEN018,SUC005,Web,7,646600,420300
VTA004378,2026-06-22,CLI0002,PROD0035,VEN013,SUC006,Presencial,1,727300,440800
VTA004379,2026-04-27,CLI0001,PROD0032,VEN013,SUC001,Presencial,10,303100,183600
VTA004380,2025-05-19,CLI0015,PROD0031,VEN004,SUC008,Telefónico,8,290800,198700
VTA004381,2026-06-28,CLI0083,PROD0042,VEN018,SUC005,Telefónico,11,409000,273400
VTA004382,2025-04-11,CLI0057,PROD0006,VEN018,SUC003,Presencial,3,263000,183800
VTA004383,2025-03-12,CLI0077,PROD0003,VEN007,SUC004,Web,3,89500,59800
VTA004384,2025-06-25,CLI0050,PROD0018,VEN008,SUC008,Presencial,9,191100,149500
VTA004385,2026-04-15,CLI0070,PROD0023,VEN005,SUC003,Web,4,638200,402900
VTA004386,2026-07-14,CLI0024,PROD0019,VEN020,SUC010,Web,7,721700,467700
VTA004387,2026-06-07,CLI0007,PROD0002,VEN014,SUC006,Web,9,444000,246100
VTA004388,2026-07-16,CLI0022,PROD0036,VEN012,SUC010,Telefónico,10,485900,321500
VTA004389,2026-06-27,CLI0077,PROD0049,VEN003,SUC010,Presencial,2,357200,245600
VTA004390,2025-06-22,CLI0050,PROD0024,VEN017,SUC003,Telefónico,8,735200,598500
VTA004391,2025-06-02,CLI0078,PROD0029,VEN006,SUC008,Presencial,5,621800,425700
VTA004392,2026-06-27,CLI0065,PROD0021,VEN017,SUC006,Presencial,2,885700,652900
VTA004393,2026-06-01,CLI0093,PROD0039,VEN009,SUC009,Presencial,11,336200,209400
VTA004394,2026-05-17,CLI0066,PROD0047,VEN014,SUC008,Web,8,433200,352700
VTA004395,2025-04-09,CLI0021,PROD0042,VEN009,SUC002,Web,2,362800,285100
VTA004396,2025-08-19,CLI0051,PROD0016,VEN019,SUC005,Presencial,9,134500,114000
VTA004397,2025-01-05,CLI0089,PROD0003,VEN009,SUC009,Presencial,2,87100,59500
VTA004398,2026-02-03,CLI0038,PROD0013,VEN002,SUC003,Presencial,3,492300,406300
VTA004399,2025-07-29,CLI0094,PROD0040,VEN002,SUC003,Web,8,222600,148100
VTA004400,2026-01-07,CLI0009,PROD0011,VEN013,SUC006,Presencial,10,856900,673900
VTA004401,2025-06-12,CLI0091,PROD0022,VEN018,SUC006,Web,11,527400,312300
VTA004402,2026-03-28,CLI0057,PROD0026,VEN005,SUC008,Presencial,1,525800,387600
VTA004403,2025-02-14,CLI0017,PROD0004,VEN001,SUC001,Web,4,375100,291100
VTA004404,2025-10-27,CLI0026,PROD0033,VEN012,SUC002,Presencial,4,247600,170600
VTA004405,2025-05-27,CLI0005,PROD0039,VEN016,SUC008,Web,4,327700,213700
VTA004406,2025-12-29,CLI0091,PROD0034,VEN004,SUC007,Presencial,6,533300,408500
VTA004407,2026-01-04,CLI0063,PROD0028,VEN005,SUC007,Web,10,415400,281100
VTA004408,2026-06-28,CLI0067,PROD0047,VEN001,SUC007,Presencial,5,466900,356800
VTA004409,2026-06-02,CLI0013,PROD0002,VEN001,SUC005,Web,6,436100,243800
VTA004410,2025-12-20,CLI0046,PROD0025,VEN002,SUC006,Web,2,70500,60100
VTA004411,2025-10-13,CLI0053,PROD0042,VEN009,SUC007,Web,7,416700,273700
VTA004412,2025-01-22,CLI0017,PROD0035,VEN007,SUC001,Web,8,669700,455400
VTA004413,2026-01-31,CLI0006,PROD0040,VEN009,SUC010,Presencial,8,216900,147000
VTA004414,2026-05-06,CLI0058,PROD0050,VEN014,SUC006,Telefónico,3,288600,207100
VTA004415,2026-06-12,CLI0051,PROD0045,VEN014,SUC004,Presencial,2,126300,90600
VTA004416,2025-01-07,CLI0091,PROD0012,VEN013,SUC002,Web,1,431900,282500
VTA004417,2025-07-20,CLI0046,PROD0039,VEN002,SUC007,Presencial,9,306200,209900
VTA004418,2025-07-08,CLI0053,PROD0043,VEN003,SUC008,Presencial,2,446400,364800
VTA004419,2025-11-27,CLI0054,PROD0003,VEN019,SUC006,Web,8,88600,61200
VTA004420,2025-11-23,CLI0064,PROD0013,VEN008,SUC006,Telefónico,6,461200,391500
VTA004421,2025-07-31,CLI0072,PROD0017,VEN016,SUC004,Web,4,220200,149000
VTA004422,2026-02-18,CLI0043,PROD0025,VEN019,SUC005,Web,8,72500,60900
VTA004423,2025-05-29,CLI0076,PROD0025,VEN004,SUC007,Presencial,2,72600,59200
VTA004424,2025-02-15,CLI0049,PROD0042,VEN004,SUC007,Web,7,391500,281800
VTA004425,2026-06-15,CLI0083,PROD0035,VEN012,SUC010,Presencial,4,666600,448000
VTA004426,2025-12-12,CLI0014,PROD0004,VEN009,SUC002,Presencial,7,393100,287900
VTA004427,2026-07-12,CLI0003,PROD0024,VEN004,SUC004,Presencial,1,695000,579500
VTA004428,2025-07-19,CLI0082,PROD0043,VEN011,SUC009,Web,10,492800,350900
VTA004429,2026-02-24,CLI0033,PROD0049,VEN017,SUC010,Presencial,5,337600,252300
VTA004430,2025-12-06,CLI0070,PROD0035,VEN003,SUC006,Web,9,666900,443400
VTA004431,2026-04-19,CLI0022,PROD0048,VEN007,SUC002,Presencial,7,19100,12900
VTA004432,2025-02-18,CLI0033,PROD0048,VEN019,SUC001,Web,8,20400,13000
VTA004433,2025-03-20,CLI0093,PROD0003,VEN005,SUC007,Presencial,8,86500,59900
VTA004434,2026-05-10,CLI0062,PROD0037,VEN015,SUC003,Telefónico,10,252000,168900
VTA004435,2025-08-04,CLI0054,PROD0038,VEN003,SUC008,Telefónico,9,91500,60200
VTA004436,2025-02-09,CLI0098,PROD0010,VEN003,SUC006,Presencial,10,321800,232200
VTA004437,2025-07-16,CLI0042,PROD0016,VEN002,SUC010,Web,7,145600,110600
VTA004438,2025-03-10,CLI0021,PROD0042,VEN018,SUC006,Presencial,4,379500,279700
VTA004439,2025-12-26,CLI0016,PROD0001,VEN003,SUC010,Web,8,402100,243700
VTA004440,2025-05-29,CLI0070,PROD0020,VEN001,SUC010,Web,10,503500,399900
VTA004441,2025-03-26,CLI0021,PROD0018,VEN006,SUC008,Web,5,212000,153200
VTA004442,2025-08-02,CLI0092,PROD0050,VEN003,SUC006,Telefónico,4,268400,201500
VTA004443,2025-11-01,CLI0046,PROD0029,VEN010,SUC007,Telefónico,8,708900,425200
VTA004444,2026-02-25,CLI0046,PROD0031,VEN013,SUC002,Presencial,9,257700,203200
VTA004445,2025-12-17,CLI0022,PROD0034,VEN016,SUC005,Presencial,2,561700,411100
VTA004446,2026-01-04,CLI0017,PROD0026,VEN002,SUC005,Presencial,11,491300,381000
VTA004447,2026-07-28,CLI0001,PROD0020,VEN002,SUC008,Presencial,8,476500,410500
VTA004448,2025-05-11,CLI0064,PROD0038,VEN017,SUC010,Presencial,3,96700,60200
VTA004449,2025-01-16,CLI0068,PROD0045,VEN009,SUC008,Web,2,114800,92400
VTA004450,2025-06-02,CLI0044,PROD0036,VEN008,SUC003,Presencial,11,532300,327500
VTA004451,2025-03-07,CLI0061,PROD0017,VEN017,SUC003,Web,3,200800,148000
VTA004452,2026-06-24,CLI0016,PROD0011,VEN009,SUC007,Telefónico,5,859000,674700
VTA004453,2025-02-27,CLI0099,PROD0012,VEN004,SUC009,Telefónico,6,432300,276000
VTA004454,2026-03-25,CLI0096,PROD0042,VEN009,SUC009,Presencial,8,369900,274900
VTA004455,2026-03-22,CLI0007,PROD0022,VEN017,SUC004,Web,1,521700,313200
VTA004456,2025-02-18,CLI0042,PROD0011,VEN004,SUC010,Presencial,2,789300,683300
VTA004457,2025-05-19,CLI0046,PROD0016,VEN016,SUC002,Presencial,9,141800,114100
VTA004458,2026-06-20,CLI0004,PROD0026,VEN011,SUC004,Web,1,514900,392000
VTA004459,2026-05-11,CLI0037,PROD0031,VEN019,SUC007,Web,8,266600,203300
VTA004460,2025-07-04,CLI0088,PROD0031,VEN015,SUC005,Presencial,4,277100,202100
VTA004461,2025-12-21,CLI0052,PROD0019,VEN005,SUC009,Presencial,9,637500,461100
VTA004462,2026-04-02,CLI0059,PROD0041,VEN010,SUC010,Presencial,6,214700,136700
VTA004463,2026-03-14,CLI0036,PROD0015,VEN015,SUC005,Web,10,188000,106800
VTA004464,2026-03-06,CLI0096,PROD0020,VEN011,SUC008,Presencial,4,480300,412800
VTA004465,2025-07-26,CLI0033,PROD0017,VEN019,SUC006,Web,2,214400,149500
VTA004466,2025-01-08,CLI0047,PROD0016,VEN005,SUC003,Presencial,2,136900,111300
VTA004467,2026-03-01,CLI0050,PROD0037,VEN001,SUC010,Presencial,2,244900,166400
VTA004468,2025-09-03,CLI0030,PROD0026,VEN019,SUC007,Web,9,541700,377600
VTA004469,2025-04-19,CLI0096,PROD0029,VEN005,SUC003,Presencial,12,706600,422600
VTA004470,2026-02-02,CLI0041,PROD0002,VEN019,SUC007,Web,6,442300,244200
VTA004471,2025-05-05,CLI0060,PROD0021,VEN001,SUC005,Presencial,6,815800,669200
VTA004472,2026-04-25,CLI0005,PROD0050,VEN009,SUC008,Web,4,253300,202100
VTA004473,2025-01-16,CLI0057,PROD0033,VEN018,SUC004,Telefónico,8,257800,176200
VTA004474,2026-05-01,CLI0053,PROD0015,VEN004,SUC003,Telefónico,2,167300,108300
VTA004475,2025-06-05,CLI0068,PROD0044,VEN017,SUC006,Web,11,712900,596100
VTA004476,2025-11-14,CLI0045,PROD0047,VEN014,SUC002,Presencial,7,457600,358700
VTA004477,2026-02-08,CLI0083,PROD0023,VEN014,SUC007,Presencial,10,655200,407800
VTA004478,2026-05-15,CLI0082,PROD0024,VEN018,SUC009,Web,7,759900,587800
VTA004479,2025-02-08,CLI0032,PROD0021,VEN013,SUC005,Telefónico,3,845500,659800
VTA004480,2025-05-10,CLI0070,PROD0036,VEN012,SUC002,Web,7,546500,322000
VTA004481,2025-05-21,CLI0035,PROD0049,VEN012,SUC002,Web,5,343100,246900
VTA004482,2025-09-14,CLI0037,PROD0033,VEN012,SUC008,Web,3,246100,171200
VTA004483,2025-05-10,CLI0030,PROD0007,VEN011,SUC008,Web,1,567100,452200
VTA004484,2025-08-04,CLI0006,PROD0004,VEN005,SUC004,Web,8,375000,289100
VTA004485,2025-03-04,CLI0011,PROD0015,VEN014,SUC006,Telefónico,1,163100,109300
VTA004486,2025-07-14,CLI0019,PROD0003,VEN011,SUC004,Presencial,10,90200,62300
VTA004487,2025-12-17,CLI0060,PROD0004,VEN014,SUC006,Web,1,366500,291500
VTA004488,2025-03-19,CLI0044,PROD0012,VEN014,SUC009,Presencial,9,415200,278400
VTA004489,2026-07-23,CLI0093,PROD0035,VEN002,SUC002,Web,12,693200,443300
VTA004490,2025-11-26,CLI0052,PROD0026,VEN002,SUC004,Web,3,520300,385500
VTA004491,2025-02-09,CLI0009,PROD0032,VEN016,SUC001,Telefónico,3,282700,180100
VTA004492,2025-11-25,CLI0098,PROD0041,VEN016,SUC004,Presencial,4,223800,142700
VTA004493,2026-05-13,CLI0071,PROD0024,VEN019,SUC010,Web,5,675000,571100
VTA004494,2026-02-02,CLI0032,PROD0032,VEN003,SUC009,Web,3,306500,180300
VTA004495,2026-03-04,CLI0064,PROD0001,VEN015,SUC005,Web,8,391700,251100
VTA004496,2025-06-20,CLI0071,PROD0019,VEN017,SUC002,Presencial,1,711600,478700
VTA004497,2026-02-26,CLI0073,PROD0038,VEN018,SUC007,Presencial,8,102300,59500
VTA004498,2026-02-02,CLI0018,PROD0017,VEN011,SUC005,Telefónico,4,221100,150500
VTA004499,2025-11-04,CLI0091,PROD0014,VEN007,SUC003,Presencial,12,62400,42800
VTA004500,2025-12-31,CLI0098,PROD0013,VEN003,SUC001,Telefónico,11,522700,409500
VTA004501,2025-08-03,CLI0025,PROD0019,VEN006,SUC004,Presencial,8,641500,469700
VTA004502,2025-06-23,CLI0088,PROD0030,VEN008,SUC001,Presencial,9,644600,450200
VTA004503,2025-09-10,CLI0031,PROD0003,VEN011,SUC006,Web,7,82400,61200
VTA004504,2025-09-25,CLI0085,PROD0036,VEN017,SUC007,Presencial,8,560700,321500
VTA004505,2025-04-04,CLI0006,PROD0046,VEN001,SUC010,Web,7,538900,360200
VTA004506,2026-04-26,CLI0077,PROD0017,VEN002,SUC004,Web,12,201400,148500
VTA004507,2025-06-29,CLI0074,PROD0025,VEN007,SUC002,Web,4,78900,61200
VTA004508,2026-04-16,CLI0094,PROD0009,VEN007,SUC003,Web,3,883300,470200
VTA004509,2025-09-22,CLI0076,PROD0040,VEN016,SUC009,Web,4,214500,150700
VTA004510,2025-11-08,CLI0026,PROD0026,VEN013,SUC003,Presencial,1,527400,388400
VTA004511,2026-07-28,CLI0013,PROD0030,VEN008,SUC008,Presencial,10,571800,448800
VTA004512,2025-12-26,CLI0022,PROD0011,VEN020,SUC003,Presencial,1,898600,696900
VTA004513,2025-08-30,CLI0097,PROD0043,VEN018,SUC004,Presencial,4,488100,353700
VTA004514,2025-02-12,CLI0086,PROD0012,VEN011,SUC001,Presencial,9,403500,281900
VTA004515,2025-02-24,CLI0100,PROD0034,VEN001,SUC010,Web,3,598500,413200
VTA004516,2025-03-05,CLI0022,PROD0044,VEN002,SUC005,Web,4,805200,590200
VTA004517,2025-06-17,CLI0063,PROD0003,VEN018,SUC002,Presencial,1,88600,61200
VTA004518,2025-06-30,CLI0074,PROD0041,VEN016,SUC003,Presencial,3,220200,142400
VTA004519,2026-05-06,CLI0029,PROD0035,VEN005,SUC004,Presencial,1,720400,441100
VTA004520,2025-04-27,CLI0037,PROD0020,VEN005,SUC003,Web,3,511600,405300
VTA004521,2025-10-15,CLI0023,PROD0043,VEN017,SUC008,Web,1,492500,364200
VTA004522,2025-12-18,CLI0077,PROD0008,VEN013,SUC004,Telefónico,3,625300,393700
VTA004523,2025-04-13,CLI0021,PROD0012,VEN002,SUC007,Telefónico,10,404300,287800
VTA004524,2025-09-04,CLI0039,PROD0026,VEN008,SUC002,Web,11,546700,386200
VTA004525,2026-04-04,CLI0100,PROD0047,VEN002,SUC001,Web,6,433200,356000
VTA004526,2026-07-23,CLI0100,PROD0046,VEN011,SUC003,Web,3,589900,358700
VTA004527,2026-07-14,CLI0057,PROD0006,VEN008,SUC009,Presencial,3,257100,182000
VTA004528,2025-01-02,CLI0071,PROD0041,VEN006,SUC003,Presencial,7,212200,140600
VTA004529,2025-05-12,CLI0060,PROD0013,VEN011,SUC002,Web,3,496900,395500
VTA004530,2026-04-14,CLI0033,PROD0016,VEN014,SUC003,Web,7,136000,111500
VTA004531,2025-01-02,CLI0088,PROD0011,VEN014,SUC003,Web,3,825000,689000
VTA004532,2026-06-03,CLI0090,PROD0008,VEN010,SUC008,Web,3,648800,381000
VTA004533,2026-07-07,CLI0060,PROD0038,VEN011,SUC006,Web,2,103100,60300
VTA004534,2025-02-12,CLI0017,PROD0037,VEN014,SUC009,Web,1,262900,164100
VTA004535,2026-05-30,CLI0086,PROD0001,VEN015,SUC008,Presencial,8,415500,248900
VTA004536,2025-07-07,CLI0004,PROD0016,VEN019,SUC010,Web,9,150600,109400
VTA004537,2025-02-18,CLI0016,PROD0041,VEN019,SUC001,Presencial,4,201900,137200
VTA004538,2026-05-03,CLI0051,PROD0004,VEN019,SUC010,Telefónico,12,378200,300100
VTA004539,2025-11-26,CLI0006,PROD0024,VEN017,SUC010,Web,10,690600,589500
VTA004540,2025-11-29,CLI0041,PROD0050,VEN015,SUC004,Presencial,2,282400,205900
VTA004541,2025-09-05,CLI0085,PROD0020,VEN020,SUC004,Telefónico,5,528400,417000
VTA004542,2026-01-19,CLI0044,PROD0006,VEN006,SUC006,Telefónico,8,289700,181700
VTA004543,2026-03-07,CLI0059,PROD0005,VEN005,SUC001,Web,5,447000,303600
VTA004544,2025-07-01,CLI0075,PROD0046,VEN020,SUC006,Web,6,605200,355800
VTA004545,2025-10-09,CLI0043,PROD0028,VEN012,SUC003,Web,8,418200,275000
VTA004546,2026-02-10,CLI0088,PROD0046,VEN010,SUC004,Presencial,12,571100,359700
VTA004547,2026-07-09,CLI0057,PROD0035,VEN005,SUC008,Web,5,711900,449800
VTA004548,2025-12-15,CLI0052,PROD0024,VEN015,SUC004,Web,2,782100,586500
VTA004549,2025-03-24,CLI0099,PROD0050,VEN017,SUC002,Presencial,4,257100,202700
VTA004550,2026-02-13,CLI0013,PROD0036,VEN010,SUC010,Presencial,5,495700,315600
VTA004551,2025-11-05,CLI0030,PROD0043,VEN011,SUC006,Web,6,442200,353000
VTA004552,2025-10-02,CLI0036,PROD0015,VEN002,SUC008,Presencial,4,185900,109200
VTA004553,2025-10-27,CLI0032,PROD0017,VEN002,SUC003,Web,9,211800,150800
VTA004554,2026-02-27,CLI0092,PROD0020,VEN009,SUC001,Web,10,509600,414000
VTA004555,2025-09-22,CLI0100,PROD0030,VEN008,SUC006,Presencial,7,573700,447000
VTA004556,2026-06-28,CLI0073,PROD0035,VEN012,SUC004,Telefónico,4,678600,449800
VTA004557,2025-05-13,CLI0052,PROD0050,VEN017,SUC003,Presencial,6,283500,210100
VTA004558,2026-06-19,CLI0008,PROD0015,VEN009,SUC006,Presencial,10,184800,107700
VTA004559,2026-01-18,CLI0097,PROD0050,VEN020,SUC002,Presencial,5,281400,207200
VTA004560,2025-01-12,CLI0073,PROD0022,VEN007,SUC002,Web,8,513200,309800
VTA004561,2025-04-22,CLI0043,PROD0028,VEN015,SUC003,Telefónico,2,479100,275700
VTA004562,2025-02-26,CLI0025,PROD0028,VEN010,SUC004,Presencial,5,451300,274600
VTA004563,2025-02-09,CLI0091,PROD0035,VEN018,SUC003,Web,3,729900,459500
VTA004564,2025-05-14,CLI0071,PROD0038,VEN003,SUC006,Presencial,7,94000,60300
VTA004565,2025-10-17,CLI0020,PROD0049,VEN018,SUC007,Presencial,9,319300,247100
VTA004566,2025-09-02,CLI0021,PROD0020,VEN005,SUC003,Presencial,2,549500,413900
VTA004567,2025-11-04,CLI0066,PROD0040,VEN006,SUC004,Presencial,5,224300,150200
VTA004568,2025-04-08,CLI0062,PROD0018,VEN012,SUC008,Presencial,7,203400,152300
VTA004569,2026-04-05,CLI0033,PROD0045,VEN011,SUC003,Presencial,6,122900,94900
VTA004570,2025-06-30,CLI0096,PROD0031,VEN014,SUC002,Web,5,269300,202800
VTA004571,2026-02-07,CLI0094,PROD0050,VEN002,SUC008,Presencial,1,270800,207000
VTA004572,2026-07-22,CLI0064,PROD0002,VEN019,SUC008,Presencial,7,467200,247000
VTA004573,2026-06-23,CLI0028,PROD0008,VEN007,SUC002,Web,1,671300,376300
VTA004574,2025-02-08,CLI0023,PROD0001,VEN016,SUC001,Web,9,392500,246300
VTA004575,2025-12-31,CLI0012,PROD0013,VEN007,SUC004,Presencial,5,534100,405400
VTA004576,2026-04-06,CLI0021,PROD0004,VEN013,SUC010,Web,2,366500,291200
VTA004577,2025-10-27,CLI0094,PROD0035,VEN009,SUC003,Presencial,8,722700,441100
VTA004578,2025-08-21,CLI0083,PROD0017,VEN018,SUC010,Presencial,11,195800,151700
VTA004579,2026-04-05,CLI0041,PROD0015,VEN012,SUC001,Presencial,9,166400,108000
VTA004580,2026-06-22,CLI0020,PROD0015,VEN015,SUC005,Telefónico,4,174900,106900
VTA004581,2026-03-13,CLI0053,PROD0009,VEN008,SUC001,Presencial,10,758300,464600
VTA004582,2026-06-11,CLI0049,PROD0002,VEN020,SUC002,Telefónico,2,410400,240400
VTA004583,2026-01-13,CLI0057,PROD0037,VEN015,SUC003,Web,12,227700,162700
VTA004584,2025-04-16,CLI0072,PROD0038,VEN018,SUC008,Presencial,12,103300,58600
VTA004585,2026-07-08,CLI0016,PROD0022,VEN016,SUC004,Presencial,10,503500,311400
VTA004586,2026-06-16,CLI0031,PROD0011,VEN014,SUC002,Telefónico,3,837300,669600
VTA004587,2025-07-23,CLI0004,PROD0013,VEN003,SUC009,Web,2,528700,398200
VTA004588,2025-03-13,CLI0071,PROD0040,VEN020,SUC008,Telefónico,2,220200,154300
VTA004589,2026-01-15,CLI0062,PROD0013,VEN011,SUC010,Web,11,468600,408100
VTA004590,2026-06-08,CLI0079,PROD0007,VEN008,SUC003,Web,12,573100,450900
VTA004591,2026-03-16,CLI0024,PROD0031,VEN002,SUC010,Web,8,275800,197300
VTA004592,2025-05-08,CLI0065,PROD0012,VEN017,SUC010,Presencial,8,439900,277300
VTA004593,2025-05-08,CLI0059,PROD0009,VEN003,SUC002,Web,1,773200,470100
VTA004594,2025-11-04,CLI0073,PROD0029,VEN014,SUC001,Presencial,7,707100,421300
VTA004595,2025-10-14,CLI0046,PROD0002,VEN001,SUC002,Web,5,455700,241700
VTA004596,2025-11-09,CLI0097,PROD0031,VEN011,SUC009,Presencial,10,254100,203500
VTA004597,2025-02-07,CLI0027,PROD0050,VEN015,SUC004,Web,5,253900,205900
VTA004598,2026-07-15,CLI0086,PROD0011,VEN006,SUC009,Web,9,845100,690700
VTA004599,2025-11-11,CLI0019,PROD0042,VEN016,SUC002,Presencial,8,408900,282200
VTA004600,2026-01-27,CLI0032,PROD0035,VEN003,SUC003,Presencial,3,711900,440800
VTA004601,2025-11-02,CLI0030,PROD0047,VEN017,SUC003,Presencial,6,418700,348200
VTA004602,2025-10-11,CLI0067,PROD0007,VEN003,SUC006,Web,4,552700,466200
VTA004603,2025-08-21,CLI0044,PROD0043,VEN003,SUC002,Presencial,1,425500,359300
VTA004604,2025-10-19,CLI0024,PROD0038,VEN013,SUC004,Presencial,4,98800,60000
VTA004605,2026-01-15,CLI0029,PROD0045,VEN010,SUC002,Presencial,6,120700,95000
VTA004606,2026-02-18,CLI0032,PROD0004,VEN004,SUC004,Web,8,389700,296300
VTA004607,2026-03-26,CLI0100,PROD0005,VEN004,SUC003,Web,12,436800,297600
VTA004608,2025-10-29,CLI0015,PROD0025,VEN012,SUC004,Web,1,77200,61400
VTA004609,2026-04-09,CLI0054,PROD0028,VEN007,SUC003,Web,6,436600,279000
VTA004610,2025-05-29,CLI0045,PROD0010,VEN008,SUC006,Presencial,9,330300,234100
VTA004611,2025-12-16,CLI0030,PROD0011,VEN011,SUC009,Telefónico,10,905100,692000
VTA004612,2025-07-07,CLI0017,PROD0045,VEN009,SUC002,Web,2,115300,91200
VTA004613,2026-07-09,CLI0059,PROD0022,VEN006,SUC009,Web,4,491000,324300
VTA004614,2026-05-09,CLI0010,PROD0036,VEN009,SUC007,Web,9,552200,315100
VTA004615,2025-07-11,CLI0014,PROD0048,VEN001,SUC001,Telefónico,8,20300,13100
VTA004616,2025-10-21,CLI0061,PROD0049,VEN018,SUC001,Telefónico,4,363900,251000
VTA004617,2025-11-22,CLI0095,PROD0026,VEN006,SUC010,Web,6,537000,389500
VTA004618,2025-09-15,CLI0052,PROD0006,VEN006,SUC006,Presencial,8,287900,185800
VTA004619,2025-11-01,CLI0015,PROD0045,VEN003,SUC009,Presencial,12,117600,93300
VTA004620,2025-06-29,CLI0084,PROD0014,VEN018,SUC004,Web,2,60500,42900
VTA004621,2026-05-03,CLI0023,PROD0030,VEN018,SUC009,Telefónico,7,621100,445400
VTA004622,2026-04-17,CLI0060,PROD0019,VEN009,SUC008,Presencial,7,657100,465800
VTA004623,2025-08-11,CLI0005,PROD0006,VEN005,SUC008,Presencial,5,269400,180400
VTA004624,2025-04-15,CLI0044,PROD0025,VEN017,SUC001,Web,6,78400,60900
VTA004625,2025-10-26,CLI0088,PROD0008,VEN012,SUC008,Presencial,5,588900,391500
VTA004626,2025-07-23,CLI0008,PROD0045,VEN014,SUC004,Web,7,123800,94500
VTA004627,2025-02-26,CLI0025,PROD0012,VEN005,SUC009,Presencial,12,406400,279200
VTA004628,2025-08-24,CLI0002,PROD0042,VEN019,SUC006,Web,3,400600,278900
VTA004629,2026-04-11,CLI0035,PROD0016,VEN009,SUC008,Web,7,153600,112900
VTA004630,2025-05-28,CLI0014,PROD0005,VEN011,SUC010,Presencial,10,465100,305000
VTA004631,2025-04-14,CLI0010,PROD0026,VEN003,SUC010,Telefónico,7,557100,385700
VTA004632,2026-07-02,CLI0068,PROD0038,VEN007,SUC005,Presencial,4,96800,58600
VTA004633,2026-01-18,CLI0087,PROD0038,VEN014,SUC004,Telefónico,12,93800,58800
VTA004634,2025-09-26,CLI0055,PROD0029,VEN014,SUC007,Presencial,1,621000,421300
VTA004635,2025-07-01,CLI0058,PROD0026,VEN018,SUC007,Web,9,545400,382200
VTA004636,2025-01-05,CLI0048,PROD0036,VEN016,SUC006,Web,9,506200,313500
VTA004637,2026-04-14,CLI0078,PROD0048,VEN016,SUC007,Telefónico,10,21500,12800
VTA004638,2025-11-20,CLI0003,PROD0021,VEN001,SUC001,Telefónico,7,879300,668700
VTA004639,2026-07-12,CLI0044,PROD0047,VEN006,SUC005,Presencial,6,401800,354900
VTA004640,2025-12-17,CLI0039,PROD0027,VEN001,SUC003,Presencial,1,112000,75500
VTA004641,2025-05-09,CLI0038,PROD0025,VEN017,SUC007,Telefónico,2,77500,60700
VTA004642,2026-02-04,CLI0077,PROD0005,VEN011,SUC004,Web,7,456600,308700
VTA004643,2026-05-30,CLI0007,PROD0048,VEN014,SUC001,Presencial,1,18600,12800
VTA004644,2025-03-22,CLI0056,PROD0050,VEN005,SUC004,Presencial,3,283500,201400
VTA004645,2025-09-12,CLI0046,PROD0041,VEN016,SUC010,Web,4,206200,141500
VTA004646,2026-06-21,CLI0026,PROD0028,VEN007,SUC003,Presencial,5,468800,276000
VTA004647,2026-03-07,CLI0039,PROD0013,VEN010,SUC001,Web,4,502700,407100
VTA004648,2025-01-13,CLI0012,PROD0021,VEN018,SUC001,Presencial,1,812200,677400
VTA004649,2026-06-22,CLI0072,PROD0016,VEN013,SUC003,Web,11,151400,113500
VTA004650,2026-06-16,CLI0003,PROD0036,VEN019,SUC002,Web,3,517100,328100
VTA004651,2025-10-29,CLI0055,PROD0016,VEN003,SUC007,Presencial,2,152100,109200
VTA004652,2026-06-19,CLI0015,PROD0023,VEN014,SUC002,Web,5,620600,395000
VTA004653,2025-06-11,CLI0072,PROD0027,VEN010,SUC004,Presencial,12,115500,77000
VTA004654,2025-09-27,CLI0016,PROD0035,VEN016,SUC010,Web,2,692800,440400
VTA004655,2025-07-11,CLI0015,PROD0050,VEN019,SUC007,Telefónico,4,254200,203000
VTA004656,2025-04-03,CLI0056,PROD0028,VEN019,SUC008,Web,10,469900,273500
VTA004657,2025-11-06,CLI0072,PROD0050,VEN020,SUC010,Web,10,277000,200600
VTA004658,2026-03-21,CLI0060,PROD0003,VEN006,SUC006,Presencial,10,81500,62400
VTA004659,2026-05-14,CLI0019,PROD0008,VEN019,SUC002,Web,10,610100,376300
VTA004660,2025-10-13,CLI0064,PROD0029,VEN002,SUC002,Presencial,7,626200,418500
VTA004661,2026-02-20,CLI0048,PROD0033,VEN018,SUC005,Presencial,1,258700,172000
VTA004662,2026-04-13,CLI0073,PROD0020,VEN004,SUC006,Web,3,552100,400800
VTA004663,2025-02-07,CLI0037,PROD0032,VEN018,SUC008,Web,4,300700,186400
VTA004664,2025-01-04,CLI0037,PROD0011,VEN019,SUC006,Presencial,10,778700,676500
VTA004665,2025-05-13,CLI0067,PROD0015,VEN007,SUC007,Web,11,171800,111600
VTA004666,2026-01-13,CLI0017,PROD0040,VEN003,SUC007,Presencial,5,206700,148100
VTA004667,2026-01-18,CLI0047,PROD0002,VEN015,SUC007,Telefónico,12,400700,245000
VTA004668,2025-01-31,CLI0064,PROD0013,VEN011,SUC004,Web,12,510100,405200
VTA004669,2025-09-15,CLI0034,PROD0011,VEN020,SUC007,Presencial,6,839800,673200
VTA004670,2025-12-18,CLI0040,PROD0033,VEN015,SUC010,Web,12,262100,171900
VTA004671,2025-03-16,CLI0080,PROD0029,VEN014,SUC001,Presencial,11,633400,418500
VTA004672,2025-05-06,CLI0074,PROD0046,VEN007,SUC010,Web,11,525200,349300
VTA004673,2025-12-28,CLI0060,PROD0050,VEN009,SUC007,Telefónico,11,268500,200200
VTA004674,2026-05-19,CLI0004,PROD0008,VEN008,SUC009,Web,10,589100,393900
VTA004675,2026-04-17,CLI0090,PROD0008,VEN001,SUC003,Web,9,599100,392100
VTA004676,2026-03-17,CLI0064,PROD0036,VEN006,SUC009,Presencial,1,559400,324800
VTA004677,2025-05-12,CLI0072,PROD0036,VEN013,SUC001,Telefónico,9,554400,314000
VTA004678,2025-01-13,CLI0021,PROD0049,VEN012,SUC002,Presencial,4,365500,242400
VTA004679,2025-04-02,CLI0090,PROD0030,VEN009,SUC002,Telefónico,10,574200,454600
VTA004680,2026-07-22,CLI0094,PROD0013,VEN006,SUC005,Presencial,6,539500,409300
VTA004681,2026-01-19,CLI0080,PROD0005,VEN012,SUC002,Telefónico,8,479700,301300
VTA004682,2025-01-28,CLI0011,PROD0005,VEN019,SUC002,Web,12,438900,305900
VTA004683,2025-12-16,CLI0076,PROD0033,VEN015,SUC002,Web,12,266900,174300
VTA004684,2026-05-11,CLI0093,PROD0008,VEN014,SUC001,Web,2,648000,379300
VTA004685,2026-07-19,CLI0089,PROD0040,VEN007,SUC004,Presencial,12,226400,150500
VTA004686,2026-02-19,CLI0092,PROD0015,VEN002,SUC006,Presencial,5,168900,107500
VTA004687,2025-06-26,CLI0038,PROD0010,VEN004,SUC004,Presencial,5,323100,229000
VTA004688,2025-06-01,CLI0016,PROD0001,VEN018,SUC004,Web,6,393200,249000
VTA004689,2025-05-07,CLI0070,PROD0035,VEN001,SUC003,Web,9,739200,440800
VTA004690,2026-01-07,CLI0079,PROD0007,VEN018,SUC007,Presencial,5,581600,458700
VTA004691,2026-05-06,CLI0026,PROD0021,VEN009,SUC008,Presencial,3,888900,651900
VTA004692,2026-04-25,CLI0071,PROD0040,VEN019,SUC002,Presencial,9,209800,147700
VTA004693,2025-02-28,CLI0066,PROD0033,VEN001,SUC002,Telefónico,8,268500,170200
VTA004694,2025-05-27,CLI0024,PROD0029,VEN012,SUC004,Presencial,9,667200,424700
VTA004695,2026-03-07,CLI0042,PROD0025,VEN008,SUC001,Web,10,68800,58900
VTA004696,2025-02-28,CLI0058,PROD0027,VEN007,SUC007,Presencial,12,102800,75300
VTA004697,2025-03-13,CLI0008,PROD0010,VEN013,SUC009,Presencial,2,316400,230600
VTA004698,2025-05-27,CLI0029,PROD0048,VEN003,SUC006,Presencial,12,21500,12700
VTA004699,2025-09-04,CLI0003,PROD0047,VEN017,SUC004,Presencial,2,459600,349400
VTA004700,2025-08-12,CLI0062,PROD0009,VEN005,SUC003,Web,8,856500,459900
VTA004701,2026-03-20,CLI0090,PROD0003,VEN018,SUC004,Web,1,87800,61500
VTA004702,2025-12-20,CLI0099,PROD0047,VEN007,SUC007,Presencial,12,408900,360800
VTA004703,2025-06-02,CLI0017,PROD0042,VEN013,SUC008,Presencial,4,371600,279800
VTA004704,2025-09-14,CLI0075,PROD0032,VEN002,SUC004,Presencial,1,317700,184400
VTA004705,2025-06-28,CLI0089,PROD0010,VEN011,SUC008,Web,11,319700,226200
VTA004706,2025-08-03,CLI0098,PROD0004,VEN005,SUC004,Presencial,6,350900,291400
VTA004707,2025-09-20,CLI0058,PROD0032,VEN015,SUC010,Telefónico,6,325600,184800
VTA004708,2025-09-18,CLI0068,PROD0033,VEN002,SUC005,Web,11,237200,175000
VTA004709,2025-01-23,CLI0002,PROD0018,VEN001,SUC009,Presencial,9,208100,147600
VTA004710,2025-03-13,CLI0031,PROD0002,VEN006,SUC004,Presencial,4,458200,241100
VTA004711,2025-08-17,CLI0098,PROD0032,VEN002,SUC005,Web,12,303800,180200
VTA004712,2025-03-26,CLI0063,PROD0030,VEN017,SUC005,Telefónico,4,587400,457700
VTA004713,2026-07-25,CLI0026,PROD0049,VEN009,SUC008,Web,11,317800,248500
VTA004714,2026-07-26,CLI0022,PROD0039,VEN001,SUC010,Web,4,349400,216000
VTA004715,2025-03-31,CLI0055,PROD0013,VEN012,SUC006,Presencial,6,491300,391700
VTA004716,2025-01-04,CLI0088,PROD0017,VEN017,SUC005,Presencial,11,213200,149700
VTA004717,2026-06-09,CLI0038,PROD0013,VEN015,SUC001,Web,9,488800,392000
VTA004718,2025-08-22,CLI0003,PROD0027,VEN001,SUC007,Web,1,107100,78000
VTA004719,2025-11-30,CLI0004,PROD0050,VEN019,SUC010,Presencial,9,249600,202300
VTA004720,2025-12-17,CLI0080,PROD0033,VEN005,SUC001,Telefónico,10,248900,169100
VTA004721,2025-02-22,CLI0070,PROD0039,VEN003,SUC004,Presencial,2,340500,210400
VTA004722,2025-09-21,CLI0071,PROD0028,VEN002,SUC008,Web,11,417500,274500
VTA004723,2025-08-14,CLI0074,PROD0016,VEN020,SUC007,Telefónico,12,142600,110200
VTA004724,2025-07-01,CLI0051,PROD0001,VEN013,SUC008,Web,1,404000,253000
VTA004725,2026-05-15,CLI0100,PROD0032,VEN010,SUC001,Web,5,300700,180200
VTA004726,2025-01-18,CLI0024,PROD0031,VEN015,SUC005,Web,1,288800,204600
VTA004727,2025-03-01,CLI0075,PROD0049,VEN014,SUC003,Presencial,2,314200,252300
VTA004728,2025-08-23,CLI0090,PROD0025,VEN010,SUC004,Presencial,7,74400,61600
VTA004729,2025-02-18,CLI0091,PROD0004,VEN007,SUC003,Web,9,352600,290100
VTA004730,2026-07-01,CLI0063,PROD0048,VEN012,SUC006,Presencial,5,19600,13100
VTA004731,2025-08-21,CLI0026,PROD0005,VEN009,SUC006,Presencial,2,461300,305900
VTA004732,2025-07-11,CLI0068,PROD0020,VEN005,SUC006,Presencial,2,521300,405100
VTA004733,2025-04-25,CLI0076,PROD0022,VEN018,SUC002,Telefónico,8,467800,310900
VTA004734,2026-05-23,CLI0088,PROD0044,VEN002,SUC008,Web,11,750400,592900
VTA004735,2025-07-10,CLI0064,PROD0005,VEN007,SUC003,Web,11,448500,301400
VTA004736,2025-07-04,CLI0062,PROD0039,VEN004,SUC002,Presencial,3,337800,216600
VTA004737,2026-07-13,CLI0098,PROD0012,VEN008,SUC003,Presencial,3,436500,284000
VTA004738,2026-06-03,CLI0076,PROD0007,VEN008,SUC005,Web,8,561400,448700
VTA004739,2025-06-27,CLI0075,PROD0047,VEN014,SUC003,Telefónico,5,438800,348700
VTA004740,2025-01-30,CLI0092,PROD0050,VEN013,SUC006,Presencial,4,281200,204200
VTA004741,2026-04-22,CLI0089,PROD0044,VEN010,SUC009,Web,9,808500,590300
VTA004742,2026-01-16,CLI0040,PROD0034,VEN016,SUC002,Web,9,533800,407000
VTA004743,2026-04-12,CLI0054,PROD0004,VEN002,SUC005,Presencial,2,393100,290700
VTA004744,2026-07-08,CLI0052,PROD0046,VEN002,SUC002,Web,3,547900,358000
VTA004745,2026-06-24,CLI0031,PROD0035,VEN020,SUC007,Web,8,698900,455000
VTA004746,2026-02-16,CLI0052,PROD0037,VEN014,SUC005,Telefónico,9,239000,165900
VTA004747,2026-03-10,CLI0078,PROD0027,VEN006,SUC004,Web,1,102500,78000
VTA004748,2025-11-22,CLI0098,PROD0033,VEN017,SUC009,Presencial,7,264100,175000
VTA004749,2026-05-21,CLI0042,PROD0039,VEN006,SUC002,Presencial,8,326500,213100
VTA004750,2026-07-05,CLI0074,PROD0039,VEN016,SUC008,Presencial,4,351000,210400
VTA004751,2026-06-09,CLI0086,PROD0025,VEN015,SUC010,Telefónico,7,77000,60500
VTA004752,2025-02-14,CLI0022,PROD0039,VEN014,SUC010,Web,10,330100,211100
VTA004753,2025-06-07,CLI0076,PROD0018,VEN017,SUC007,Web,3,189000,149800
VTA004754,2026-01-28,CLI0005,PROD0037,VEN004,SUC007,Presencial,4,253300,168500
VTA004755,2025-01-18,CLI0054,PROD0040,VEN008,SUC004,Web,10,212600,149900
VTA004756,2026-03-08,CLI0097,PROD0002,VEN016,SUC010,Presencial,4,429800,239400
VTA004757,2025-03-10,CLI0070,PROD0029,VEN011,SUC006,Web,9,654100,435000
VTA004758,2025-11-07,CLI0042,PROD0017,VEN004,SUC004,Web,5,196600,146400
VTA004759,2025-01-19,CLI0025,PROD0035,VEN013,SUC009,Presencial,4,777500,444600
VTA004760,2026-01-08,CLI0073,PROD0048,VEN020,SUC009,Web,1,21600,13300
VTA004761,2025-04-27,CLI0070,PROD0008,VEN013,SUC009,Web,10,598200,376600
VTA004762,2026-07-13,CLI0100,PROD0017,VEN020,SUC001,Presencial,2,212100,148700
VTA004763,2026-07-13,CLI0027,PROD0038,VEN013,SUC010,Presencial,9,97100,60000
VTA004764,2026-05-18,CLI0063,PROD0026,VEN003,SUC003,Web,6,513700,378100
VTA004765,2025-11-29,CLI0049,PROD0026,VEN002,SUC009,Presencial,2,512000,380200
VTA004766,2026-03-14,CLI0037,PROD0040,VEN015,SUC005,Web,4,213300,147100
VTA004767,2025-12-25,CLI0040,PROD0025,VEN004,SUC008,Presencial,6,74400,59900
VTA004768,2026-01-10,CLI0078,PROD0036,VEN015,SUC001,Presencial,5,512700,322100
VTA004769,2025-07-28,CLI0100,PROD0036,VEN016,SUC005,Presencial,6,548100,322700
VTA004770,2026-06-26,CLI0032,PROD0038,VEN016,SUC001,Presencial,6,97300,58100
VTA004771,2026-03-10,CLI0016,PROD0014,VEN002,SUC005,Telefónico,5,58200,42600
VTA004772,2025-08-10,CLI0065,PROD0042,VEN011,SUC005,Presencial,3,398600,281600
VTA004773,2026-07-28,CLI0040,PROD0027,VEN005,SUC002,Web,4,112800,76000
VTA004774,2025-06-03,CLI0014,PROD0038,VEN018,SUC008,Telefónico,2,94500,60000
VTA004775,2026-03-29,CLI0020,PROD0012,VEN018,SUC001,Presencial,4,455900,279300
VTA004776,2026-03-20,CLI0091,PROD0040,VEN002,SUC004,Presencial,6,235800,149900
VTA004777,2026-01-24,CLI0066,PROD0010,VEN009,SUC010,Web,2,348000,225600
VTA004778,2025-09-29,CLI0036,PROD0005,VEN002,SUC010,Web,2,420700,296600
VTA004779,2025-10-15,CLI0092,PROD0018,VEN004,SUC005,Presencial,12,200200,152700
VTA004780,2026-05-19,CLI0063,PROD0004,VEN015,SUC004,Web,4,366900,295400
VTA004781,2026-01-17,CLI0033,PROD0042,VEN013,SUC008,Presencial,6,397700,285200
VTA004782,2026-02-20,CLI0078,PROD0006,VEN003,SUC004,Presencial,5,271600,180900
VTA004783,2026-02-21,CLI0023,PROD0020,VEN013,SUC005,Presencial,5,546800,400900
VTA004784,2026-07-20,CLI0077,PROD0002,VEN009,SUC009,Web,4,467200,241200
VTA004785,2025-12-17,CLI0007,PROD0046,VEN016,SUC001,Web,7,548600,357800
VTA004786,2025-10-20,CLI0057,PROD0040,VEN002,SUC005,Telefónico,6,214700,151900
VTA004787,2025-07-11,CLI0050,PROD0035,VEN020,SUC002,Web,8,729800,440500
VTA004788,2025-02-13,CLI0040,PROD0033,VEN003,SUC007,Web,12,245600,172900
VTA004789,2026-04-12,CLI0066,PROD0026,VEN012,SUC008,Web,1,544400,381200
VTA004790,2025-02-01,CLI0065,PROD0035,VEN020,SUC010,Telefónico,3,763000,459900
VTA004791,2025-08-02,CLI0028,PROD0033,VEN019,SUC002,Presencial,10,261600,172800
VTA004792,2025-11-01,CLI0037,PROD0017,VEN005,SUC006,Presencial,3,222800,150800
VTA004793,2026-04-11,CLI0016,PROD0046,VEN006,SUC005,Presencial,6,568900,353900
VTA004794,2025-04-25,CLI0001,PROD0013,VEN017,SUC008,Presencial,1,472000,390500
VTA004795,2025-07-02,CLI0020,PROD0019,VEN014,SUC002,Web,10,647700,476600
VTA004796,2026-01-20,CLI0044,PROD0027,VEN003,SUC001,Telefónico,7,100300,77300
VTA004797,2026-02-22,CLI0075,PROD0046,VEN004,SUC002,Presencial,3,550000,355000
VTA004798,2025-06-24,CLI0081,PROD0027,VEN015,SUC004,Presencial,4,107700,75400
VTA004799,2025-10-24,CLI0034,PROD0047,VEN007,SUC010,Presencial,8,413700,362500
VTA004800,2026-05-24,CLI0091,PROD0006,VEN018,SUC002,Presencial,7,284200,184100
VTA004801,2025-10-29,CLI0041,PROD0025,VEN012,SUC007,Telefónico,9,71200,61700
VTA004802,2025-11-07,CLI0026,PROD0032,VEN013,SUC009,Presencial,6,331300,186100
VTA004803,2026-07-03,CLI0040,PROD0042,VEN007,SUC010,Presencial,1,419600,285400
VTA004804,2026-07-04,CLI0016,PROD0026,VEN009,SUC007,Web,2,550200,393400
VTA004805,2025-01-16,CLI0100,PROD0011,VEN009,SUC009,Web,1,833900,671800
VTA004806,2025-04-24,CLI0040,PROD0047,VEN012,SUC010,Presencial,8,403700,356400
VTA004807,2025-08-28,CLI0086,PROD0010,VEN012,SUC002,Web,10,312400,228400
VTA004808,2026-07-06,CLI0092,PROD0014,VEN017,SUC003,Presencial,4,57100,42700
VTA004809,2026-04-29,CLI0060,PROD0001,VEN015,SUC010,Presencial,11,418300,247300
VTA004810,2026-03-31,CLI0008,PROD0012,VEN001,SUC009,Presencial,2,419200,282000
VTA004811,2026-02-17,CLI0004,PROD0005,VEN018,SUC001,Presencial,9,447100,300500
VTA004812,2026-05-02,CLI0075,PROD0048,VEN002,SUC007,Telefónico,4,21300,12800
VTA004813,2025-06-15,CLI0087,PROD0029,VEN011,SUC002,Telefónico,1,653600,416300
VTA004814,2025-07-20,CLI0010,PROD0034,VEN007,SUC007,Web,1,557300,422900
VTA004815,2025-05-17,CLI0099,PROD0024,VEN016,SUC008,Web,9,779100,594600
VTA004816,2026-03-06,CLI0069,PROD0045,VEN005,SUC009,Web,12,127500,91200
VTA004817,2025-05-18,CLI0017,PROD0022,VEN019,SUC001,Presencial,7,476100,319000
VTA004818,2025-06-19,CLI0066,PROD0043,VEN017,SUC003,Web,5,441700,354900
VTA004819,2025-08-07,CLI0077,PROD0039,VEN001,SUC001,Presencial,5,346400,219400
VTA004820,2025-07-12,CLI0010,PROD0031,VEN002,SUC010,Presencial,3,248600,206100
VTA004821,2026-01-02,CLI0066,PROD0019,VEN007,SUC005,Web,2,702900,479300
VTA004822,2025-11-06,CLI0007,PROD0046,VEN007,SUC009,Presencial,9,582900,360100
VTA004823,2025-11-17,CLI0095,PROD0023,VEN019,SUC006,Presencial,6,652300,410900
VTA004824,2025-09-21,CLI0065,PROD0034,VEN012,SUC007,Telefónico,3,541100,411000
VTA004825,2025-12-19,CLI0039,PROD0028,VEN016,SUC007,Presencial,6,468400,272400
VTA004826,2025-05-17,CLI0011,PROD0047,VEN005,SUC010,Web,11,460100,359200
VTA004827,2025-08-15,CLI0067,PROD0006,VEN014,SUC007,Presencial,10,274400,184500
VTA004828,2025-09-02,CLI0079,PROD0018,VEN008,SUC006,Web,10,189100,152300
VTA004829,2025-03-24,CLI0046,PROD0037,VEN016,SUC003,Presencial,2,251700,168000
VTA004830,2025-04-06,CLI0041,PROD0023,VEN018,SUC007,Web,2,578800,405500
VTA004831,2025-03-16,CLI0064,PROD0044,VEN010,SUC001,Web,11,772800,607700
VTA004832,2025-08-18,CLI0055,PROD0023,VEN015,SUC007,Telefónico,11,635700,408700
VTA004833,2025-07-10,CLI0034,PROD0038,VEN007,SUC004,Presencial,5,88700,57800
VTA004834,2026-04-11,CLI0053,PROD0048,VEN020,SUC004,Web,5,20800,13000
VTA004835,2025-10-05,CLI0055,PROD0040,VEN017,SUC010,Presencial,5,238200,153800
VTA004836,2025-04-26,CLI0002,PROD0003,VEN004,SUC004,Presencial,7,84200,61500
VTA004837,2025-03-04,CLI0021,PROD0008,VEN011,SUC002,Web,12,616300,390500
VTA004838,2025-02-23,CLI0069,PROD0038,VEN003,SUC007,Presencial,8,98200,59500
VTA004839,2025-07-29,CLI0066,PROD0034,VEN002,SUC001,Web,4,600600,419900
VTA004840,2025-12-10,CLI0010,PROD0005,VEN010,SUC004,Presencial,2,420700,298300
VTA004841,2025-01-20,CLI0059,PROD0013,VEN010,SUC005,Web,2,503000,391100
VTA004842,2026-07-02,CLI0084,PROD0012,VEN018,SUC008,Presencial,6,457200,287700
VTA004843,2025-11-08,CLI0048,PROD0040,VEN011,SUC009,Presencial,8,228800,147000
VTA004844,2025-05-19,CLI0099,PROD0003,VEN006,SUC007,Web,1,92700,60800
VTA004845,2025-10-10,CLI0021,PROD0021,VEN007,SUC010,Web,8,843000,670000
VTA004846,2025-03-17,CLI0065,PROD0007,VEN005,SUC006,Web,2,622800,453400
VTA004847,2025-02-11,CLI0029,PROD0020,VEN014,SUC010,Telefónico,3,546700,401100
VTA004848,2025-08-25,CLI0084,PROD0040,VEN006,SUC008,Web,9,235900,151900
VTA004849,2025-06-23,CLI0012,PROD0049,VEN016,SUC003,Web,10,315400,251700
VTA004850,2025-11-21,CLI0029,PROD0022,VEN006,SUC002,Presencial,3,509600,312600
VTA004851,2026-06-12,CLI0019,PROD0029,VEN020,SUC010,Presencial,3,707900,419700
VTA004852,2025-01-09,CLI0050,PROD0014,VEN003,SUC007,Web,5,57400,42500
VTA004853,2025-03-26,CLI0014,PROD0015,VEN011,SUC008,Telefónico,4,169800,110700
VTA004854,2025-01-13,CLI0032,PROD0032,VEN003,SUC003,Web,5,325800,182000
VTA004855,2025-12-10,CLI0024,PROD0041,VEN013,SUC007,Telefónico,2,223800,142000
VTA004856,2026-01-18,CLI0072,PROD0032,VEN005,SUC009,Telefónico,11,306600,184900
VTA004857,2026-05-04,CLI0001,PROD0035,VEN013,SUC007,Presencial,4,738900,439900
VTA004858,2025-02-18,CLI0085,PROD0008,VEN014,SUC007,Presencial,4,622000,382000
VTA004859,2026-05-25,CLI0031,PROD0039,VEN007,SUC001,Presencial,8,328700,213400
VTA004860,2025-08-18,CLI0027,PROD0024,VEN011,SUC007,Web,3,696800,586300
VTA004861,2025-05-12,CLI0055,PROD0030,VEN007,SUC007,Presencial,6,650300,447600
VTA004862,2025-06-11,CLI0030,PROD0022,VEN017,SUC002,Presencial,11,473200,321300
VTA004863,2025-12-17,CLI0065,PROD0008,VEN018,SUC005,Presencial,2,632500,393800
VTA004864,2025-09-15,CLI0044,PROD0022,VEN019,SUC008,Web,11,487000,315800
VTA004865,2025-04-24,CLI0049,PROD0007,VEN012,SUC010,Presencial,12,588600,452500
VTA004866,2025-10-31,CLI0033,PROD0037,VEN005,SUC003,Web,3,231900,166300
VTA004867,2025-06-06,CLI0066,PROD0017,VEN018,SUC009,Presencial,12,219600,147100
VTA004868,2025-01-25,CLI0030,PROD0021,VEN020,SUC002,Presencial,10,780800,659800
VTA004869,2025-03-12,CLI0025,PROD0044,VEN010,SUC006,Presencial,9,727700,590500
VTA004870,2025-07-29,CLI0006,PROD0011,VEN016,SUC010,Telefónico,3,886900,669300
VTA004871,2025-12-21,CLI0088,PROD0019,VEN020,SUC002,Web,9,687400,472700
VTA004872,2026-06-06,CLI0066,PROD0010,VEN012,SUC006,Presencial,10,342000,230200
VTA004873,2026-03-13,CLI0089,PROD0043,VEN015,SUC002,Telefónico,8,451900,354000
VTA004874,2025-01-25,CLI0098,PROD0001,VEN014,SUC010,Presencial,2,426800,254400
VTA004875,2025-10-30,CLI0018,PROD0040,VEN005,SUC003,Web,7,220900,150200
VTA004876,2025-05-14,CLI0026,PROD0034,VEN010,SUC002,Presencial,8,552700,421200
VTA004877,2026-02-23,CLI0075,PROD0007,VEN007,SUC006,Telefónico,12,607600,450600
VTA004878,2026-05-18,CLI0076,PROD0032,VEN001,SUC006,Presencial,3,285000,179700
VTA004879,2025-06-17,CLI0094,PROD0042,VEN007,SUC006,Presencial,8,389400,279500
VTA004880,2025-12-20,CLI0083,PROD0007,VEN020,SUC005,Presencial,10,623200,457200
VTA004881,2025-01-15,CLI0089,PROD0036,VEN006,SUC010,Web,4,480600,325000
VTA004882,2026-05-26,CLI0017,PROD0050,VEN009,SUC004,Presencial,6,273400,205000
VTA004883,2026-05-04,CLI0017,PROD0005,VEN009,SUC002,Presencial,1,425000,306400
VTA004884,2025-05-18,CLI0097,PROD0026,VEN006,SUC002,Web,7,568000,392700
VTA004885,2025-07-18,CLI0061,PROD0031,VEN008,SUC006,Presencial,9,291000,200600
VTA004886,2025-12-31,CLI0073,PROD0044,VEN006,SUC003,Web,6,757400,591200
VTA004887,2025-10-04,CLI0003,PROD0017,VEN013,SUC008,Web,4,201600,145500
VTA004888,2026-05-01,CLI0031,PROD0023,VEN003,SUC004,Presencial,9,636200,400000
VTA004889,2025-09-14,CLI0010,PROD0044,VEN004,SUC008,Presencial,4,812400,599600
VTA004890,2025-01-07,CLI0045,PROD0038,VEN008,SUC003,Presencial,11,90600,57800
VTA004891,2025-03-18,CLI0079,PROD0046,VEN015,SUC009,Web,10,542100,362500
VTA004892,2025-01-14,CLI0051,PROD0010,VEN001,SUC002,Presencial,6,305900,234200
VTA004893,2025-11-19,CLI0046,PROD0023,VEN019,SUC004,Web,11,626300,400600
VTA004894,2025-01-01,CLI0019,PROD0049,VEN001,SUC002,Presencial,6,327400,245400
VTA004895,2025-09-30,CLI0019,PROD0044,VEN015,SUC005,Presencial,12,770600,586800
VTA004896,2026-06-23,CLI0062,PROD0028,VEN004,SUC008,Presencial,2,482900,274300
VTA004897,2026-02-18,CLI0032,PROD0041,VEN015,SUC010,Presencial,6,224100,139400
VTA004898,2025-03-09,CLI0073,PROD0017,VEN016,SUC007,Web,7,214900,151000
VTA004899,2025-08-22,CLI0007,PROD0042,VEN017,SUC003,Web,6,371500,275300
VTA004900,2025-08-26,CLI0016,PROD0011,VEN008,SUC002,Telefónico,10,780000,692400
VTA004901,2025-03-04,CLI0069,PROD0025,VEN008,SUC003,Presencial,8,76800,61400
VTA004902,2025-10-09,CLI0080,PROD0040,VEN013,SUC006,Presencial,8,223700,152800
VTA004903,2025-08-13,CLI0048,PROD0025,VEN001,SUC005,Web,5,73300,60100
VTA004904,2026-03-24,CLI0056,PROD0001,VEN017,SUC008,Web,11,411100,248600
VTA004905,2026-03-06,CLI0010,PROD0010,VEN020,SUC003,Presencial,7,310000,232100
VTA004906,2025-02-27,CLI0066,PROD0029,VEN001,SUC009,Web,4,625100,414600
VTA004907,2025-05-09,CLI0057,PROD0010,VEN018,SUC008,Web,8,330300,233300
VTA004908,2026-01-15,CLI0094,PROD0007,VEN013,SUC007,Telefónico,3,589300,459000
VTA004909,2025-07-09,CLI0007,PROD0017,VEN011,SUC003,Presencial,5,214800,149000
VTA004910,2025-04-08,CLI0005,PROD0020,VEN014,SUC001,Presencial,10,491500,411100
VTA004911,2026-02-13,CLI0088,PROD0003,VEN011,SUC008,Web,9,89000,60200
VTA004912,2026-03-03,CLI0001,PROD0044,VEN013,SUC003,Presencial,3,733800,600500
VTA004913,2025-10-21,CLI0048,PROD0022,VEN005,SUC005,Presencial,8,463200,322000
VTA004914,2026-07-25,CLI0035,PROD0011,VEN020,SUC003,Web,6,837100,678400
VTA004915,2025-01-26,CLI0063,PROD0004,VEN014,SUC007,Telefónico,4,358700,295000
VTA004916,2025-12-21,CLI0082,PROD0017,VEN008,SUC010,Presencial,6,217600,148400
VTA004917,2025-02-11,CLI0066,PROD0001,VEN011,SUC002,Presencial,10,383200,244200
VTA004918,2025-11-20,CLI0008,PROD0044,VEN017,SUC001,Web,4,785700,599300
VTA004919,2025-07-28,CLI0100,PROD0049,VEN002,SUC004,Presencial,2,336000,247100
VTA004920,2025-10-10,CLI0092,PROD0036,VEN013,SUC006,Presencial,8,514300,324300
VTA004921,2026-07-05,CLI0017,PROD0030,VEN016,SUC008,Web,3,646000,447700
VTA004922,2026-02-17,CLI0011,PROD0045,VEN009,SUC003,Presencial,2,117800,92300
VTA004923,2026-01-02,CLI0066,PROD0015,VEN005,SUC007,Presencial,9,183600,106200
VTA004924,2026-04-11,CLI0098,PROD0019,VEN020,SUC004,Web,6,685600,468200
VTA004925,2025-12-30,CLI0089,PROD0027,VEN007,SUC006,Presencial,1,101100,75300
VTA004926,2025-02-14,CLI0059,PROD0039,VEN004,SUC005,Presencial,9,305000,215400
VTA004927,2025-08-27,CLI0045,PROD0040,VEN009,SUC001,Presencial,3,239400,147100
VTA004928,2025-07-31,CLI0045,PROD0047,VEN015,SUC006,Web,4,433200,361000
VTA004929,2025-11-14,CLI0010,PROD0046,VEN012,SUC010,Web,4,564400,350700
VTA004930,2025-08-22,CLI0023,PROD0012,VEN005,SUC007,Telefónico,8,429900,282200
VTA004931,2025-05-03,CLI0050,PROD0013,VEN019,SUC007,Telefónico,7,533100,393500
VTA004932,2026-04-28,CLI0040,PROD0026,VEN014,SUC007,Web,4,538300,389000
VTA004933,2025-07-31,CLI0091,PROD0034,VEN010,SUC005,Presencial,1,517100,412500
VTA004934,2025-12-27,CLI0065,PROD0016,VEN017,SUC010,Web,11,148300,113400
VTA004935,2025-01-17,CLI0027,PROD0026,VEN009,SUC008,Web,6,507700,385700
VTA004936,2025-06-20,CLI0057,PROD0026,VEN005,SUC007,Presencial,1,494900,381000
VTA004937,2025-10-08,CLI0061,PROD0006,VEN008,SUC001,Web,10,282400,180900
VTA004938,2025-07-26,CLI0093,PROD0027,VEN007,SUC001,Presencial,7,106700,74800
VTA004939,2025-10-17,CLI0069,PROD0010,VEN013,SUC009,Presencial,7,337700,226800
VTA004940,2025-10-01,CLI0026,PROD0044,VEN011,SUC010,Presencial,1,717000,582700
VTA004941,2026-03-26,CLI0039,PROD0041,VEN011,SUC010,Presencial,9,203800,140500
VTA004942,2025-09-04,CLI0080,PROD0008,VEN018,SUC005,Web,2,599100,383400
VTA004943,2025-03-21,CLI0014,PROD0019,VEN001,SUC009,Presencial,5,706600,479100
VTA004944,2026-02-16,CLI0025,PROD0008,VEN019,SUC006,Presencial,2,639800,390600
VTA004945,2025-09-01,CLI0068,PROD0011,VEN004,SUC009,Web,7,797600,696100
VTA004946,2025-04-07,CLI0048,PROD0038,VEN004,SUC001,Presencial,8,102900,59800
VTA004947,2026-04-29,CLI0078,PROD0045,VEN003,SUC003,Telefónico,12,129600,91500
VTA004948,2025-07-20,CLI0096,PROD0025,VEN011,SUC009,Web,6,79400,59800
VTA004949,2025-12-27,CLI0064,PROD0042,VEN015,SUC009,Telefónico,7,391100,276800
VTA004950,2025-04-05,CLI0099,PROD0042,VEN010,SUC001,Presencial,10,389400,279200
VTA004951,2026-07-20,CLI0045,PROD0008,VEN002,SUC009,Web,7,584400,386000
VTA004952,2026-06-18,CLI0011,PROD0012,VEN008,SUC005,Web,6,457000,281200
VTA004953,2025-12-22,CLI0005,PROD0005,VEN007,SUC003,Presencial,3,464700,298400
VTA004954,2025-11-14,CLI0042,PROD0017,VEN006,SUC007,Presencial,10,214100,151600
VTA004955,2025-05-11,CLI0014,PROD0008,VEN007,SUC008,Presencial,2,601100,384300
VTA004956,2025-12-17,CLI0026,PROD0018,VEN018,SUC005,Presencial,4,196800,149300
VTA004957,2026-05-28,CLI0096,PROD0026,VEN012,SUC005,Web,11,544700,387000
VTA004958,2025-09-28,CLI0068,PROD0042,VEN016,SUC009,Web,10,358400,282000
VTA004959,2025-02-06,CLI0033,PROD0034,VEN011,SUC003,Web,1,596100,423200
VTA004960,2025-07-03,CLI0056,PROD0017,VEN016,SUC010,Web,8,224200,148600
VTA004961,2025-11-15,CLI0052,PROD0010,VEN013,SUC002,Web,3,306300,226300
VTA004962,2026-04-01,CLI0074,PROD0043,VEN006,SUC009,Presencial,8,485600,358700
VTA004963,2025-01-11,CLI0060,PROD0014,VEN010,SUC003,Presencial,2,58500,42600
VTA004964,2025-04-02,CLI0064,PROD0009,VEN007,SUC005,Presencial,4,795000,458100
VTA004965,2026-05-26,CLI0078,PROD0036,VEN002,SUC002,Presencial,2,558100,317100
VTA004966,2025-04-19,CLI0029,PROD0006,VEN008,SUC003,Presencial,9,265500,184800
VTA004967,2025-03-22,CLI0012,PROD0004,VEN003,SUC004,Presencial,3,367000,290300
VTA004968,2025-09-14,CLI0053,PROD0031,VEN012,SUC005,Presencial,9,287300,203800
VTA004969,2026-06-17,CLI0070,PROD0027,VEN019,SUC003,Web,6,111900,77100
VTA004970,2025-07-04,CLI0052,PROD0035,VEN018,SUC007,Web,9,672800,453700
VTA004971,2025-12-11,CLI0097,PROD0012,VEN012,SUC009,Presencial,9,407700,284300
VTA004972,2025-07-19,CLI0091,PROD0029,VEN010,SUC005,Web,10,651800,427300
VTA004973,2025-08-26,CLI0009,PROD0013,VEN015,SUC002,Presencial,6,526300,399200
VTA004974,2025-09-03,CLI0044,PROD0038,VEN011,SUC008,Presencial,2,90500,60200
VTA004975,2025-06-24,CLI0049,PROD0018,VEN003,SUC005,Web,9,193600,149400
VTA004976,2026-07-13,CLI0020,PROD0045,VEN004,SUC002,Telefónico,3,130100,93500
VTA004977,2025-09-28,CLI0096,PROD0047,VEN016,SUC005,Web,11,413700,352700
VTA004978,2026-07-21,CLI0077,PROD0002,VEN003,SUC003,Web,1,442900,245000
VTA004979,2026-07-08,CLI0076,PROD0019,VEN009,SUC005,Web,9,672500,460400
VTA004980,2026-07-05,CLI0027,PROD0023,VEN004,SUC004,Web,12,598000,413900
VTA004981,2025-04-13,CLI0026,PROD0048,VEN003,SUC001,Web,5,20700,12800
VTA004982,2026-05-07,CLI0086,PROD0004,VEN002,SUC005,Presencial,4,365000,291700
VTA004983,2025-03-03,CLI0095,PROD0009,VEN001,SUC008,Presencial,8,793900,461500
VTA004984,2025-04-21,CLI0095,PROD0045,VEN003,SUC007,Web,2,128300,95000
VTA004985,2025-11-28,CLI0091,PROD0016,VEN010,SUC006,Web,7,142600,113900
VTA004986,2026-02-17,CLI0074,PROD0042,VEN017,SUC001,Presencial,4,371800,273800
VTA004987,2025-02-11,CLI0017,PROD0044,VEN017,SUC002,Web,8,825200,593200
VTA004988,2025-08-06,CLI0049,PROD0028,VEN016,SUC001,Presencial,5,482800,274900
VTA004989,2026-01-16,CLI0004,PROD0025,VEN015,SUC004,Web,1,77000,59000
VTA004990,2026-02-05,CLI0044,PROD0050,VEN004,SUC006,Presencial,8,252200,205100
VTA004991,2025-04-22,CLI0025,PROD0027,VEN017,SUC004,Telefónico,3,99800,75300
VTA004992,2025-06-01,CLI0034,PROD0039,VEN004,SUC008,Web,4,351000,212900
VTA004993,2026-06-30,CLI0090,PROD0018,VEN018,SUC003,Web,12,194300,146200
VTA004994,2026-02-16,CLI0028,PROD0007,VEN020,SUC006,Presencial,9,571400,464400
VTA004995,2025-10-19,CLI0017,PROD0046,VEN002,SUC001,Web,2,548500,351500
VTA004996,2026-04-28,CLI0089,PROD0043,VEN010,SUC004,Web,8,449400,366300
VTA004997,2025-08-09,CLI0062,PROD0032,VEN018,SUC001,Web,4,308000,186100
VTA004998,2026-02-17,CLI0062,PROD0038,VEN020,SUC003,Presencial,2,103200,60100
VTA004999,2025-09-18,CLI0088,PROD0027,VEN018,SUC006,Presencial,3,103600,75300
VTA005000,2025-07-06,CLI0055,PROD0047,VEN016,SUC004,Web,7,401200,363300
VTA005001,2025-08-08,CLI0044,PROD0020,VEN001,SUC006,Telefónico,5,530800,415700
VTA005002,2025-01-25,CLI0011,PROD0034,VEN005,SUC004,Presencial,4,571100,419200
VTA005003,2026-05-06,CLI0097,PROD0043,VEN010,SUC001,Presencial,8,444100,359200
VTA005004,2025-06-14,CLI0083,PROD0034,VEN015,SUC008,Presencial,6,522100,404100
VTA005005,2026-07-21,CLI0039,PROD0008,VEN011,SUC005,Presencial,12,590800,384900
VTA005006,2025-04-09,CLI0084,PROD0003,VEN017,SUC009,Presencial,9,81500,61100
VTA005007,2026-05-04,CLI0092,PROD0012,VEN007,SUC010,Presencial,9,405600,276300
VTA005008,2026-05-18,CLI0060,PROD0008,VEN020,SUC002,Presencial,3,593200,391000
VTA005009,2025-06-28,CLI0092,PROD0007,VEN004,SUC010,Telefónico,2,609600,457700
VTA005010,2026-03-09,CLI0098,PROD0027,VEN001,SUC008,Web,8,106300,77400
VTA005011,2025-03-14,CLI0083,PROD0047,VEN010,SUC002,Presencial,3,401500,360300
VTA005012,2025-12-17,CLI0061,PROD0030,VEN016,SUC001,Web,4,601400,441000
VTA005013,2026-03-25,CLI0097,PROD0042,VEN013,SUC007,Web,1,399800,277600
VTA005014,2026-05-24,CLI0017,PROD0004,VEN015,SUC010,Web,10,351300,291500
VTA005015,2025-08-27,CLI0056,PROD0012,VEN001,SUC010,Telefónico,9,449800,277300
VTA005016,2025-08-07,CLI0089,PROD0015,VEN006,SUC006,Web,12,182500,110000
VTA005017,2025-08-23,CLI0083,PROD0007,VEN018,SUC002,Web,3,626300,455800
VTA005018,2025-08-15,CLI0092,PROD0010,VEN011,SUC003,Telefónico,10,320900,224800
VTA005019,2025-03-03,CLI0029,PROD0009,VEN007,SUC009,Presencial,2,846300,462600
VTA005020,2025-11-04,CLI0009,PROD0031,VEN013,SUC002,Presencial,7,288800,198600
VTA005021,2025-02-26,CLI0061,PROD0049,VEN007,SUC002,Presencial,4,339100,250400
VTA005022,2026-02-21,CLI0033,PROD0027,VEN001,SUC002,Presencial,8,112300,78100
VTA005023,2025-01-16,CLI0040,PROD0038,VEN017,SUC009,Presencial,1,99600,57800
VTA005024,2025-03-03,CLI0007,PROD0043,VEN008,SUC007,Web,11,430700,367700
VTA005025,2025-01-07,CLI0089,PROD0033,VEN014,SUC002,Web,1,254700,169700
VTA005026,2025-07-01,CLI0024,PROD0030,VEN011,SUC009,Presencial,7,622500,451700
VTA005027,2025-10-17,CLI0063,PROD0041,VEN011,SUC007,Web,1,205100,142100
VTA005028,2025-11-12,CLI0022,PROD0040,VEN016,SUC003,Web,8,231300,153800
VTA005029,2026-02-21,CLI0017,PROD0037,VEN012,SUC007,Presencial,2,241200,167800
VTA005030,2026-06-19,CLI0047,PROD0009,VEN018,SUC002,Presencial,9,862600,458000
VTA005031,2025-07-19,CLI0008,PROD0036,VEN019,SUC007,Presencial,3,557600,319200
VTA005032,2026-02-08,CLI0018,PROD0023,VEN010,SUC004,Web,10,652000,413500
VTA005033,2026-07-06,CLI0015,PROD0041,VEN017,SUC001,Presencial,4,214000,136400
VTA005034,2025-04-29,CLI0082,PROD0025,VEN002,SUC008,Presencial,12,68700,61100
VTA005035,2026-04-01,CLI0022,PROD0015,VEN001,SUC004,Web,6,176400,109400
VTA005036,2026-03-03,CLI0014,PROD0050,VEN020,SUC009,Presencial,9,280400,203500
VTA005037,2025-10-25,CLI0022,PROD0040,VEN002,SUC003,Web,12,208800,149300
VTA005038,2025-06-23,CLI0030,PROD0028,VEN011,SUC002,Presencial,4,458400,276600
VTA005039,2025-12-09,CLI0037,PROD0026,VEN019,SUC006,Presencial,12,569600,385200
VTA005040,2026-05-03,CLI0087,PROD0029,VEN019,SUC004,Web,4,696600,415400
VTA005041,2025-11-20,CLI0035,PROD0025,VEN019,SUC004,Web,1,69700,59600
VTA005042,2026-07-14,CLI0056,PROD0003,VEN005,SUC001,Telefónico,10,80200,59800
VTA005043,2026-03-07,CLI0030,PROD0027,VEN010,SUC008,Presencial,3,103500,75800
VTA005044,2026-01-21,CLI0073,PROD0012,VEN004,SUC005,Presencial,11,421600,280300
VTA005045,2026-04-19,CLI0080,PROD0013,VEN008,SUC002,Presencial,12,522600,396400
VTA005046,2025-03-27,CLI0025,PROD0007,VEN019,SUC005,Web,7,620100,456500
VTA005047,2026-04-04,CLI0021,PROD0046,VEN009,SUC004,Telefónico,3,536300,357700
VTA005048,2026-01-14,CLI0065,PROD0046,VEN004,SUC010,Web,6,562400,353800
VTA005049,2025-07-11,CLI0080,PROD0019,VEN002,SUC001,Presencial,2,714700,466100
VTA005050,2025-12-08,CLI0059,PROD0016,VEN011,SUC001,Web,1,137400,109100
VTA005051,2025-10-14,CLI0026,PROD0013,VEN010,SUC002,Web,2,534700,401000
VTA005052,2026-01-16,CLI0055,PROD0009,VEN015,SUC007,Web,1,773900,459800
VTA005053,2026-05-04,CLI0041,PROD0024,VEN001,SUC008,Presencial,9,698900,593700
VTA005054,2026-07-17,CLI0100,PROD0031,VEN006,SUC003,Telefónico,5,259600,200400
VTA005055,2025-09-26,CLI0091,PROD0005,VEN006,SUC002,Presencial,9,425700,298700
VTA005056,2026-05-07,CLI0016,PROD0040,VEN009,SUC006,Web,1,234400,147800
VTA005057,2025-02-12,CLI0015,PROD0023,VEN006,SUC002,Presencial,2,633700,411700
VTA005058,2025-10-28,CLI0070,PROD0018,VEN003,SUC004,Presencial,11,208200,153200
VTA005059,2026-06-29,CLI0036,PROD0049,VEN013,SUC003,Web,3,346900,242500
VTA005060,2026-03-13,CLI0039,PROD0029,VEN019,SUC010,Presencial,1,696200,428200
VTA005061,2026-03-09,CLI0019,PROD0004,VEN005,SUC002,Web,12,370200,288100
VTA005062,2026-05-15,CLI0098,PROD0001,VEN014,SUC005,Presencial,8,413400,254200
VTA005063,2026-04-07,CLI0034,PROD0021,VEN009,SUC002,Web,2,876300,678400
VTA005064,2025-03-05,CLI0025,PROD0025,VEN010,SUC003,Web,5,70700,60500
VTA005065,2026-07-14,CLI0081,PROD0035,VEN005,SUC001,Web,4,762800,447200
VTA005066,2026-06-25,CLI0014,PROD0050,VEN012,SUC010,Presencial,11,280400,207600
VTA005067,2026-07-05,CLI0003,PROD0007,VEN002,SUC009,Web,8,560100,457500
VTA005068,2025-07-26,CLI0089,PROD0040,VEN014,SUC006,Telefónico,6,238800,147700
VTA005069,2026-04-18,CLI0003,PROD0013,VEN007,SUC008,Presencial,8,481800,405500
VTA005070,2026-03-05,CLI0040,PROD0014,VEN018,SUC004,Presencial,4,58800,44100
VTA005071,2026-05-16,CLI0007,PROD0033,VEN001,SUC010,Telefónico,6,247200,174900
VTA005072,2025-03-16,CLI0066,PROD0009,VEN007,SUC009,Web,9,841600,463400
VTA005073,2025-10-23,CLI0042,PROD0047,VEN008,SUC005,Web,11,421800,362300
VTA005074,2025-10-23,CLI0026,PROD0008,VEN010,SUC006,Web,6,605200,388700
VTA005075,2026-02-07,CLI0053,PROD0026,VEN019,SUC001,Web,3,558700,388300
VTA005076,2025-07-13,CLI0003,PROD0038,VEN003,SUC002,Presencial,8,95200,60100
VTA005077,2025-09-11,CLI0085,PROD0045,VEN001,SUC004,Web,7,119800,94700
VTA005078,2026-03-03,CLI0014,PROD0023,VEN016,SUC004,Presencial,4,606400,412000
VTA005079,2025-03-18,CLI0003,PROD0026,VEN013,SUC001,Web,10,543500,381900
VTA005080,2025-11-12,CLI0082,PROD0041,VEN015,SUC009,Web,2,199800,142900
VTA005081,2025-03-22,CLI0028,PROD0013,VEN015,SUC010,Presencial,12,463000,395700
VTA005082,2025-02-12,CLI0032,PROD0043,VEN011,SUC004,Web,7,468400,351100
VTA005083,2025-12-27,CLI0097,PROD0045,VEN015,SUC010,Presencial,4,125300,91900
VTA005084,2026-04-13,CLI0072,PROD0002,VEN005,SUC007,Web,5,419000,236500
VTA005085,2026-06-03,CLI0055,PROD0009,VEN020,SUC003,Presencial,7,788500,468400
VTA005086,2025-09-15,CLI0042,PROD0030,VEN014,SUC009,Web,5,624300,439300
VTA005087,2026-06-03,CLI0064,PROD0041,VEN008,SUC009,Presencial,11,209700,139500
VTA005088,2026-03-01,CLI0055,PROD0001,VEN019,SUC004,Telefónico,2,422000,246800
VTA005089,2026-05-02,CLI0032,PROD0030,VEN016,SUC002,Web,3,593100,453800
VTA005090,2025-04-03,CLI0058,PROD0044,VEN012,SUC010,Web,10,766100,600800
VTA005091,2026-04-06,CLI0044,PROD0017,VEN010,SUC002,Web,11,224400,149000
VTA005092,2025-01-18,CLI0040,PROD0002,VEN018,SUC006,Presencial,11,459500,237100
VTA005093,2025-04-27,CLI0095,PROD0044,VEN004,SUC003,Web,2,772300,585000
VTA005094,2025-02-18,CLI0059,PROD0044,VEN003,SUC004,Telefónico,5,814800,585400
VTA005095,2025-04-19,CLI0096,PROD0046,VEN005,SUC002,Presencial,8,581200,359800
VTA005096,2026-04-11,CLI0047,PROD0011,VEN020,SUC005,Web,8,831300,680100
VTA005097,2025-06-04,CLI0089,PROD0005,VEN005,SUC004,Web,10,476000,310200
VTA005098,2026-04-27,CLI0054,PROD0049,VEN008,SUC009,Presencial,2,358900,246900
VTA005099,2026-07-31,CLI0031,PROD0050,VEN020,SUC002,Presencial,4,248400,204900
VTA005100,2025-12-14,CLI0004,PROD0019,VEN009,SUC010,Presencial,4,669300,471400
VTA005101,2025-07-04,CLI0073,PROD0016,VEN011,SUC004,Telefónico,4,138300,112800
VTA005102,2025-03-25,CLI0052,PROD0030,VEN007,SUC007,Web,10,588100,445200
VTA005103,2025-08-08,CLI0011,PROD0005,VEN016,SUC005,Presencial,7,412200,309600
VTA005104,2025-12-01,CLI0037,PROD0034,VEN006,SUC002,Presencial,1,570000,406300
VTA005105,2025-04-28,CLI0021,PROD0021,VEN006,SUC003,Presencial,6,843400,658300
VTA005106,2025-12-31,CLI0010,PROD0011,VEN015,SUC007,Telefónico,8,853800,681800
VTA005107,2026-02-14,CLI0054,PROD0019,VEN019,SUC006,Web,2,691000,462500
VTA005108,2025-12-03,CLI0009,PROD0050,VEN011,SUC005,Presencial,12,281400,202600
VTA005109,2025-06-08,CLI0076,PROD0006,VEN011,SUC010,Presencial,8,271700,185300
VTA005110,2026-07-14,CLI0025,PROD0039,VEN019,SUC001,Presencial,4,351200,211200
VTA005111,2025-07-09,CLI0031,PROD0025,VEN002,SUC005,Web,7,78700,60500
VTA005112,2025-03-13,CLI0046,PROD0012,VEN002,SUC010,Presencial,12,431800,277500
VTA005113,2026-01-12,CLI0034,PROD0048,VEN009,SUC005,Presencial,8,20400,13000
VTA005114,2025-12-06,CLI0037,PROD0023,VEN008,SUC004,Presencial,10,592800,409600
VTA005115,2025-09-20,CLI0084,PROD0010,VEN015,SUC006,Web,3,325700,232300
VTA005116,2025-11-15,CLI0011,PROD0047,VEN019,SUC007,Presencial,1,441200,359600
VTA005117,2025-12-05,CLI0058,PROD0003,VEN004,SUC004,Presencial,4,92600,59800
VTA005118,2026-02-20,CLI0100,PROD0021,VEN017,SUC007,Web,7,898000,670900
VTA005119,2026-06-05,CLI0071,PROD0025,VEN008,SUC005,Web,5,72600,60300
VTA005120,2026-03-07,CLI0041,PROD0040,VEN001,SUC003,Telefónico,1,236500,153800
VTA005121,2025-10-22,CLI0033,PROD0009,VEN009,SUC008,Presencial,11,882900,473100
VTA005122,2026-06-03,CLI0063,PROD0046,VEN013,SUC009,Presencial,5,541600,365700
VTA005123,2025-08-22,CLI0054,PROD0019,VEN012,SUC006,Web,5,727700,471000
VTA005124,2026-07-24,CLI0062,PROD0035,VEN016,SUC001,Presencial,8,668500,457100
VTA005125,2026-05-02,CLI0015,PROD0030,VEN019,SUC007,Web,4,565400,442100
VTA005126,2025-08-13,CLI0001,PROD0015,VEN018,SUC009,Presencial,2,168500,108200
VTA005127,2025-11-11,CLI0041,PROD0016,VEN001,SUC006,Presencial,11,140400,110200
VTA005128,2025-05-07,CLI0083,PROD0011,VEN009,SUC009,Presencial,6,803800,670000
VTA005129,2025-10-25,CLI0094,PROD0017,VEN012,SUC002,Telefónico,5,195800,149500
VTA005130,2025-10-18,CLI0014,PROD0016,VEN019,SUC001,Web,4,141200,111600
VTA005131,2026-07-13,CLI0088,PROD0040,VEN010,SUC005,Presencial,5,236000,149200
VTA005132,2026-06-11,CLI0053,PROD0021,VEN011,SUC009,Web,5,794700,660200
VTA005133,2025-10-27,CLI0016,PROD0046,VEN006,SUC008,Telefónico,9,569700,363100
VTA005134,2026-06-13,CLI0044,PROD0040,VEN004,SUC009,Telefónico,10,215300,152900
VTA005135,2025-09-16,CLI0045,PROD0008,VEN008,SUC003,Presencial,10,610500,386800
VTA005136,2026-04-17,CLI0079,PROD0049,VEN017,SUC004,Telefónico,2,348200,249000
VTA005137,2026-05-31,CLI0035,PROD0014,VEN001,SUC004,Web,8,59700,42700
VTA005138,2026-05-23,CLI0041,PROD0028,VEN008,SUC009,Web,11,459700,273100
VTA005139,2026-02-13,CLI0060,PROD0044,VEN003,SUC010,Web,4,834900,604100
VTA005140,2025-06-29,CLI0015,PROD0020,VEN014,SUC003,Presencial,8,508200,400000
VTA005141,2026-04-18,CLI0090,PROD0015,VEN016,SUC003,Presencial,7,170200,107400
VTA005142,2025-04-09,CLI0005,PROD0049,VEN016,SUC001,Web,3,350000,245000
VTA005143,2026-04-09,CLI0059,PROD0041,VEN012,SUC004,Presencial,3,219200,139200
VTA005144,2025-10-30,CLI0007,PROD0036,VEN005,SUC009,Web,10,531200,323800
VTA005145,2025-12-15,CLI0091,PROD0011,VEN018,SUC004,Presencial,8,831100,672300
VTA005146,2025-03-11,CLI0066,PROD0031,VEN013,SUC008,Presencial,9,289000,199400
VTA005147,2025-08-22,CLI0066,PROD0029,VEN014,SUC002,Presencial,6,621000,419400
VTA005148,2026-04-11,CLI0096,PROD0045,VEN007,SUC005,Presencial,7,124100,92500
VTA005149,2025-01-21,CLI0017,PROD0028,VEN003,SUC010,Presencial,9,456800,273100
VTA005150,2025-02-18,CLI0023,PROD0002,VEN007,SUC004,Presencial,12,425800,242800
VTA005151,2026-03-11,CLI0077,PROD0046,VEN010,SUC005,Presencial,3,594000,352300
VTA005152,2026-01-06,CLI0026,PROD0027,VEN002,SUC001,Web,3,98800,77100
VTA005153,2025-10-26,CLI0047,PROD0007,VEN012,SUC004,Presencial,8,630600,463700
VTA005154,2026-06-15,CLI0053,PROD0035,VEN003,SUC005,Presencial,12,731000,453900
VTA005155,2025-07-22,CLI0097,PROD0017,VEN011,SUC007,Presencial,3,208200,145800
VTA005156,2026-05-23,CLI0015,PROD0006,VEN006,SUC003,Presencial,8,290400,179100
VTA005157,2025-11-18,CLI0004,PROD0018,VEN010,SUC001,Web,6,207200,150500
VTA005158,2025-03-05,CLI0086,PROD0021,VEN015,SUC006,Presencial,6,825400,658900
VTA005159,2025-04-16,CLI0090,PROD0001,VEN018,SUC004,Presencial,5,389500,252000
VTA005160,2025-05-14,CLI0087,PROD0030,VEN013,SUC009,Web,10,594100,457200
VTA005161,2026-06-06,CLI0014,PROD0044,VEN010,SUC008,Telefónico,1,730900,592100
VTA005162,2025-04-20,CLI0064,PROD0050,VEN015,SUC006,Presencial,1,253800,210100
VTA005163,2026-04-08,CLI0001,PROD0015,VEN014,SUC004,Telefónico,3,179100,107500
VTA005164,2025-09-25,CLI0015,PROD0006,VEN007,SUC001,Presencial,3,290800,180000
VTA005165,2026-06-26,CLI0009,PROD0005,VEN009,SUC006,Web,11,466700,307500
VTA005166,2026-06-05,CLI0076,PROD0014,VEN012,SUC008,Presencial,3,61700,44300
VTA005167,2025-09-27,CLI0018,PROD0018,VEN005,SUC006,Presencial,8,195100,149600
VTA005168,2026-07-09,CLI0035,PROD0029,VEN006,SUC003,Presencial,11,709200,434600
VTA005169,2025-05-15,CLI0016,PROD0016,VEN013,SUC009,Web,11,139200,112500
VTA005170,2025-05-03,CLI0011,PROD0032,VEN001,SUC001,Web,8,286100,181900
VTA005171,2025-01-03,CLI0053,PROD0046,VEN015,SUC004,Web,12,550600,358100
VTA005172,2025-10-15,CLI0091,PROD0010,VEN015,SUC009,Presencial,7,320300,231800
VTA005173,2026-01-07,CLI0070,PROD0013,VEN002,SUC001,Presencial,1,540900,403500
VTA005174,2025-01-26,CLI0070,PROD0013,VEN006,SUC009,Web,8,489100,397700
VTA005175,2025-06-18,CLI0055,PROD0012,VEN002,SUC006,Presencial,1,459100,288800
VTA005176,2025-08-19,CLI0095,PROD0024,VEN012,SUC005,Presencial,9,753400,591100
VTA005177,2026-06-30,CLI0020,PROD0016,VEN005,SUC008,Web,3,144900,113300
VTA005178,2025-11-05,CLI0049,PROD0049,VEN009,SUC004,Presencial,11,356700,243700
VTA005179,2026-01-03,CLI0026,PROD0015,VEN001,SUC010,Presencial,10,168700,110800
VTA005180,2025-07-17,CLI0060,PROD0012,VEN019,SUC003,Presencial,8,410100,282500
VTA005181,2025-05-25,CLI0055,PROD0011,VEN005,SUC002,Web,10,864600,693900
VTA005182,2025-10-03,CLI0023,PROD0027,VEN006,SUC001,Telefónico,7,108000,77400
VTA005183,2026-06-16,CLI0017,PROD0044,VEN019,SUC006,Presencial,7,802800,585800
VTA005184,2025-06-13,CLI0047,PROD0036,VEN017,SUC003,Web,7,517200,316400
VTA005185,2025-06-26,CLI0029,PROD0009,VEN012,SUC004,Presencial,10,836400,469500
VTA005186,2026-02-28,CLI0059,PROD0033,VEN001,SUC006,Presencial,5,252600,173200
VTA005187,2026-03-05,CLI0037,PROD0001,VEN020,SUC010,Presencial,7,387900,253000
VTA005188,2026-03-01,CLI0085,PROD0010,VEN019,SUC006,Web,10,353000,228600
VTA005189,2025-12-30,CLI0073,PROD0012,VEN015,SUC008,Presencial,3,427800,285900
VTA005190,2025-02-18,CLI0067,PROD0011,VEN015,SUC002,Telefónico,11,781600,668000
VTA005191,2025-08-19,CLI0076,PROD0050,VEN016,SUC010,Presencial,11,277800,202000
VTA005192,2025-12-02,CLI0063,PROD0036,VEN013,SUC003,Telefónico,3,495800,323200
VTA005193,2026-02-11,CLI0005,PROD0007,VEN013,SUC009,Presencial,8,611600,447700
VTA005194,2026-01-28,CLI0041,PROD0040,VEN003,SUC005,Telefónico,5,211600,153900
VTA005195,2025-04-16,CLI0020,PROD0011,VEN015,SUC006,Presencial,1,803800,668100
VTA005196,2026-05-13,CLI0008,PROD0014,VEN015,SUC007,Telefónico,6,58100,44000
VTA005197,2025-04-07,CLI0036,PROD0037,VEN015,SUC008,Web,3,263700,163100
VTA005198,2026-03-22,CLI0099,PROD0032,VEN018,SUC010,Presencial,2,286800,181800
VTA005199,2025-09-26,CLI0073,PROD0030,VEN012,SUC004,Web,4,636200,452500
VTA005200,2025-12-07,CLI0049,PROD0036,VEN018,SUC001,Web,8,534400,312800
VTA005201,2025-02-09,CLI0059,PROD0019,VEN013,SUC005,Telefónico,5,683400,477200
VTA005202,2025-12-01,CLI0099,PROD0040,VEN017,SUC007,Web,11,217200,149600
VTA005203,2026-06-04,CLI0042,PROD0018,VEN019,SUC001,Telefónico,8,185600,148900
VTA005204,2025-09-26,CLI0051,PROD0005,VEN012,SUC002,Web,7,476200,309700
VTA005205,2026-04-29,CLI0038,PROD0045,VEN005,SUC001,Presencial,5,124600,93700
VTA005206,2026-07-18,CLI0001,PROD0021,VEN007,SUC008,Web,1,780400,655400
VTA005207,2025-01-05,CLI0054,PROD0022,VEN004,SUC004,Web,7,475400,312500
VTA005208,2025-10-21,CLI0068,PROD0004,VEN019,SUC010,Telefónico,3,362300,295500
VTA005209,2025-02-17,CLI0065,PROD0046,VEN011,SUC008,Presencial,1,607400,350000
VTA005210,2025-05-04,CLI0078,PROD0003,VEN010,SUC005,Web,1,88000,61200
VTA005211,2025-09-28,CLI0090,PROD0028,VEN008,SUC003,Presencial,7,485100,269300
VTA005212,2025-06-10,CLI0074,PROD0030,VEN006,SUC004,Telefónico,4,568600,449600
VTA005213,2026-05-08,CLI0029,PROD0038,VEN017,SUC003,Telefónico,8,97200,58900
VTA005214,2025-09-11,CLI0013,PROD0020,VEN007,SUC001,Web,9,500700,411500
VTA005215,2025-03-26,CLI0076,PROD0044,VEN014,SUC005,Web,9,828700,601500
VTA005216,2026-04-07,CLI0068,PROD0004,VEN009,SUC008,Presencial,4,373500,298000
VTA005217,2025-05-01,CLI0038,PROD0024,VEN014,SUC007,Web,12,697600,586000
VTA005218,2025-01-25,CLI0045,PROD0014,VEN018,SUC002,Presencial,3,59300,44300
VTA005219,2025-08-21,CLI0036,PROD0033,VEN003,SUC005,Presencial,4,234700,174900
VTA005220,2025-01-26,CLI0012,PROD0048,VEN016,SUC003,Presencial,6,19500,13200
VTA005221,2025-08-01,CLI0076,PROD0045,VEN004,SUC004,Presencial,2,130300,93800
VTA005222,2025-06-13,CLI0089,PROD0020,VEN012,SUC001,Web,5,512800,413700
VTA005223,2025-10-07,CLI0060,PROD0011,VEN013,SUC010,Presencial,4,867600,672700
VTA005224,2026-04-28,CLI0087,PROD0017,VEN008,SUC010,Presencial,8,218800,149800
VTA005225,2025-11-29,CLI0025,PROD0030,VEN018,SUC006,Web,7,619100,439600
VTA005226,2026-01-20,CLI0047,PROD0014,VEN020,SUC010,Presencial,8,56000,43200
VTA005227,2026-05-25,CLI0030,PROD0025,VEN007,SUC001,Presencial,3,73800,60500
VTA005228,2026-04-24,CLI0027,PROD0013,VEN002,SUC003,Presencial,3,517600,405600
VTA005229,2025-04-30,CLI0073,PROD0042,VEN020,SUC010,Presencial,8,412900,284600
VTA005230,2025-08-08,CLI0077,PROD0023,VEN012,SUC008,Web,10,637400,405500
VTA005231,2025-06-04,CLI0098,PROD0019,VEN003,SUC003,Web,3,642400,466700
VTA005232,2026-07-14,CLI0099,PROD0012,VEN008,SUC007,Presencial,3,443100,285000
VTA005233,2026-07-24,CLI0054,PROD0004,VEN015,SUC009,Presencial,2,398800,297300
VTA005234,2025-11-13,CLI0001,PROD0026,VEN002,SUC007,Presencial,8,493800,387800
VTA005235,2025-06-18,CLI0080,PROD0012,VEN003,SUC002,Presencial,6,396400,276400
VTA005236,2025-09-09,CLI0046,PROD0036,VEN014,SUC006,Telefónico,4,491800,319500
VTA005237,2026-07-17,CLI0008,PROD0029,VEN020,SUC005,Presencial,3,649300,432400
VTA005238,2026-07-17,CLI0064,PROD0012,VEN011,SUC007,Web,11,449200,283800
VTA005239,2025-05-11,CLI0053,PROD0045,VEN003,SUC007,Telefónico,4,125000,93600
VTA005240,2026-03-22,CLI0072,PROD0023,VEN003,SUC002,Telefónico,12,566500,401100
VTA005241,2026-06-08,CLI0077,PROD0017,VEN010,SUC004,Telefónico,5,227800,150700
VTA005242,2025-01-28,CLI0070,PROD0003,VEN008,SUC010,Presencial,1,84200,62300
VTA005243,2026-07-20,CLI0053,PROD0019,VEN018,SUC002,Presencial,11,708500,478800
VTA005244,2025-10-22,CLI0020,PROD0024,VEN012,SUC001,Presencial,2,739300,597800
VTA005245,2025-11-04,CLI0087,PROD0042,VEN002,SUC010,Presencial,12,377300,284800
VTA005246,2025-09-21,CLI0028,PROD0047,VEN016,SUC007,Web,8,435600,365100
VTA005247,2025-08-08,CLI0090,PROD0012,VEN019,SUC007,Web,7,451400,278300
VTA005248,2026-03-26,CLI0006,PROD0014,VEN020,SUC003,Presencial,1,60000,44400
VTA005249,2026-03-14,CLI0079,PROD0006,VEN007,SUC007,Web,4,268000,186900
VTA005250,2025-10-28,CLI0002,PROD0025,VEN014,SUC003,Presencial,1,79600,59500
VTA005251,2026-02-17,CLI0059,PROD0008,VEN013,SUC002,Presencial,11,668100,377100
VTA005252,2025-11-13,CLI0051,PROD0014,VEN008,SUC008,Web,9,61100,43800
VTA005253,2025-02-20,CLI0080,PROD0020,VEN011,SUC008,Telefónico,12,479400,412300
VTA005254,2025-06-09,CLI0088,PROD0006,VEN019,SUC007,Web,10,273900,184500
VTA005255,2025-07-16,CLI0073,PROD0048,VEN011,SUC010,Web,6,20500,13300
VTA005256,2025-01-27,CLI0067,PROD0040,VEN004,SUC008,Web,12,235400,152600
VTA005257,2025-10-21,CLI0037,PROD0032,VEN005,SUC004,Presencial,5,303400,178200
VTA005258,2026-07-09,CLI0002,PROD0004,VEN018,SUC001,Web,9,395100,295900
VTA005259,2025-06-06,CLI0008,PROD0040,VEN008,SUC004,Presencial,6,215100,149400
VTA005260,2026-01-27,CLI0051,PROD0013,VEN007,SUC009,Presencial,8,492200,396500
VTA005261,2025-12-26,CLI0091,PROD0036,VEN009,SUC004,Presencial,8,518100,324600
VTA005262,2026-02-22,CLI0089,PROD0017,VEN006,SUC004,Web,12,211900,147700
VTA005263,2026-07-27,CLI0075,PROD0036,VEN005,SUC007,Presencial,11,544900,312700
VTA005264,2026-01-16,CLI0060,PROD0042,VEN006,SUC005,Telefónico,7,386700,284000
VTA005265,2025-10-30,CLI0006,PROD0036,VEN004,SUC010,Presencial,4,509900,322200
VTA005266,2026-03-25,CLI0014,PROD0001,VEN011,SUC006,Web,1,437400,244700
VTA005267,2025-11-26,CLI0086,PROD0034,VEN020,SUC008,Web,6,566300,405500
VTA005268,2026-06-21,CLI0039,PROD0019,VEN009,SUC001,Telefónico,12,684900,466000
VTA005269,2026-07-30,CLI0025,PROD0020,VEN019,SUC008,Web,8,523800,398700
VTA005270,2026-02-17,CLI0068,PROD0012,VEN018,SUC007,Presencial,2,455400,282700
VTA005271,2025-01-13,CLI0083,PROD0006,VEN017,SUC007,Presencial,12,292300,183500
VTA005272,2025-05-09,CLI0053,PROD0003,VEN018,SUC005,Presencial,5,79200,60100
VTA005273,2025-07-27,CLI0095,PROD0042,VEN016,SUC003,Web,8,403300,274500
VTA005274,2026-07-26,CLI0067,PROD0050,VEN019,SUC008,Web,6,257800,208700
VTA005275,2025-12-25,CLI0006,PROD0008,VEN016,SUC010,Presencial,12,653500,386800
VTA005276,2026-03-13,CLI0100,PROD0012,VEN015,SUC005,Web,8,411600,285500
VTA005277,2025-10-30,CLI0036,PROD0011,VEN019,SUC005,Web,1,851400,674500
VTA005278,2025-06-22,CLI0019,PROD0047,VEN012,SUC004,Web,1,411500,354800
VTA005279,2025-12-10,CLI0096,PROD0029,VEN017,SUC009,Presencial,3,710100,420000
VTA005280,2025-09-15,CLI0058,PROD0012,VEN019,SUC010,Web,8,396800,284600
VTA005281,2025-04-25,CLI0083,PROD0005,VEN008,SUC001,Web,12,479300,305900
VTA005282,2025-07-22,CLI0064,PROD0008,VEN007,SUC005,Web,9,612800,392600
VTA005283,2025-07-02,CLI0056,PROD0016,VEN010,SUC002,Presencial,10,150100,113900
VTA005284,2026-02-25,CLI0056,PROD0015,VEN005,SUC007,Web,8,165600,108100
VTA005285,2026-02-19,CLI0016,PROD0010,VEN012,SUC007,Presencial,7,318400,229400
VTA005286,2026-05-10,CLI0096,PROD0030,VEN014,SUC008,Presencial,3,632400,436800
VTA005287,2025-02-17,CLI0088,PROD0024,VEN014,SUC007,Presencial,2,696900,580900
VTA005288,2026-01-29,CLI0029,PROD0025,VEN007,SUC003,Presencial,12,76200,61300
VTA005289,2025-04-08,CLI0060,PROD0028,VEN009,SUC005,Web,12,421200,271300
VTA005290,2026-04-27,CLI0060,PROD0031,VEN016,SUC004,Telefónico,6,281200,202500
VTA005291,2026-02-02,CLI0064,PROD0024,VEN007,SUC007,Presencial,8,678500,594200
VTA005292,2026-07-07,CLI0030,PROD0043,VEN017,SUC010,Telefónico,8,433800,358500
VTA005293,2026-04-16,CLI0086,PROD0035,VEN007,SUC006,Presencial,3,726100,447800
VTA005294,2025-09-18,CLI0063,PROD0005,VEN020,SUC005,Web,8,474100,305300
VTA005295,2025-03-22,CLI0050,PROD0024,VEN005,SUC009,Presencial,12,770400,578800
VTA005296,2026-03-04,CLI0064,PROD0021,VEN015,SUC006,Presencial,5,770300,672700
VTA005297,2025-05-10,CLI0087,PROD0003,VEN004,SUC008,Web,3,86700,61000
VTA005298,2026-07-01,CLI0045,PROD0026,VEN005,SUC002,Presencial,11,539100,390000
VTA005299,2026-01-08,CLI0087,PROD0034,VEN015,SUC001,Web,10,576000,417900
VTA005300,2025-09-10,CLI0019,PROD0036,VEN010,SUC010,Web,3,497800,314100
VTA005301,2026-06-28,CLI0016,PROD0036,VEN006,SUC009,Web,6,525500,325100
VTA005302,2025-11-06,CLI0074,PROD0001,VEN017,SUC005,Presencial,1,383600,252100
VTA005303,2025-12-28,CLI0024,PROD0019,VEN014,SUC003,Telefónico,12,665200,464800
VTA005304,2025-03-12,CLI0083,PROD0032,VEN003,SUC007,Telefónico,1,320700,180200
VTA005305,2026-06-28,CLI0053,PROD0027,VEN013,SUC006,Presencial,10,110100,76400
VTA005306,2025-09-26,CLI0004,PROD0012,VEN011,SUC002,Presencial,7,407400,285800
VTA005307,2025-04-22,CLI0030,PROD0035,VEN019,SUC009,Presencial,7,774300,454100
VTA005308,2026-04-13,CLI0032,PROD0049,VEN011,SUC009,Presencial,7,325800,243000
VTA005309,2025-09-08,CLI0066,PROD0010,VEN006,SUC001,Presencial,12,325900,234300
VTA005310,2025-02-28,CLI0020,PROD0032,VEN007,SUC010,Presencial,3,306400,178700
VTA005311,2025-01-03,CLI0016,PROD0013,VEN020,SUC010,Presencial,9,540500,401600
VTA005312,2025-11-20,CLI0085,PROD0043,VEN011,SUC008,Presencial,10,465000,358500
VTA005313,2025-05-18,CLI0037,PROD0017,VEN014,SUC004,Presencial,7,221000,145200
VTA005314,2025-10-04,CLI0086,PROD0025,VEN018,SUC002,Web,4,75600,61600
VTA005315,2026-01-18,CLI0002,PROD0025,VEN010,SUC006,Presencial,5,76500,60000
VTA005316,2026-05-08,CLI0006,PROD0030,VEN015,SUC008,Presencial,10,650300,437400
VTA005317,2026-05-19,CLI0086,PROD0016,VEN017,SUC007,Web,9,142300,113100
VTA005318,2026-05-08,CLI0089,PROD0046,VEN006,SUC008,Web,6,554000,361000
VTA005319,2025-11-23,CLI0077,PROD0013,VEN018,SUC010,Web,10,518700,393800
VTA005320,2026-01-25,CLI0095,PROD0044,VEN015,SUC004,Web,7,753500,604700
VTA005321,2025-04-12,CLI0031,PROD0040,VEN018,SUC005,Presencial,3,217700,147100
VTA005322,2025-06-15,CLI0017,PROD0004,VEN014,SUC004,Presencial,3,399900,301000
VTA005323,2026-06-23,CLI0064,PROD0041,VEN010,SUC009,Presencial,3,194800,138800
VTA005324,2026-02-02,CLI0070,PROD0004,VEN017,SUC006,Web,6,399200,292600
VTA005325,2025-08-20,CLI0026,PROD0039,VEN013,SUC003,Telefónico,2,309400,209400
VTA005326,2026-07-21,CLI0024,PROD0041,VEN014,SUC001,Telefónico,3,197800,142700
VTA005327,2026-04-25,CLI0085,PROD0047,VEN010,SUC002,Telefónico,7,444500,357400
VTA005328,2025-04-26,CLI0009,PROD0036,VEN012,SUC001,Presencial,12,547900,323200
VTA005329,2026-02-19,CLI0011,PROD0001,VEN018,SUC006,Telefónico,9,424100,243700
VTA005330,2025-04-03,CLI0093,PROD0045,VEN002,SUC007,Presencial,4,126200,93300
VTA005331,2026-03-27,CLI0074,PROD0049,VEN009,SUC001,Web,1,325200,251100
VTA005332,2025-04-18,CLI0018,PROD0035,VEN020,SUC008,Web,1,747000,459100
VTA005333,2026-05-12,CLI0082,PROD0012,VEN004,SUC007,Presencial,2,444400,281100
VTA005334,2025-03-20,CLI0022,PROD0013,VEN011,SUC001,Telefónico,2,528200,397400
VTA005335,2026-03-26,CLI0025,PROD0026,VEN008,SUC005,Presencial,1,574900,393300
VTA005336,2026-07-02,CLI0078,PROD0042,VEN004,SUC001,Presencial,4,384000,274200
VTA005337,2025-07-01,CLI0081,PROD0001,VEN020,SUC006,Presencial,1,425500,252400
VTA005338,2025-06-13,CLI0093,PROD0005,VEN012,SUC010,Telefónico,6,420000,306700
VTA005339,2025-09-07,CLI0069,PROD0027,VEN018,SUC005,Presencial,3,105900,76300
VTA005340,2025-09-08,CLI0003,PROD0029,VEN008,SUC009,Web,7,650300,425400
VTA005341,2025-06-17,CLI0051,PROD0037,VEN006,SUC002,Presencial,8,233600,168900
VTA005342,2025-08-23,CLI0085,PROD0029,VEN007,SUC010,Web,11,635700,427000
VTA005343,2026-01-19,CLI0023,PROD0007,VEN009,SUC003,Web,10,582500,450100
VTA005344,2025-11-09,CLI0005,PROD0005,VEN015,SUC006,Presencial,3,422300,298700
VTA005345,2025-09-16,CLI0086,PROD0011,VEN011,SUC002,Presencial,9,783700,686600
VTA005346,2025-08-15,CLI0012,PROD0040,VEN010,SUC005,Web,6,240100,147900
VTA005347,2026-06-28,CLI0032,PROD0003,VEN008,SUC007,Telefónico,3,89900,60800
VTA005348,2025-01-06,CLI0055,PROD0003,VEN016,SUC007,Presencial,3,84800,60500
VTA005349,2025-01-01,CLI0053,PROD0020,VEN004,SUC007,Web,7,507200,418000
VTA005350,2026-05-05,CLI0013,PROD0014,VEN011,SUC003,Presencial,6,60100,44100
VTA005351,2026-03-26,CLI0020,PROD0016,VEN018,SUC008,Presencial,9,140600,113600
VTA005352,2026-03-10,CLI0073,PROD0003,VEN009,SUC008,Web,11,90800,61400
VTA005353,2026-05-06,CLI0025,PROD0001,VEN006,SUC010,Web,3,407800,243000
VTA005354,2026-03-29,CLI0001,PROD0004,VEN019,SUC001,Web,8,403500,296800
VTA005355,2026-03-30,CLI0031,PROD0049,VEN016,SUC004,Presencial,3,337700,250900
VTA005356,2025-07-31,CLI0063,PROD0007,VEN014,SUC009,Presencial,5,553100,454300
VTA005357,2025-11-18,CLI0034,PROD0006,VEN018,SUC005,Telefónico,12,265200,184800
VTA005358,2026-04-13,CLI0064,PROD0042,VEN018,SUC003,Web,9,377300,276900
VTA005359,2025-01-15,CLI0016,PROD0041,VEN006,SUC006,Presencial,11,212100,139800
VTA005360,2025-04-20,CLI0056,PROD0042,VEN015,SUC010,Web,11,415500,275800
VTA005361,2026-02-13,CLI0001,PROD0018,VEN005,SUC010,Web,5,202500,146700
VTA005362,2026-04-21,CLI0026,PROD0044,VEN018,SUC004,Telefónico,2,730900,596700
VTA005363,2025-08-05,CLI0069,PROD0044,VEN013,SUC009,Telefónico,8,794400,585900
VTA005364,2025-06-21,CLI0076,PROD0044,VEN004,SUC005,Web,6,798600,586800
VTA005365,2025-10-08,CLI0032,PROD0028,VEN005,SUC009,Presencial,1,439800,268600
VTA005366,2026-02-01,CLI0031,PROD0007,VEN002,SUC009,Web,8,586500,447600
VTA005367,2025-05-26,CLI0030,PROD0049,VEN009,SUC008,Presencial,3,347900,246100
VTA005368,2025-07-14,CLI0071,PROD0034,VEN016,SUC004,Web,7,588400,408600
VTA005369,2026-02-01,CLI0046,PROD0045,VEN006,SUC006,Telefónico,3,122900,95000
VTA005370,2025-11-01,CLI0069,PROD0034,VEN002,SUC001,Presencial,1,574000,420200
VTA005371,2026-01-28,CLI0035,PROD0034,VEN011,SUC008,Presencial,3,571200,412100
VTA005372,2025-07-19,CLI0036,PROD0026,VEN004,SUC004,Telefónico,5,511300,380700
VTA005373,2025-08-01,CLI0093,PROD0045,VEN015,SUC010,Web,5,121200,91400
VTA005374,2026-07-29,CLI0050,PROD0022,VEN005,SUC006,Web,4,484000,310100
VTA005375,2025-12-31,CLI0100,PROD0006,VEN015,SUC006,Web,8,264000,178200
VTA005376,2026-01-26,CLI0025,PROD0037,VEN012,SUC008,Presencial,3,263100,167900
VTA005377,2025-03-10,CLI0016,PROD0014,VEN012,SUC002,Telefónico,7,58700,42300
VTA005378,2026-01-30,CLI0084,PROD0013,VEN020,SUC004,Web,4,504400,399300
VTA005379,2026-04-25,CLI0011,PROD0036,VEN001,SUC001,Presencial,9,517500,317200
VTA005380,2026-07-25,CLI0073,PROD0026,VEN011,SUC010,Presencial,7,523300,387300
VTA005381,2025-12-06,CLI0010,PROD0016,VEN010,SUC006,Web,3,141600,114000
VTA005382,2025-11-15,CLI0076,PROD0016,VEN001,SUC005,Presencial,1,138600,112300
VTA005383,2026-03-11,CLI0034,PROD0021,VEN001,SUC009,Web,3,811000,653200
VTA005384,2025-11-19,CLI0090,PROD0027,VEN013,SUC001,Presencial,8,111200,75400
VTA005385,2026-04-27,CLI0025,PROD0043,VEN012,SUC001,Web,6,462700,358500
VTA005386,2025-06-13,CLI0088,PROD0018,VEN012,SUC006,Presencial,11,214000,152500
VTA005387,2025-10-13,CLI0003,PROD0041,VEN014,SUC003,Presencial,2,218200,139200
VTA005388,2026-01-01,CLI0030,PROD0026,VEN006,SUC009,Presencial,9,490700,380400
VTA005389,2026-03-16,CLI0097,PROD0029,VEN009,SUC008,Web,12,676900,417200
VTA005390,2025-10-25,CLI0060,PROD0037,VEN014,SUC005,Presencial,3,244400,164100
VTA005391,2026-05-31,CLI0034,PROD0018,VEN004,SUC007,Web,7,187700,149800
VTA005392,2026-04-08,CLI0099,PROD0016,VEN010,SUC006,Presencial,10,136500,114100
VTA005393,2025-12-02,CLI0030,PROD0023,VEN008,SUC007,Web,3,561900,410500
VTA005394,2026-04-14,CLI0020,PROD0013,VEN020,SUC002,Telefónico,3,495600,402500
VTA005395,2026-05-26,CLI0043,PROD0003,VEN001,SUC008,Telefónico,6,91000,60800
VTA005396,2026-05-19,CLI0085,PROD0011,VEN012,SUC006,Telefónico,11,796900,666900
VTA005397,2025-02-11,CLI0013,PROD0006,VEN016,SUC002,Presencial,7,260300,185500
VTA005398,2025-10-23,CLI0032,PROD0036,VEN009,SUC002,Telefónico,7,554300,327300
VTA005399,2026-01-18,CLI0020,PROD0035,VEN008,SUC007,Presencial,6,721900,439700
VTA005400,2025-09-08,CLI0060,PROD0001,VEN005,SUC010,Presencial,12,428200,250800
VTA005401,2025-07-14,CLI0044,PROD0033,VEN017,SUC009,Web,11,244100,172600
VTA005402,2025-02-09,CLI0058,PROD0035,VEN008,SUC010,Presencial,4,671400,459900
VTA005403,2026-06-09,CLI0002,PROD0007,VEN020,SUC003,Web,9,555200,457200
VTA005404,2025-12-28,CLI0079,PROD0007,VEN010,SUC006,Presencial,6,602800,465400
VTA005405,2025-03-04,CLI0096,PROD0001,VEN017,SUC003,Web,11,401700,248600
VTA005406,2026-02-21,CLI0048,PROD0033,VEN016,SUC006,Telefónico,9,234100,168400
VTA005407,2026-02-16,CLI0035,PROD0035,VEN013,SUC009,Web,4,696700,441100
VTA005408,2026-06-17,CLI0028,PROD0004,VEN016,SUC001,Web,3,387400,300400
VTA005409,2025-11-26,CLI0031,PROD0016,VEN004,SUC005,Web,5,148600,108800
VTA005410,2025-09-20,CLI0060,PROD0045,VEN008,SUC008,Web,2,121200,90700
VTA005411,2026-07-17,CLI0073,PROD0024,VEN015,SUC005,Telefónico,8,720900,592500
VTA005412,2026-06-08,CLI0094,PROD0032,VEN009,SUC003,Presencial,1,310400,181300
VTA005413,2026-06-07,CLI0069,PROD0026,VEN015,SUC009,Presencial,2,571900,384500
VTA005414,2026-06-01,CLI0020,PROD0022,VEN006,SUC002,Web,5,525400,318100
VTA005415,2026-06-02,CLI0006,PROD0033,VEN019,SUC006,Presencial,11,254400,168700
VTA005416,2025-11-12,CLI0061,PROD0040,VEN012,SUC006,Web,3,231700,150000
VTA005417,2026-04-29,CLI0098,PROD0004,VEN017,SUC003,Presencial,12,370100,301100
VTA005418,2025-11-14,CLI0063,PROD0018,VEN017,SUC010,Presencial,2,196000,147600
VTA005419,2026-04-15,CLI0061,PROD0008,VEN005,SUC006,Presencial,6,633100,377000
VTA005420,2026-06-16,CLI0098,PROD0009,VEN003,SUC010,Presencial,11,799600,468000
VTA005421,2026-05-01,CLI0086,PROD0035,VEN006,SUC004,Presencial,9,694700,453600
VTA005422,2026-06-11,CLI0055,PROD0003,VEN001,SUC007,Web,5,86600,59400
VTA005423,2026-02-07,CLI0090,PROD0050,VEN008,SUC008,Presencial,11,252100,200600
VTA005424,2025-02-19,CLI0086,PROD0029,VEN014,SUC003,Presencial,2,660200,426700
VTA005425,2026-04-30,CLI0085,PROD0020,VEN018,SUC007,Presencial,4,554400,407300
VTA005426,2025-09-11,CLI0049,PROD0010,VEN016,SUC001,Web,1,312900,224900
VTA005427,2026-04-08,CLI0027,PROD0032,VEN012,SUC010,Web,10,323900,184100
VTA005428,2025-02-08,CLI0069,PROD0020,VEN003,SUC009,Web,9,525100,417200
VTA005429,2026-06-11,CLI0058,PROD0017,VEN015,SUC008,Presencial,12,206100,150500
VTA005430,2026-02-04,CLI0043,PROD0024,VEN010,SUC006,Presencial,1,765300,587700
VTA005431,2025-08-07,CLI0028,PROD0040,VEN006,SUC006,Web,11,222200,149100
VTA005432,2025-08-17,CLI0087,PROD0009,VEN011,SUC006,Presencial,11,763500,475200
VTA005433,2025-08-03,CLI0096,PROD0007,VEN001,SUC009,Web,2,611300,450700
VTA005434,2025-01-04,CLI0028,PROD0016,VEN016,SUC007,Web,8,148300,111800
VTA005435,2026-01-02,CLI0094,PROD0006,VEN020,SUC006,Web,2,263800,178500
VTA005436,2025-07-26,CLI0016,PROD0019,VEN013,SUC010,Presencial,8,640000,475300
VTA005437,2025-07-25,CLI0022,PROD0042,VEN010,SUC007,Presencial,3,385400,286200
VTA005438,2025-03-23,CLI0019,PROD0001,VEN017,SUC003,Web,9,422500,245800
VTA005439,2026-01-14,CLI0081,PROD0030,VEN003,SUC004,Web,10,612800,447900
VTA005440,2025-03-11,CLI0029,PROD0036,VEN001,SUC004,Web,2,520000,321100
VTA005441,2025-06-08,CLI0060,PROD0020,VEN008,SUC005,Web,10,512100,401400
VTA005442,2026-04-22,CLI0025,PROD0041,VEN011,SUC003,Presencial,8,203100,138400
VTA005443,2026-05-25,CLI0081,PROD0047,VEN015,SUC003,Web,2,408900,352400
VTA005444,2025-01-02,CLI0028,PROD0024,VEN008,SUC008,Telefónico,3,737100,578900
VTA005445,2025-07-02,CLI0060,PROD0006,VEN003,SUC007,Presencial,1,284400,182000
VTA005446,2026-07-09,CLI0046,PROD0049,VEN007,SUC004,Telefónico,6,357800,251900
VTA005447,2025-05-17,CLI0006,PROD0002,VEN014,SUC008,Telefónico,11,405700,245200
VTA005448,2025-03-17,CLI0051,PROD0044,VEN002,SUC002,Web,5,779500,597400
VTA005449,2026-02-21,CLI0020,PROD0004,VEN011,SUC008,Web,3,377100,291700
VTA005450,2025-09-24,CLI0051,PROD0007,VEN006,SUC004,Web,7,543900,459500
VTA005451,2026-01-08,CLI0081,PROD0024,VEN018,SUC006,Telefónico,11,746000,580200
VTA005452,2026-01-08,CLI0006,PROD0014,VEN015,SUC010,Presencial,5,60600,42900
VTA005453,2025-08-11,CLI0017,PROD0028,VEN019,SUC005,Presencial,8,441500,272900
VTA005454,2025-01-31,CLI0089,PROD0038,VEN001,SUC003,Presencial,7,98900,59700
VTA005455,2026-03-05,CLI0011,PROD0013,VEN001,SUC008,Presencial,11,471400,398200
VTA005456,2026-07-24,CLI0024,PROD0028,VEN012,SUC010,Web,1,472700,272900
VTA005457,2025-05-21,CLI0070,PROD0037,VEN020,SUC002,Presencial,3,260700,168300
VTA005458,2026-05-12,CLI0014,PROD0049,VEN012,SUC008,Presencial,3,342800,245800
VTA005459,2025-09-22,CLI0012,PROD0012,VEN019,SUC007,Presencial,7,405400,289800
VTA005460,2025-10-03,CLI0045,PROD0029,VEN014,SUC004,Web,2,685500,414700
VTA005461,2026-05-02,CLI0094,PROD0036,VEN020,SUC003,Presencial,7,504300,326000
VTA005462,2026-03-01,CLI0071,PROD0007,VEN004,SUC006,Web,4,538400,467000
VTA005463,2025-02-15,CLI0031,PROD0002,VEN004,SUC010,Telefónico,3,461700,237400
VTA005464,2026-01-18,CLI0010,PROD0007,VEN009,SUC004,Web,8,581300,447700
VTA005465,2026-04-29,CLI0084,PROD0043,VEN002,SUC005,Web,3,479100,352800
VTA005466,2026-06-11,CLI0059,PROD0003,VEN011,SUC010,Presencial,5,89700,60000
VTA005467,2025-03-01,CLI0042,PROD0033,VEN011,SUC002,Telefónico,7,256600,173400
VTA005468,2026-05-23,CLI0041,PROD0030,VEN016,SUC004,Presencial,5,634200,449100
VTA005469,2025-08-17,CLI0077,PROD0006,VEN008,SUC005,Presencial,10,277200,179900
VTA005470,2025-07-16,CLI0030,PROD0025,VEN004,SUC010,Telefónico,11,78500,61300
VTA005471,2025-04-05,CLI0062,PROD0002,VEN015,SUC004,Presencial,4,464200,244100
VTA005472,2026-02-24,CLI0007,PROD0022,VEN017,SUC003,Presencial,4,520300,322300
VTA005473,2025-01-16,CLI0066,PROD0039,VEN001,SUC005,Presencial,4,332600,218800
VTA005474,2025-06-04,CLI0061,PROD0007,VEN013,SUC003,Web,5,560400,452800
VTA005475,2025-03-11,CLI0008,PROD0017,VEN007,SUC006,Telefónico,12,224000,146900
VTA005476,2026-05-19,CLI0095,PROD0001,VEN015,SUC002,Web,12,382600,249300
VTA005477,2025-05-07,CLI0017,PROD0039,VEN002,SUC007,Presencial,4,324000,211900
VTA005478,2025-03-21,CLI0043,PROD0008,VEN007,SUC003,Presencial,11,647700,378600
VTA005479,2026-06-09,CLI0030,PROD0018,VEN007,SUC003,Telefónico,6,208100,153200
VTA005480,2025-07-12,CLI0031,PROD0049,VEN013,SUC002,Web,12,345400,249800
VTA005481,2025-11-19,CLI0039,PROD0029,VEN008,SUC006,Telefónico,3,708400,421000
VTA005482,2026-05-18,CLI0083,PROD0030,VEN006,SUC008,Telefónico,3,628100,453800
VTA005483,2025-07-30,CLI0016,PROD0003,VEN013,SUC001,Web,7,79600,61500
VTA005484,2025-05-08,CLI0091,PROD0039,VEN010,SUC010,Telefónico,3,312100,211900
VTA005485,2026-04-10,CLI0016,PROD0001,VEN004,SUC005,Presencial,10,395500,254800
VTA005486,2025-11-21,CLI0005,PROD0047,VEN014,SUC007,Presencial,5,453300,365100
VTA005487,2025-09-03,CLI0033,PROD0031,VEN010,SUC003,Presencial,5,275300,203500
VTA005488,2026-03-31,CLI0054,PROD0009,VEN010,SUC008,Web,3,818000,459200
VTA005489,2025-11-29,CLI0068,PROD0050,VEN018,SUC004,Web,12,275900,209600
VTA005490,2025-05-09,CLI0017,PROD0023,VEN001,SUC002,Web,9,597800,412800
VTA005491,2025-08-08,CLI0096,PROD0046,VEN010,SUC004,Presencial,7,552100,349300
VTA005492,2026-01-26,CLI0095,PROD0008,VEN013,SUC009,Telefónico,10,583800,376500
VTA005493,2026-01-30,CLI0034,PROD0001,VEN005,SUC010,Web,12,429200,252300
VTA005494,2025-01-13,CLI0079,PROD0029,VEN003,SUC010,Presencial,7,705900,424100
VTA005495,2026-06-25,CLI0012,PROD0037,VEN003,SUC009,Web,2,255600,165900
VTA005496,2025-06-11,CLI0052,PROD0019,VEN006,SUC010,Presencial,9,669900,472300
VTA005497,2026-05-25,CLI0065,PROD0009,VEN017,SUC005,Web,3,797900,462500
VTA005498,2026-02-17,CLI0090,PROD0027,VEN003,SUC002,Web,8,101100,74900
VTA005499,2026-04-11,CLI0041,PROD0002,VEN018,SUC003,Web,12,460700,245500
VTA005500,2026-02-11,CLI0076,PROD0005,VEN001,SUC009,Presencial,2,457800,309900
VTA005501,2025-04-08,CLI0053,PROD0038,VEN003,SUC001,Presencial,3,97800,60200
VTA005502,2026-06-11,CLI0016,PROD0040,VEN001,SUC007,Presencial,4,208800,153400
VTA005503,2025-05-07,CLI0044,PROD0036,VEN003,SUC010,Presencial,6,536800,325900
VTA005504,2025-10-23,CLI0050,PROD0029,VEN007,SUC001,Presencial,9,691100,433600
VTA005505,2026-05-28,CLI0026,PROD0035,VEN003,SUC007,Presencial,8,779500,452900
VTA005506,2025-04-01,CLI0021,PROD0044,VEN014,SUC006,Telefónico,3,834200,596300
VTA005507,2025-12-09,CLI0088,PROD0004,VEN019,SUC009,Presencial,7,399700,290100
VTA005508,2025-01-11,CLI0018,PROD0046,VEN006,SUC005,Presencial,12,597000,361700
VTA005509,2025-04-03,CLI0053,PROD0011,VEN015,SUC001,Presencial,8,882400,687500
VTA005510,2025-10-19,CLI0011,PROD0037,VEN008,SUC005,Web,6,263300,166200
VTA005511,2026-01-04,CLI0005,PROD0021,VEN009,SUC007,Web,1,890800,679100
VTA005512,2025-11-22,CLI0050,PROD0029,VEN003,SUC004,Web,8,686100,415700
VTA005513,2025-04-15,CLI0098,PROD0003,VEN005,SUC008,Presencial,3,91800,60600
VTA005514,2026-03-25,CLI0031,PROD0049,VEN008,SUC010,Presencial,12,362100,243500
VTA005515,2026-06-20,CLI0083,PROD0020,VEN017,SUC001,Telefónico,10,539700,410900
VTA005516,2026-04-10,CLI0016,PROD0027,VEN015,SUC003,Presencial,8,112700,78300
VTA005517,2025-06-17,CLI0081,PROD0044,VEN018,SUC006,Telefónico,8,734100,587700
VTA005518,2026-01-16,CLI0002,PROD0009,VEN020,SUC009,Web,6,853600,459700
VTA005519,2025-08-01,CLI0095,PROD0028,VEN013,SUC003,Presencial,9,465400,277600
VTA005520,2026-06-18,CLI0026,PROD0035,VEN017,SUC003,Presencial,6,748800,447800
VTA005521,2026-06-03,CLI0020,PROD0029,VEN014,SUC002,Web,8,696400,423200
VTA005522,2026-07-02,CLI0024,PROD0026,VEN017,SUC008,Web,2,531000,387800
VTA005523,2026-04-06,CLI0099,PROD0003,VEN005,SUC004,Web,10,79600,61900
VTA005524,2026-05-20,CLI0018,PROD0005,VEN006,SUC008,Telefónico,3,474900,305000
VTA005525,2025-03-23,CLI0074,PROD0011,VEN018,SUC005,Presencial,9,878500,678400
VTA005526,2025-01-01,CLI0042,PROD0025,VEN008,SUC004,Web,4,70200,61200
VTA005527,2025-09-22,CLI0039,PROD0024,VEN001,SUC003,Telefónico,1,690900,588100
VTA005528,2025-03-22,CLI0059,PROD0006,VEN004,SUC009,Presencial,7,273900,182500
VTA005529,2026-06-05,CLI0057,PROD0039,VEN018,SUC008,Web,6,341300,212000
VTA005530,2025-12-30,CLI0002,PROD0029,VEN006,SUC002,Presencial,2,719000,418500
VTA005531,2025-02-05,CLI0063,PROD0048,VEN001,SUC007,Presencial,10,20900,13000
VTA005532,2026-05-27,CLI0081,PROD0013,VEN018,SUC010,Presencial,8,515800,398100
VTA005533,2025-03-09,CLI0094,PROD0043,VEN014,SUC008,Web,6,448000,367200
VTA005534,2025-12-05,CLI0055,PROD0028,VEN009,SUC001,Web,5,420500,280900
VTA005535,2026-05-22,CLI0038,PROD0039,VEN019,SUC002,Presencial,10,324700,215700
VTA005536,2026-05-17,CLI0059,PROD0008,VEN006,SUC001,Web,12,657900,382400
VTA005537,2026-03-04,CLI0086,PROD0021,VEN006,SUC005,Presencial,4,772100,667400
VTA005538,2025-08-11,CLI0057,PROD0002,VEN004,SUC006,Telefónico,8,411800,240400
VTA005539,2025-09-02,CLI0068,PROD0040,VEN001,SUC006,Presencial,10,231600,148100
VTA005540,2026-06-22,CLI0055,PROD0035,VEN006,SUC002,Telefónico,7,668600,448500
VTA005541,2025-04-10,CLI0016,PROD0020,VEN001,SUC006,Presencial,7,537400,408100
VTA005542,2025-05-12,CLI0069,PROD0032,VEN018,SUC001,Presencial,1,291300,179200
VTA005543,2025-06-12,CLI0035,PROD0034,VEN007,SUC005,Presencial,5,540300,416200
VTA005544,2025-08-04,CLI0054,PROD0036,VEN006,SUC005,Web,11,562400,318800
VTA005545,2026-04-03,CLI0099,PROD0032,VEN004,SUC005,Presencial,1,318000,182400
VTA005546,2026-07-25,CLI0069,PROD0028,VEN017,SUC008,Presencial,8,439800,269500
VTA005547,2025-07-03,CLI0059,PROD0029,VEN008,SUC003,Presencial,2,707600,431500
VTA005548,2025-08-16,CLI0032,PROD0048,VEN020,SUC001,Web,1,21000,12800
VTA005549,2026-02-17,CLI0074,PROD0037,VEN001,SUC005,Presencial,3,246500,165700
VTA005550,2025-01-07,CLI0017,PROD0038,VEN019,SUC001,Presencial,6,97600,59400
VTA005551,2025-08-08,CLI0015,PROD0014,VEN012,SUC004,Presencial,7,54900,43700
VTA005552,2025-09-09,CLI0039,PROD0017,VEN017,SUC003,Presencial,9,196100,149600
VTA005553,2025-08-30,CLI0038,PROD0005,VEN001,SUC005,Presencial,8,440800,308800
VTA005554,2026-01-20,CLI0062,PROD0049,VEN001,SUC006,Presencial,2,355000,252000
VTA005555,2025-11-16,CLI0051,PROD0023,VEN004,SUC006,Web,5,561600,399600
VTA005556,2025-08-19,CLI0074,PROD0045,VEN004,SUC001,Presencial,6,120000,90800
VTA005557,2026-02-18,CLI0086,PROD0005,VEN010,SUC010,Web,1,480200,307400
VTA005558,2026-03-11,CLI0045,PROD0038,VEN018,SUC008,Presencial,12,98200,59000
VTA005559,2026-02-01,CLI0070,PROD0030,VEN009,SUC007,Presencial,8,629100,458600
VTA005560,2025-02-06,CLI0045,PROD0044,VEN019,SUC003,Web,7,833200,598600
VTA005561,2026-05-23,CLI0071,PROD0011,VEN019,SUC008,Telefónico,2,804000,681600
VTA005562,2025-06-29,CLI0013,PROD0034,VEN003,SUC009,Presencial,3,518400,411000
VTA005563,2025-12-03,CLI0046,PROD0025,VEN020,SUC005,Web,4,74800,59800
VTA005564,2025-05-09,CLI0020,PROD0019,VEN011,SUC004,Presencial,3,676700,475000
VTA005565,2025-07-01,CLI0044,PROD0002,VEN006,SUC006,Web,3,430700,237000
VTA005566,2026-04-02,CLI0096,PROD0040,VEN013,SUC002,Telefónico,10,213700,154000
VTA005567,2025-07-14,CLI0064,PROD0019,VEN004,SUC009,Presencial,7,714800,480100
VTA005568,2025-03-13,CLI0041,PROD0028,VEN004,SUC002,Web,10,474900,268300
VTA005569,2025-02-07,CLI0068,PROD0043,VEN004,SUC002,Web,1,471200,355000
VTA005570,2025-09-01,CLI0074,PROD0018,VEN015,SUC005,Presencial,6,206100,148500
VTA005571,2026-03-28,CLI0017,PROD0049,VEN005,SUC008,Web,8,338500,250700
VTA005572,2025-11-07,CLI0044,PROD0005,VEN014,SUC008,Telefónico,11,435700,304400
VTA005573,2025-06-07,CLI0026,PROD0050,VEN009,SUC002,Telefónico,7,264000,203800
VTA005574,2025-08-20,CLI0090,PROD0039,VEN013,SUC009,Telefónico,12,321400,213700
VTA005575,2025-12-27,CLI0035,PROD0033,VEN009,SUC006,Telefónico,3,253600,173000
VTA005576,2025-01-23,CLI0097,PROD0043,VEN017,SUC006,Web,9,485700,357800
VTA005577,2026-04-23,CLI0025,PROD0015,VEN018,SUC009,Web,6,178700,109200
VTA005578,2026-05-29,CLI0086,PROD0015,VEN006,SUC001,Web,3,166200,111400
VTA005579,2025-09-09,CLI0053,PROD0001,VEN011,SUC008,Presencial,9,380800,254300
VTA005580,2025-09-25,CLI0012,PROD0041,VEN009,SUC008,Presencial,11,192300,139200
VTA005581,2025-07-25,CLI0038,PROD0035,VEN001,SUC008,Web,8,761000,453600
VTA005582,2026-04-13,CLI0006,PROD0044,VEN001,SUC010,Telefónico,10,794400,581900
VTA005583,2025-07-21,CLI0014,PROD0011,VEN008,SUC004,Presencial,3,807800,682100
VTA005584,2025-11-09,CLI0039,PROD0022,VEN015,SUC007,Presencial,5,498200,320700
VTA005585,2025-06-13,CLI0080,PROD0040,VEN007,SUC009,Web,3,240800,147500
VTA005586,2025-10-24,CLI0087,PROD0004,VEN007,SUC005,Web,1,353300,294800
VTA005587,2026-02-07,CLI0074,PROD0040,VEN020,SUC004,Web,10,213100,152300
VTA005588,2025-10-07,CLI0012,PROD0016,VEN015,SUC001,Presencial,3,138400,109300
VTA005589,2026-03-13,CLI0021,PROD0001,VEN009,SUC005,Telefónico,12,380800,243400
VTA005590,2026-04-15,CLI0047,PROD0046,VEN010,SUC004,Telefónico,12,579700,354500
VTA005591,2025-03-09,CLI0092,PROD0040,VEN020,SUC001,Telefónico,4,217300,152000
VTA005592,2025-02-26,CLI0043,PROD0013,VEN006,SUC001,Web,10,509100,399600
VTA005593,2026-01-16,CLI0059,PROD0042,VEN018,SUC010,Presencial,8,395900,278800
VTA005594,2025-05-26,CLI0068,PROD0028,VEN018,SUC002,Presencial,11,420200,277300
VTA005595,2026-02-11,CLI0062,PROD0041,VEN011,SUC003,Web,5,202300,139600
VTA005596,2025-12-22,CLI0054,PROD0019,VEN013,SUC008,Telefónico,7,660500,478600
VTA005597,2026-04-21,CLI0060,PROD0049,VEN003,SUC006,Web,11,356200,244400
VTA005598,2026-06-03,CLI0059,PROD0005,VEN008,SUC006,Presencial,6,468100,310700
VTA005599,2025-05-22,CLI0061,PROD0041,VEN019,SUC006,Presencial,9,201500,140300
VTA005600,2025-11-25,CLI0067,PROD0038,VEN004,SUC006,Web,4,103300,59900
VTA005601,2025-10-08,CLI0071,PROD0041,VEN016,SUC009,Presencial,4,193900,141300
VTA005602,2026-03-16,CLI0063,PROD0024,VEN004,SUC003,Presencial,8,689500,585000
VTA005603,2026-01-09,CLI0029,PROD0018,VEN016,SUC003,Telefónico,2,204700,148600
VTA005604,2026-01-11,CLI0003,PROD0019,VEN020,SUC008,Web,9,674900,465300
VTA005605,2025-08-04,CLI0056,PROD0048,VEN017,SUC009,Web,9,19600,12900
VTA005606,2025-08-13,CLI0010,PROD0028,VEN001,SUC010,Web,5,480100,278600
VTA005607,2026-06-29,CLI0069,PROD0040,VEN004,SUC001,Web,4,213200,147900
VTA005608,2025-08-08,CLI0057,PROD0043,VEN015,SUC007,Presencial,5,478600,355600
VTA005609,2025-05-06,CLI0079,PROD0046,VEN009,SUC005,Web,10,546100,362200
VTA005610,2026-02-09,CLI0003,PROD0010,VEN015,SUC010,Web,9,310400,233500
VTA005611,2026-07-27,CLI0033,PROD0047,VEN005,SUC005,Web,1,461500,356900
VTA005612,2026-03-14,CLI0044,PROD0039,VEN002,SUC009,Web,2,315400,209200
VTA005613,2025-04-06,CLI0085,PROD0012,VEN020,SUC006,Web,7,396600,284900
VTA005614,2025-02-24,CLI0067,PROD0002,VEN016,SUC002,Web,9,425400,243100
VTA005615,2025-06-15,CLI0012,PROD0046,VEN009,SUC010,Web,5,519500,360700
VTA005616,2025-09-09,CLI0042,PROD0006,VEN014,SUC004,Web,12,262500,186800
VTA005617,2026-03-30,CLI0017,PROD0025,VEN011,SUC005,Presencial,12,72100,59000
VTA005618,2025-04-30,CLI0026,PROD0042,VEN011,SUC002,Presencial,7,392800,277700
VTA005619,2025-04-17,CLI0014,PROD0016,VEN020,SUC002,Web,4,143900,114000
VTA005620,2026-01-21,CLI0083,PROD0032,VEN011,SUC010,Web,9,299100,181800
VTA005621,2026-02-07,CLI0063,PROD0030,VEN006,SUC008,Presencial,1,631000,442900
VTA005622,2025-06-14,CLI0015,PROD0047,VEN016,SUC007,Telefónico,9,454300,360200
VTA005623,2025-09-28,CLI0080,PROD0036,VEN009,SUC008,Web,1,502400,315500
VTA005624,2026-05-25,CLI0007,PROD0013,VEN015,SUC002,Presencial,1,505800,403700
VTA005625,2025-01-14,CLI0099,PROD0047,VEN012,SUC001,Presencial,11,451900,359700
VTA005626,2025-05-13,CLI0023,PROD0021,VEN007,SUC003,Presencial,3,813700,654300
VTA005627,2025-02-05,CLI0001,PROD0010,VEN002,SUC006,Presencial,2,304100,230700
VTA005628,2026-07-06,CLI0019,PROD0047,VEN005,SUC002,Presencial,3,430900,360400
VTA005629,2025-04-08,CLI0056,PROD0006,VEN001,SUC007,Web,6,263300,182700
VTA005630,2025-08-12,CLI0035,PROD0012,VEN012,SUC008,Presencial,12,414100,280800
VTA005631,2025-10-12,CLI0001,PROD0005,VEN012,SUC009,Presencial,2,479200,301300
VTA005632,2026-03-16,CLI0004,PROD0036,VEN020,SUC001,Presencial,9,489700,320200
VTA005633,2025-06-07,CLI0068,PROD0048,VEN002,SUC006,Presencial,7,18600,12800
VTA005634,2026-04-06,CLI0055,PROD0006,VEN003,SUC006,Web,9,260600,180300
VTA005635,2025-09-25,CLI0092,PROD0017,VEN006,SUC002,Presencial,5,203000,146300
VTA005636,2026-01-05,CLI0081,PROD0003,VEN002,SUC006,Presencial,8,90800,61100
VTA005637,2025-11-11,CLI0091,PROD0023,VEN020,SUC004,Presencial,12,599800,395100
VTA005638,2025-06-10,CLI0069,PROD0037,VEN012,SUC002,Web,3,245900,163400
VTA005639,2026-02-21,CLI0088,PROD0006,VEN007,SUC007,Presencial,1,281500,185700
VTA005640,2025-09-14,CLI0069,PROD0047,VEN003,SUC006,Presencial,9,400300,363300
VTA005641,2025-01-17,CLI0042,PROD0026,VEN009,SUC003,Presencial,10,537800,393500
VTA005642,2026-04-08,CLI0054,PROD0049,VEN015,SUC008,Web,1,330000,251900
VTA005643,2026-07-14,CLI0031,PROD0043,VEN012,SUC007,Web,4,494600,363100
VTA005644,2025-05-10,CLI0048,PROD0038,VEN012,SUC001,Web,4,103600,60100
VTA005645,2025-08-04,CLI0046,PROD0008,VEN015,SUC004,Presencial,1,589900,383200
VTA005646,2026-02-15,CLI0038,PROD0021,VEN012,SUC009,Presencial,3,798000,679400
VTA005647,2025-05-21,CLI0037,PROD0037,VEN007,SUC004,Presencial,5,255400,166100
VTA005648,2025-06-13,CLI0082,PROD0001,VEN019,SUC001,Presencial,11,433100,253400
VTA005649,2026-03-07,CLI0076,PROD0005,VEN007,SUC004,Web,11,411700,304400
VTA005650,2026-04-19,CLI0007,PROD0001,VEN008,SUC004,Presencial,3,437100,252200
VTA005651,2025-08-06,CLI0001,PROD0003,VEN013,SUC004,Telefónico,11,86800,62200
VTA005652,2026-03-18,CLI0024,PROD0014,VEN011,SUC001,Web,1,60300,44100
VTA005653,2025-04-22,CLI0083,PROD0029,VEN011,SUC010,Presencial,4,672200,416600
VTA005654,2025-01-06,CLI0100,PROD0031,VEN015,SUC006,Telefónico,2,285200,203100
VTA005655,2026-07-12,CLI0073,PROD0047,VEN006,SUC009,Presencial,5,465100,362900
VTA005656,2025-06-07,CLI0043,PROD0011,VEN017,SUC004,Telefónico,4,855600,682300
VTA005657,2025-12-14,CLI0014,PROD0037,VEN020,SUC006,Web,8,256500,166700
VTA005658,2025-05-12,CLI0085,PROD0008,VEN019,SUC007,Web,5,635200,376600
VTA005659,2025-11-02,CLI0033,PROD0017,VEN010,SUC008,Presencial,9,196000,148700
VTA005660,2025-07-12,CLI0091,PROD0016,VEN014,SUC003,Presencial,12,134700,112900
VTA005661,2025-03-27,CLI0035,PROD0003,VEN019,SUC008,Telefónico,11,85600,62100
VTA005662,2026-03-11,CLI0069,PROD0002,VEN009,SUC001,Web,9,467000,243100
VTA005663,2025-03-20,CLI0040,PROD0044,VEN007,SUC001,Web,2,810700,586800
VTA005664,2025-06-01,CLI0042,PROD0002,VEN008,SUC001,Web,10,452300,235600
VTA005665,2025-01-24,CLI0030,PROD0020,VEN008,SUC007,Presencial,7,548100,414100
VTA005666,2025-03-24,CLI0043,PROD0009,VEN015,SUC004,Web,6,885000,473000
VTA005667,2025-02-27,CLI0016,PROD0040,VEN014,SUC008,Presencial,9,214900,149700
VTA005668,2026-01-20,CLI0043,PROD0027,VEN008,SUC006,Presencial,8,98700,75600
VTA005669,2025-06-10,CLI0074,PROD0043,VEN009,SUC008,Presencial,6,472100,352400
VTA005670,2025-05-29,CLI0093,PROD0027,VEN018,SUC004,Web,5,109500,76300
VTA005671,2025-02-06,CLI0098,PROD0027,VEN008,SUC004,Telefónico,12,113100,76500
VTA005672,2026-05-03,CLI0075,PROD0003,VEN007,SUC003,Presencial,1,89200,61200
VTA005673,2026-02-01,CLI0079,PROD0006,VEN014,SUC010,Web,1,272400,179700
VTA005674,2025-05-15,CLI0020,PROD0042,VEN017,SUC005,Presencial,3,418200,274300
VTA005675,2026-06-20,CLI0019,PROD0026,VEN007,SUC003,Presencial,1,526200,375900
VTA005676,2025-04-12,CLI0054,PROD0018,VEN002,SUC003,Web,12,209900,150000
VTA005677,2025-04-26,CLI0066,PROD0007,VEN011,SUC008,Web,9,545400,462700
VTA005678,2026-01-08,CLI0036,PROD0047,VEN016,SUC004,Presencial,11,461000,348300
VTA005679,2025-07-03,CLI0052,PROD0022,VEN011,SUC008,Presencial,10,469600,318800
VTA005680,2025-03-04,CLI0068,PROD0021,VEN016,SUC001,Web,9,887000,664200
VTA005681,2025-10-22,CLI0022,PROD0026,VEN010,SUC007,Presencial,5,503400,393400
VTA005682,2025-04-03,CLI0019,PROD0029,VEN006,SUC004,Web,4,642000,430800
VTA005683,2026-04-30,CLI0016,PROD0026,VEN015,SUC004,Telefónico,5,564100,376200
VTA005684,2025-09-04,CLI0089,PROD0020,VEN010,SUC002,Telefónico,9,543200,405400
VTA005685,2025-05-16,CLI0019,PROD0039,VEN007,SUC009,Presencial,1,347500,217200
VTA005686,2026-03-28,CLI0011,PROD0047,VEN013,SUC006,Telefónico,9,398600,352200
VTA005687,2026-06-21,CLI0025,PROD0010,VEN017,SUC001,Presencial,10,319400,227400
VTA005688,2025-05-01,CLI0036,PROD0017,VEN020,SUC005,Web,8,208000,152300
VTA005689,2025-10-07,CLI0087,PROD0007,VEN010,SUC007,Web,10,607500,467700
VTA005690,2025-08-10,CLI0075,PROD0041,VEN014,SUC008,Web,4,216000,138400
VTA005691,2025-08-20,CLI0027,PROD0008,VEN014,SUC002,Presencial,8,676300,385500
VTA005692,2025-03-12,CLI0075,PROD0010,VEN007,SUC008,Presencial,12,311300,231900
VTA005693,2026-02-13,CLI0023,PROD0028,VEN015,SUC001,Presencial,6,458300,276100
VTA005694,2025-07-07,CLI0079,PROD0016,VEN005,SUC006,Web,4,148300,109800
VTA005695,2025-10-28,CLI0031,PROD0018,VEN018,SUC002,Web,5,187700,152300
VTA005696,2025-11-16,CLI0045,PROD0018,VEN003,SUC002,Web,4,208700,148300
VTA005697,2025-07-25,CLI0083,PROD0015,VEN019,SUC001,Presencial,12,184000,111100
VTA005698,2026-04-24,CLI0002,PROD0006,VEN014,SUC001,Telefónico,5,284700,178400
VTA005699,2025-11-15,CLI0042,PROD0024,VEN013,SUC002,Presencial,4,763900,571200
VTA005700,2025-06-22,CLI0083,PROD0021,VEN017,SUC009,Web,4,821400,661600
VTA005701,2026-07-10,CLI0059,PROD0045,VEN012,SUC010,Presencial,8,129500,95000
VTA005702,2025-10-31,CLI0021,PROD0034,VEN012,SUC008,Presencial,5,538900,407000
VTA005703,2025-07-22,CLI0031,PROD0017,VEN019,SUC009,Web,1,214900,148100
VTA005704,2025-08-28,CLI0065,PROD0009,VEN018,SUC006,Telefónico,2,882800,462400
VTA005705,2026-02-04,CLI0019,PROD0050,VEN010,SUC004,Presencial,1,280100,210200
VTA005706,2026-06-15,CLI0039,PROD0026,VEN003,SUC005,Presencial,1,522500,382500
VTA005707,2026-04-15,CLI0055,PROD0041,VEN004,SUC005,Web,11,195000,141600
VTA005708,2025-09-23,CLI0071,PROD0006,VEN004,SUC007,Presencial,9,280500,186200
VTA005709,2026-01-03,CLI0044,PROD0012,VEN003,SUC003,Presencial,3,438900,288700
VTA005710,2025-08-28,CLI0010,PROD0032,VEN019,SUC006,Telefónico,10,296200,178400
VTA005711,2025-01-13,CLI0050,PROD0042,VEN018,SUC007,Presencial,10,401800,281500
VTA005712,2026-03-15,CLI0079,PROD0041,VEN006,SUC001,Telefónico,4,223500,137000
VTA005713,2025-10-29,CLI0006,PROD0020,VEN011,SUC006,Telefónico,3,516900,410000
VTA005714,2025-07-26,CLI0079,PROD0033,VEN006,SUC003,Telefónico,9,251200,171600
VTA005715,2025-12-13,CLI0039,PROD0036,VEN002,SUC005,Presencial,7,541200,320500
VTA005716,2026-03-20,CLI0041,PROD0035,VEN016,SUC006,Presencial,10,755300,458200
VTA005717,2025-05-09,CLI0041,PROD0002,VEN002,SUC009,Web,10,457400,240800
VTA005718,2025-07-27,CLI0056,PROD0007,VEN002,SUC008,Telefónico,4,580000,465600
VTA005719,2025-10-08,CLI0029,PROD0008,VEN006,SUC009,Presencial,3,675000,378700
VTA005720,2025-06-28,CLI0070,PROD0004,VEN014,SUC001,Web,5,360600,288800
VTA005721,2025-09-04,CLI0089,PROD0041,VEN012,SUC007,Telefónico,11,204200,142000
VTA005722,2025-07-06,CLI0058,PROD0006,VEN007,SUC002,Presencial,3,254200,182700
VTA005723,2025-01-30,CLI0082,PROD0042,VEN007,SUC010,Web,11,403100,286300
VTA005724,2026-03-14,CLI0040,PROD0012,VEN007,SUC007,Presencial,1,454900,286900
VTA005725,2026-01-07,CLI0040,PROD0017,VEN016,SUC001,Web,7,212900,145300
VTA005726,2025-02-24,CLI0005,PROD0023,VEN020,SUC008,Presencial,2,563900,410100
VTA005727,2026-04-24,CLI0028,PROD0043,VEN018,SUC010,Presencial,11,494300,351600
VTA005728,2026-05-13,CLI0087,PROD0044,VEN007,SUC003,Presencial,7,800900,587000
VTA005729,2025-08-05,CLI0086,PROD0036,VEN006,SUC006,Web,5,547800,312800
VTA005730,2026-05-31,CLI0090,PROD0022,VEN009,SUC007,Web,1,486300,312600
VTA005731,2025-10-06,CLI0022,PROD0018,VEN007,SUC008,Telefónico,5,186300,150400
VTA005732,2025-05-28,CLI0029,PROD0013,VEN006,SUC002,Presencial,1,530700,390700
VTA005733,2025-07-27,CLI0003,PROD0044,VEN003,SUC007,Web,3,769900,597900
VTA005734,2026-01-14,CLI0056,PROD0030,VEN004,SUC009,Presencial,4,660700,437900
VTA005735,2026-05-04,CLI0040,PROD0002,VEN009,SUC006,Web,6,410100,235200
VTA005736,2025-01-04,CLI0099,PROD0024,VEN012,SUC007,Web,4,748000,598800
VTA005737,2025-02-09,CLI0093,PROD0013,VEN009,SUC007,Presencial,7,501200,393800
VTA005738,2025-04-19,CLI0030,PROD0036,VEN002,SUC002,Web,1,490000,317200
VTA005739,2025-01-09,CLI0039,PROD0016,VEN002,SUC008,Web,11,151400,110400
VTA005740,2025-05-25,CLI0088,PROD0033,VEN001,SUC004,Web,9,271000,170400
VTA005741,2025-06-27,CLI0033,PROD0016,VEN019,SUC001,Presencial,7,152100,111500
VTA005742,2025-04-13,CLI0072,PROD0013,VEN002,SUC005,Presencial,2,518900,397700
VTA005743,2025-02-19,CLI0034,PROD0021,VEN008,SUC004,Presencial,10,878900,670900
VTA005744,2026-05-08,CLI0027,PROD0005,VEN018,SUC010,Presencial,3,458700,310500
VTA005745,2025-09-16,CLI0084,PROD0023,VEN020,SUC010,Telefónico,10,584500,403400
VTA005746,2025-09-23,CLI0071,PROD0002,VEN019,SUC008,Telefónico,6,449200,239300
VTA005747,2025-07-17,CLI0049,PROD0032,VEN010,SUC009,Presencial,9,309200,186100
VTA005748,2025-02-10,CLI0075,PROD0015,VEN010,SUC006,Presencial,8,165800,109800
VTA005749,2026-04-25,CLI0073,PROD0038,VEN005,SUC009,Web,10,97700,60200
VTA005750,2025-01-24,CLI0060,PROD0031,VEN015,SUC009,Web,5,284500,205600
VTA005751,2026-07-20,CLI0047,PROD0005,VEN010,SUC007,Presencial,4,463500,310000
VTA005752,2025-12-06,CLI0095,PROD0035,VEN006,SUC005,Web,8,698800,450200
VTA005753,2026-04-13,CLI0065,PROD0028,VEN004,SUC007,Presencial,7,475900,277700
VTA005754,2025-04-26,CLI0037,PROD0006,VEN017,SUC002,Web,4,296300,183400
VTA005755,2025-06-07,CLI0048,PROD0006,VEN004,SUC002,Web,5,281000,183900
VTA005756,2026-07-24,CLI0008,PROD0029,VEN018,SUC007,Presencial,10,699300,416100
VTA005757,2025-10-13,CLI0087,PROD0042,VEN010,SUC001,Web,2,400500,279800
VTA005758,2026-05-29,CLI0031,PROD0027,VEN014,SUC002,Telefónico,7,105200,75300
VTA005759,2026-03-21,CLI0094,PROD0020,VEN004,SUC005,Telefónico,4,510500,409400
VTA005760,2025-08-22,CLI0052,PROD0039,VEN003,SUC004,Presencial,5,327800,209900
VTA005761,2025-04-12,CLI0100,PROD0024,VEN008,SUC005,Presencial,10,764800,583600
VTA005762,2026-01-27,CLI0060,PROD0013,VEN007,SUC006,Web,10,487200,402800
VTA005763,2025-01-22,CLI0036,PROD0006,VEN017,SUC001,Presencial,7,269900,184600
VTA005764,2026-02-02,CLI0065,PROD0008,VEN002,SUC004,Web,11,665700,390600
VTA005765,2025-03-22,CLI0062,PROD0005,VEN007,SUC004,Presencial,2,441300,308700
VTA005766,2025-11-16,CLI0052,PROD0026,VEN013,SUC003,Presencial,11,537000,385200
VTA005767,2026-02-17,CLI0051,PROD0001,VEN011,SUC001,Web,6,414700,249600
VTA005768,2025-03-31,CLI0090,PROD0012,VEN020,SUC010,Web,12,405300,282500
VTA005769,2025-12-05,CLI0018,PROD0026,VEN013,SUC003,Telefónico,4,521100,377800
VTA005770,2025-08-29,CLI0098,PROD0017,VEN001,SUC005,Web,6,199100,152200
VTA005771,2026-06-04,CLI0093,PROD0047,VEN005,SUC010,Telefónico,1,398900,348600
VTA005772,2026-06-17,CLI0053,PROD0030,VEN002,SUC002,Web,2,654100,451600
VTA005773,2025-03-19,CLI0017,PROD0028,VEN007,SUC004,Presencial,1,454500,268000
VTA005774,2025-01-04,CLI0072,PROD0030,VEN020,SUC010,Telefónico,11,579100,448700
VTA005775,2025-08-25,CLI0072,PROD0027,VEN015,SUC009,Presencial,2,101500,76300
VTA005776,2025-04-27,CLI0005,PROD0007,VEN005,SUC002,Presencial,9,538800,448900
VTA005777,2025-03-27,CLI0085,PROD0030,VEN009,SUC006,Presencial,4,637200,437500
VTA005778,2025-10-06,CLI0085,PROD0009,VEN016,SUC004,Telefónico,12,805200,466000
VTA005779,2026-06-13,CLI0070,PROD0047,VEN019,SUC005,Web,4,418100,358900
VTA005780,2025-07-21,CLI0063,PROD0033,VEN006,SUC010,Presencial,3,264000,173900
VTA005781,2025-12-23,CLI0059,PROD0036,VEN015,SUC005,Web,9,513100,320500
VTA005782,2025-04-20,CLI0084,PROD0033,VEN010,SUC003,Presencial,7,235400,170200
VTA005783,2025-07-12,CLI0016,PROD0018,VEN008,SUC009,Presencial,2,193000,147100
VTA005784,2025-06-19,CLI0059,PROD0007,VEN018,SUC001,Web,8,551700,459300
VTA005785,2025-03-03,CLI0038,PROD0039,VEN019,SUC004,Presencial,4,336300,211600
VTA005786,2025-08-27,CLI0007,PROD0036,VEN005,SUC003,Presencial,7,505000,313900
VTA005787,2025-11-14,CLI0090,PROD0032,VEN009,SUC004,Telefónico,2,297600,185500
VTA005788,2025-04-22,CLI0005,PROD0010,VEN009,SUC008,Presencial,8,306000,226800
VTA005789,2025-07-30,CLI0007,PROD0036,VEN019,SUC004,Web,12,493500,317700
VTA005790,2025-12-31,CLI0020,PROD0042,VEN017,SUC008,Presencial,12,360200,278100
VTA005791,2026-05-26,CLI0068,PROD0047,VEN005,SUC002,Presencial,12,458900,363100
VTA005792,2025-05-08,CLI0007,PROD0041,VEN020,SUC010,Presencial,7,193500,139300
VTA005793,2026-07-25,CLI0032,PROD0042,VEN001,SUC002,Presencial,5,394000,273600
VTA005794,2025-09-04,CLI0027,PROD0021,VEN019,SUC003,Presencial,3,790500,660500
VTA005795,2026-06-30,CLI0054,PROD0048,VEN011,SUC002,Presencial,5,19200,12800
VTA005796,2026-05-26,CLI0026,PROD0027,VEN002,SUC001,Presencial,10,100000,76400
VTA005797,2026-05-09,CLI0004,PROD0008,VEN018,SUC006,Presencial,9,617800,386200
VTA005798,2025-05-02,CLI0079,PROD0006,VEN013,SUC008,Presencial,6,256200,183100
VTA005799,2025-09-18,CLI0056,PROD0012,VEN009,SUC002,Web,3,402900,288500
VTA005800,2026-06-11,CLI0051,PROD0014,VEN005,SUC008,Presencial,6,60600,44300
VTA005801,2025-07-26,CLI0033,PROD0022,VEN005,SUC001,Presencial,2,466200,315200
VTA005802,2025-12-23,CLI0060,PROD0029,VEN020,SUC001,Web,5,646800,429700
VTA005803,2026-03-26,CLI0030,PROD0026,VEN005,SUC010,Web,12,533000,393400
VTA005804,2025-02-04,CLI0019,PROD0014,VEN018,SUC002,Presencial,8,56200,42700
VTA005805,2026-03-15,CLI0026,PROD0014,VEN012,SUC010,Presencial,7,57800,42700
VTA005806,2025-09-18,CLI0030,PROD0020,VEN014,SUC009,Presencial,10,475700,412100
VTA005807,2025-05-06,CLI0025,PROD0026,VEN020,SUC006,Telefónico,8,555200,376600
VTA005808,2025-03-26,CLI0073,PROD0039,VEN001,SUC004,Web,9,346700,214200
VTA005809,2025-06-14,CLI0074,PROD0050,VEN011,SUC010,Telefónico,1,271500,207500
VTA005810,2026-02-19,CLI0081,PROD0035,VEN020,SUC001,Telefónico,3,678900,440900
VTA005811,2025-06-23,CLI0082,PROD0041,VEN012,SUC004,Web,8,199700,140600
VTA005812,2025-12-09,CLI0030,PROD0045,VEN019,SUC001,Web,8,129100,90600
VTA005813,2025-04-13,CLI0008,PROD0036,VEN019,SUC004,Presencial,9,554800,320700
VTA005814,2026-04-14,CLI0016,PROD0021,VEN004,SUC002,Presencial,6,829300,679300
VTA005815,2026-03-25,CLI0034,PROD0030,VEN013,SUC007,Presencial,4,607700,444700
VTA005816,2025-09-18,CLI0019,PROD0046,VEN003,SUC009,Web,2,599100,353200
VTA005817,2025-11-13,CLI0068,PROD0011,VEN016,SUC001,Presencial,4,843600,688400
VTA005818,2026-03-07,CLI0083,PROD0016,VEN014,SUC005,Web,12,144600,113000
VTA005819,2025-09-24,CLI0065,PROD0018,VEN003,SUC008,Web,1,185900,152300
VTA005820,2025-11-29,CLI0076,PROD0010,VEN018,SUC009,Telefónico,8,328200,228600
VTA005821,2025-07-13,CLI0078,PROD0031,VEN020,SUC008,Web,5,260900,199100
VTA005822,2026-06-05,CLI0010,PROD0007,VEN015,SUC001,Presencial,2,614500,462500
VTA005823,2025-02-06,CLI0035,PROD0004,VEN001,SUC003,Presencial,9,365200,290300
VTA005824,2025-10-17,CLI0099,PROD0011,VEN020,SUC007,Telefónico,7,890600,695000
VTA005825,2025-03-13,CLI0062,PROD0035,VEN004,SUC006,Web,6,712200,449000
VTA005826,2025-01-15,CLI0009,PROD0001,VEN002,SUC006,Web,12,376100,244800
VTA005827,2026-04-20,CLI0065,PROD0044,VEN015,SUC001,Presencial,6,794700,594000
VTA005828,2026-03-08,CLI0029,PROD0026,VEN005,SUC007,Web,11,518100,382500
VTA005829,2025-08-20,CLI0095,PROD0050,VEN003,SUC001,Web,8,246900,208500
VTA005830,2025-04-04,CLI0065,PROD0009,VEN009,SUC004,Presencial,11,757100,470600
VTA005831,2025-11-23,CLI0023,PROD0016,VEN007,SUC003,Presencial,5,142600,108700
VTA005832,2025-12-12,CLI0055,PROD0008,VEN011,SUC006,Presencial,1,668400,379300
VTA005833,2025-03-04,CLI0070,PROD0041,VEN009,SUC006,Web,6,212800,138800
VTA005834,2025-02-11,CLI0093,PROD0028,VEN009,SUC004,Presencial,3,444200,278600
VTA005835,2025-05-19,CLI0001,PROD0039,VEN003,SUC002,Presencial,8,325900,214000
VTA005836,2025-04-14,CLI0003,PROD0036,VEN007,SUC009,Presencial,12,496100,313900
VTA005837,2026-01-21,CLI0085,PROD0017,VEN018,SUC005,Web,11,226800,149500
VTA005838,2026-04-06,CLI0096,PROD0046,VEN009,SUC004,Web,12,551800,357200
VTA005839,2025-10-12,CLI0005,PROD0048,VEN017,SUC009,Web,11,18700,13200
VTA005840,2026-07-05,CLI0036,PROD0047,VEN003,SUC009,Web,9,465300,353900
VTA005841,2025-05-10,CLI0003,PROD0011,VEN013,SUC001,Presencial,8,812300,678800
VTA005842,2025-05-04,CLI0040,PROD0027,VEN014,SUC003,Presencial,11,101500,78200
VTA005843,2025-12-25,CLI0097,PROD0050,VEN018,SUC006,Web,6,264300,206500
VTA005844,2025-05-27,CLI0039,PROD0041,VEN005,SUC001,Presencial,7,217700,137600
VTA005845,2025-06-17,CLI0009,PROD0009,VEN016,SUC003,Presencial,3,860800,459100
VTA005846,2026-01-25,CLI0016,PROD0018,VEN005,SUC006,Telefónico,6,193100,151300
VTA005847,2026-06-26,CLI0050,PROD0047,VEN016,SUC008,Web,5,454500,364000
VTA005848,2025-10-12,CLI0077,PROD0003,VEN001,SUC007,Web,7,89900,59700
VTA005849,2025-11-26,CLI0009,PROD0048,VEN019,SUC004,Presencial,7,18500,13000
VTA005850,2025-09-07,CLI0065,PROD0026,VEN004,SUC005,Telefónico,8,541400,383800
VTA005851,2026-02-05,CLI0056,PROD0039,VEN005,SUC008,Web,8,332200,212700
VTA005852,2026-04-10,CLI0080,PROD0023,VEN010,SUC006,Presencial,9,604100,409700
VTA005853,2025-09-05,CLI0086,PROD0001,VEN006,SUC006,Presencial,4,437700,243300
VTA005854,2025-05-05,CLI0049,PROD0031,VEN019,SUC008,Presencial,10,261500,199500
VTA005855,2026-04-27,CLI0063,PROD0005,VEN019,SUC002,Presencial,9,444800,307800
VTA005856,2026-02-04,CLI0086,PROD0002,VEN005,SUC003,Presencial,10,430200,242100
VTA005857,2025-02-07,CLI0085,PROD0018,VEN002,SUC005,Telefónico,8,205700,152200
VTA005858,2025-07-11,CLI0044,PROD0017,VEN009,SUC003,Web,10,194400,148300
VTA005859,2025-05-27,CLI0033,PROD0031,VEN016,SUC006,Web,11,269300,196400
VTA005860,2025-08-18,CLI0069,PROD0030,VEN014,SUC005,Telefónico,8,644200,447400
VTA005861,2026-03-27,CLI0010,PROD0006,VEN007,SUC009,Presencial,1,262800,184000
VTA005862,2025-05-25,CLI0051,PROD0044,VEN016,SUC005,Presencial,10,773600,582400
VTA005863,2026-07-27,CLI0043,PROD0044,VEN012,SUC004,Presencial,11,792900,606200
VTA005864,2026-06-11,CLI0016,PROD0044,VEN005,SUC008,Telefónico,10,746100,596300
VTA005865,2026-07-28,CLI0037,PROD0015,VEN003,SUC005,Web,2,168800,109200
VTA005866,2025-10-22,CLI0073,PROD0034,VEN013,SUC008,Presencial,7,587100,412600
VTA005867,2025-01-17,CLI0100,PROD0028,VEN001,SUC006,Presencial,4,430900,274000
VTA005868,2025-12-23,CLI0004,PROD0039,VEN017,SUC002,Presencial,5,348300,217100
VTA005869,2026-05-26,CLI0097,PROD0034,VEN014,SUC008,Web,8,550600,411400
VTA005870,2026-07-15,CLI0016,PROD0012,VEN005,SUC004,Presencial,4,415900,288000
VTA005871,2026-03-29,CLI0074,PROD0013,VEN011,SUC009,Web,5,536300,392700
VTA005872,2025-10-03,CLI0025,PROD0038,VEN002,SUC005,Web,1,93000,59200
VTA005873,2026-03-19,CLI0034,PROD0043,VEN004,SUC007,Web,8,478700,362600
VTA005874,2025-03-24,CLI0077,PROD0031,VEN002,SUC005,Web,8,266200,197800
VTA005875,2026-07-06,CLI0040,PROD0040,VEN010,SUC002,Presencial,10,225800,153100
VTA005876,2026-07-01,CLI0080,PROD0012,VEN018,SUC008,Telefónico,7,452100,287000
VTA005877,2025-11-10,CLI0055,PROD0021,VEN011,SUC008,Presencial,11,885000,669900
VTA005878,2026-03-31,CLI0064,PROD0039,VEN005,SUC002,Web,12,335000,209500
VTA005879,2025-04-16,CLI0098,PROD0031,VEN013,SUC002,Presencial,3,252300,205400
VTA005880,2025-01-10,CLI0047,PROD0041,VEN003,SUC005,Presencial,2,219900,142200
VTA005881,2025-11-14,CLI0076,PROD0038,VEN017,SUC007,Presencial,3,102100,58500
VTA005882,2025-03-31,CLI0039,PROD0032,VEN009,SUC007,Telefónico,4,329600,180400
VTA005883,2025-05-27,CLI0066,PROD0020,VEN010,SUC001,Web,4,492600,400800
VTA005884,2025-10-16,CLI0075,PROD0043,VEN005,SUC001,Web,10,476500,366900
VTA005885,2026-05-06,CLI0051,PROD0018,VEN006,SUC001,Telefónico,6,195700,149600
VTA005886,2026-01-27,CLI0034,PROD0016,VEN008,SUC007,Presencial,10,151300,111400
VTA005887,2026-05-28,CLI0051,PROD0045,VEN011,SUC004,Presencial,1,117600,92400
VTA005888,2026-06-13,CLI0050,PROD0049,VEN003,SUC005,Telefónico,12,354800,244400
VTA005889,2025-12-14,CLI0024,PROD0037,VEN010,SUC001,Presencial,1,249100,161800
VTA005890,2026-02-20,CLI0100,PROD0003,VEN010,SUC008,Presencial,4,81000,60200
VTA005891,2025-08-02,CLI0087,PROD0034,VEN003,SUC009,Presencial,2,520900,405500
VTA005892,2025-09-16,CLI0055,PROD0037,VEN007,SUC004,Web,5,253900,169000
VTA005893,2025-11-19,CLI0023,PROD0015,VEN007,SUC002,Presencial,10,172700,107000
VTA005894,2025-08-28,CLI0031,PROD0009,VEN003,SUC009,Web,1,798100,467000
VTA005895,2026-02-24,CLI0042,PROD0032,VEN009,SUC005,Presencial,10,316500,179500
VTA005896,2025-01-16,CLI0075,PROD0029,VEN004,SUC005,Web,9,628000,420100
VTA005897,2025-11-19,CLI0036,PROD0018,VEN008,SUC002,Presencial,8,184100,153100
VTA005898,2026-04-23,CLI0064,PROD0003,VEN005,SUC007,Presencial,4,89100,61600
VTA005899,2025-01-28,CLI0050,PROD0048,VEN007,SUC004,Presencial,1,19100,13200
VTA005900,2026-07-23,CLI0058,PROD0028,VEN005,SUC006,Web,5,419700,280800
VTA005901,2025-02-24,CLI0100,PROD0023,VEN020,SUC005,Web,5,654300,396100
VTA005902,2026-07-24,CLI0041,PROD0016,VEN005,SUC005,Presencial,2,147200,112400
VTA005903,2026-03-10,CLI0033,PROD0021,VEN006,SUC002,Presencial,12,872700,655500
VTA005904,2025-04-04,CLI0012,PROD0046,VEN012,SUC006,Presencial,12,541700,351100
VTA005905,2025-02-03,CLI0042,PROD0043,VEN016,SUC004,Presencial,1,449100,364400
VTA005906,2025-06-21,CLI0077,PROD0008,VEN019,SUC003,Presencial,5,647100,378000
VTA005907,2025-12-14,CLI0003,PROD0047,VEN012,SUC003,Presencial,7,441000,356100
VTA005908,2026-01-30,CLI0023,PROD0047,VEN002,SUC005,Telefónico,3,453200,355300
VTA005909,2026-07-27,CLI0069,PROD0043,VEN017,SUC006,Web,7,461400,363100
VTA005910,2026-02-23,CLI0001,PROD0050,VEN015,SUC001,Telefónico,3,273200,208900
VTA005911,2025-11-08,CLI0023,PROD0050,VEN010,SUC002,Presencial,11,272000,206900
VTA005912,2025-11-26,CLI0080,PROD0044,VEN011,SUC004,Presencial,4,790400,607400
VTA005913,2025-05-03,CLI0060,PROD0023,VEN007,SUC008,Telefónico,12,629900,410800
VTA005914,2026-02-02,CLI0013,PROD0036,VEN015,SUC002,Telefónico,2,518100,312500
VTA005915,2026-03-19,CLI0075,PROD0005,VEN012,SUC002,Web,9,471800,308400
VTA005916,2025-01-18,CLI0027,PROD0023,VEN014,SUC002,Web,9,605100,407400
VTA005917,2026-07-05,CLI0034,PROD0016,VEN006,SUC009,Presencial,12,143200,110500
VTA005918,2025-04-11,CLI0065,PROD0009,VEN018,SUC001,Presencial,12,773300,457300
VTA005919,2026-06-05,CLI0036,PROD0030,VEN007,SUC006,Telefónico,10,644400,453200
VTA005920,2025-03-03,CLI0073,PROD0018,VEN007,SUC004,Web,7,212400,149500
VTA005921,2025-07-08,CLI0085,PROD0033,VEN012,SUC002,Telefónico,9,254400,174600
VTA005922,2026-05-10,CLI0059,PROD0045,VEN020,SUC008,Presencial,5,126500,94400
VTA005923,2026-05-29,CLI0064,PROD0037,VEN019,SUC004,Presencial,2,232400,164300
VTA005924,2025-06-16,CLI0064,PROD0019,VEN017,SUC002,Web,3,710200,460900
VTA005925,2026-06-06,CLI0029,PROD0007,VEN012,SUC001,Web,9,554400,455200
VTA005926,2025-07-26,CLI0034,PROD0045,VEN009,SUC003,Web,11,115400,93600
VTA005927,2025-10-13,CLI0083,PROD0046,VEN004,SUC006,Web,5,588200,353300
VTA005928,2025-07-19,CLI0007,PROD0009,VEN007,SUC007,Presencial,4,773400,477600
VTA005929,2025-06-22,CLI0098,PROD0018,VEN001,SUC006,Web,5,185300,152900
VTA005930,2026-02-01,CLI0034,PROD0035,VEN011,SUC003,Web,7,703300,445700
VTA005931,2026-07-26,CLI0091,PROD0029,VEN019,SUC007,Presencial,11,689200,415200
VTA005932,2025-12-28,CLI0064,PROD0047,VEN006,SUC009,Presencial,8,423900,352400
VTA005933,2025-10-29,CLI0064,PROD0019,VEN017,SUC005,Web,6,731200,481500
VTA005934,2026-04-02,CLI0053,PROD0016,VEN015,SUC002,Web,5,132800,110300
VTA005935,2025-09-12,CLI0057,PROD0035,VEN006,SUC010,Web,9,702200,442000
VTA005936,2025-08-26,CLI0005,PROD0015,VEN010,SUC004,Presencial,4,187200,108200
VTA005937,2025-01-15,CLI0089,PROD0028,VEN020,SUC005,Web,7,483000,280400
VTA005938,2025-05-31,CLI0076,PROD0019,VEN012,SUC002,Web,2,678800,480200
VTA005939,2026-05-31,CLI0012,PROD0038,VEN013,SUC006,Web,3,90000,60100
VTA005940,2025-01-03,CLI0076,PROD0012,VEN015,SUC007,Web,10,426500,284600
VTA005941,2025-08-13,CLI0052,PROD0044,VEN013,SUC008,Presencial,4,771800,582100
VTA005942,2026-07-13,CLI0033,PROD0036,VEN004,SUC004,Web,7,533600,319900
VTA005943,2026-04-14,CLI0014,PROD0022,VEN005,SUC001,Web,8,526800,318900
VTA005944,2025-01-08,CLI0075,PROD0041,VEN019,SUC010,Telefónico,5,217200,142900
VTA005945,2025-09-23,CLI0015,PROD0013,VEN016,SUC004,Telefónico,7,478600,392600
VTA005946,2025-06-05,CLI0078,PROD0041,VEN014,SUC010,Presencial,4,204700,137000
VTA005947,2026-01-21,CLI0056,PROD0032,VEN006,SUC007,Telefónico,6,307300,178300
VTA005948,2025-09-24,CLI0002,PROD0042,VEN016,SUC004,Web,7,396800,274500
VTA005949,2026-05-27,CLI0076,PROD0019,VEN010,SUC006,Presencial,4,663100,466700
VTA005950,2025-04-20,CLI0017,PROD0045,VEN011,SUC008,Web,6,125500,92200
VTA005951,2026-05-29,CLI0051,PROD0011,VEN017,SUC010,Presencial,5,826000,697700
VTA005952,2025-10-06,CLI0093,PROD0039,VEN006,SUC003,Web,10,351200,208900
VTA005953,2026-07-04,CLI0073,PROD0004,VEN010,SUC009,Web,3,400000,301000
VTA005954,2026-05-21,CLI0027,PROD0012,VEN016,SUC007,Telefónico,12,433500,283600
VTA005955,2025-08-03,CLI0055,PROD0031,VEN009,SUC007,Presencial,6,287800,200000
VTA005956,2025-11-09,CLI0088,PROD0021,VEN006,SUC003,Web,8,877000,669700
VTA005957,2025-11-29,CLI0069,PROD0015,VEN009,SUC010,Web,12,168400,108500
VTA005958,2025-10-05,CLI0029,PROD0050,VEN017,SUC001,Telefónico,1,261700,205000
VTA005959,2026-05-14,CLI0082,PROD0048,VEN016,SUC006,Presencial,6,21000,13300
VTA005960,2025-05-28,CLI0024,PROD0020,VEN009,SUC003,Web,4,508100,404900
VTA005961,2026-05-28,CLI0039,PROD0042,VEN014,SUC004,Telefónico,3,416200,285400
VTA005962,2025-06-21,CLI0045,PROD0040,VEN006,SUC005,Telefónico,10,209200,147100
VTA005963,2026-03-26,CLI0003,PROD0050,VEN016,SUC001,Telefónico,7,275700,201500
VTA005964,2025-04-28,CLI0094,PROD0029,VEN010,SUC010,Telefónico,3,628500,423800
VTA005965,2025-06-26,CLI0037,PROD0020,VEN018,SUC008,Web,10,554400,400900
VTA005966,2025-05-18,CLI0032,PROD0013,VEN006,SUC004,Telefónico,4,508600,407200
VTA005967,2025-05-07,CLI0036,PROD0014,VEN005,SUC003,Presencial,4,54500,42700
VTA005968,2025-05-27,CLI0061,PROD0025,VEN009,SUC003,Presencial,4,78300,59000
VTA005969,2025-12-31,CLI0096,PROD0014,VEN016,SUC004,Web,9,56900,43400
VTA005970,2025-07-01,CLI0033,PROD0030,VEN007,SUC007,Telefónico,12,586700,440900
VTA005971,2026-07-12,CLI0056,PROD0033,VEN001,SUC008,Telefónico,1,253900,174100
VTA005972,2025-06-01,CLI0051,PROD0030,VEN002,SUC002,Telefónico,12,617200,441500
VTA005973,2025-10-26,CLI0067,PROD0002,VEN002,SUC003,Web,2,428000,237100
VTA005974,2026-07-17,CLI0046,PROD0040,VEN014,SUC003,Web,4,230700,153200
VTA005975,2025-08-23,CLI0072,PROD0021,VEN018,SUC006,Web,2,824100,668700
VTA005976,2025-12-22,CLI0089,PROD0006,VEN012,SUC005,Presencial,2,271700,181500
VTA005977,2026-02-18,CLI0030,PROD0004,VEN017,SUC001,Presencial,1,373600,294700
VTA005978,2026-02-23,CLI0017,PROD0005,VEN013,SUC005,Presencial,5,429400,301100
VTA005979,2025-07-24,CLI0068,PROD0031,VEN014,SUC005,Web,2,262400,202400
VTA005980,2025-06-19,CLI0003,PROD0037,VEN015,SUC009,Presencial,2,245600,168100
VTA005981,2025-02-03,CLI0003,PROD0036,VEN020,SUC005,Web,1,547200,326900
VTA005982,2026-02-12,CLI0083,PROD0026,VEN003,SUC006,Presencial,6,555400,375800
VTA005983,2025-11-24,CLI0070,PROD0029,VEN014,SUC005,Web,8,692300,423000
VTA005984,2025-06-02,CLI0100,PROD0002,VEN004,SUC004,Telefónico,3,415500,241100
VTA005985,2026-04-23,CLI0089,PROD0026,VEN014,SUC006,Presencial,12,549100,378900
VTA005986,2026-04-19,CLI0085,PROD0026,VEN017,SUC009,Presencial,10,521200,388700
VTA005987,2026-06-15,CLI0044,PROD0028,VEN004,SUC004,Presencial,2,483500,280600
VTA005988,2025-01-10,CLI0033,PROD0036,VEN017,SUC006,Presencial,7,494200,318400
VTA005989,2026-01-15,CLI0008,PROD0032,VEN013,SUC005,Presencial,11,318700,184500
VTA005990,2026-01-28,CLI0029,PROD0050,VEN011,SUC002,Presencial,9,271100,203600
VTA005991,2025-01-19,CLI0076,PROD0001,VEN011,SUC003,Presencial,11,424700,243300
VTA005992,2026-01-31,CLI0044,PROD0018,VEN020,SUC006,Telefónico,5,208300,148200
VTA005993,2025-05-09,CLI0006,PROD0034,VEN019,SUC005,Web,9,532400,421300
VTA005994,2026-02-17,CLI0031,PROD0021,VEN015,SUC004,Presencial,6,876800,657500
VTA005995,2026-06-09,CLI0018,PROD0014,VEN004,SUC006,Presencial,5,59500,43000
VTA005996,2025-08-02,CLI0017,PROD0031,VEN018,SUC009,Web,1,274900,202700
VTA005997,2026-01-03,CLI0095,PROD0017,VEN020,SUC002,Presencial,9,201900,148000
VTA005998,2025-11-26,CLI0080,PROD0031,VEN017,SUC002,Telefónico,11,264400,205800
VTA005999,2026-02-07,CLI0051,PROD0010,VEN014,SUC004,Web,1,347400,226800
VTA006000,2025-10-07,CLI0031,PROD0038,VEN019,SUC008,Presencial,8,93100,58000
VTA006001,2026-07-07,CLI0058,PROD0049,VEN007,SUC010,Web,11,334200,253300
VTA006002,2026-07-20,CLI0059,PROD0044,VEN001,SUC007,Telefónico,5,717800,595900
VTA006003,2026-03-27,CLI0016,PROD0006,VEN013,SUC002,Web,6,254500,183900
VTA006004,2026-05-03,CLI0016,PROD0006,VEN011,SUC009,Presencial,12,294500,185700
VTA006005,2025-11-05,CLI0051,PROD0029,VEN017,SUC010,Presencial,3,649300,424700
VTA006006,2025-09-14,CLI0023,PROD0023,VEN010,SUC001,Presencial,4,585800,399900
VTA006007,2025-04-01,CLI0041,PROD0044,VEN003,SUC006,Presencial,5,780000,609000
VTA006008,2025-01-28,CLI0042,PROD0006,VEN011,SUC009,Telefónico,9,268700,178200
VTA006009,2026-02-22,CLI0028,PROD0004,VEN017,SUC004,Presencial,3,372000,301500
VTA006010,2025-08-05,CLI0099,PROD0028,VEN015,SUC010,Presencial,6,448400,277300
VTA006011,2026-03-14,CLI0024,PROD0009,VEN009,SUC008,Telefónico,2,831400,459000
VTA006012,2026-02-09,CLI0024,PROD0029,VEN012,SUC005,Web,10,667600,428000
VTA006013,2026-01-10,CLI0012,PROD0009,VEN013,SUC005,Web,12,836400,475900
VTA006014,2025-11-07,CLI0015,PROD0001,VEN007,SUC007,Web,9,425300,249000
VTA006015,2025-09-24,CLI0007,PROD0028,VEN012,SUC006,Web,6,455000,275000
VTA006016,2025-01-28,CLI0048,PROD0041,VEN017,SUC008,Web,2,192900,137500
VTA006017,2025-04-25,CLI0073,PROD0042,VEN002,SUC009,Presencial,9,365800,279100
VTA006018,2025-08-08,CLI0096,PROD0026,VEN009,SUC002,Presencial,4,510100,380800
VTA006019,2025-09-21,CLI0037,PROD0015,VEN007,SUC007,Web,4,168200,107300
VTA006020,2025-08-25,CLI0031,PROD0047,VEN020,SUC004,Web,6,453200,351200
VTA006021,2026-04-24,CLI0051,PROD0017,VEN001,SUC009,Web,7,223900,151800
VTA006022,2026-07-11,CLI0068,PROD0041,VEN010,SUC006,Presencial,6,203500,137300
VTA006023,2025-06-15,CLI0009,PROD0024,VEN007,SUC009,Presencial,10,772100,573200
VTA006024,2025-11-27,CLI0061,PROD0037,VEN011,SUC004,Presencial,3,230100,165600
VTA006025,2025-09-12,CLI0073,PROD0032,VEN013,SUC007,Web,6,325600,184900
VTA006026,2025-03-16,CLI0061,PROD0010,VEN013,SUC005,Web,5,342400,223800
VTA006027,2026-03-14,CLI0062,PROD0017,VEN004,SUC003,Web,8,214800,145900
VTA006028,2026-01-21,CLI0002,PROD0049,VEN005,SUC002,Presencial,2,339200,248300
VTA006029,2025-03-21,CLI0097,PROD0018,VEN015,SUC003,Telefónico,12,193900,151400
VTA006030,2025-04-27,CLI0097,PROD0014,VEN013,SUC003,Presencial,9,55100,43600
VTA006031,2026-04-23,CLI0099,PROD0028,VEN014,SUC009,Presencial,7,467500,272800
VTA006032,2026-02-10,CLI0022,PROD0029,VEN006,SUC008,Presencial,5,674800,414500
VTA006033,2025-08-18,CLI0090,PROD0013,VEN007,SUC007,Presencial,7,523600,408100
VTA006034,2026-01-23,CLI0022,PROD0042,VEN007,SUC003,Web,1,365500,284200
VTA006035,2025-09-25,CLI0048,PROD0007,VEN016,SUC003,Presencial,2,569000,449500
VTA006036,2026-02-11,CLI0001,PROD0028,VEN008,SUC005,Presencial,3,477300,269200
VTA006037,2026-07-11,CLI0001,PROD0012,VEN012,SUC004,Web,9,442500,280100
VTA006038,2026-05-15,CLI0081,PROD0022,VEN011,SUC009,Presencial,5,487500,315400
VTA006039,2026-01-19,CLI0095,PROD0044,VEN018,SUC001,Web,12,736800,583100
VTA006040,2026-07-04,CLI0045,PROD0007,VEN014,SUC004,Web,9,541700,465800
VTA006041,2025-09-18,CLI0091,PROD0003,VEN020,SUC001,Presencial,10,80300,60900
VTA006042,2025-10-15,CLI0069,PROD0017,VEN002,SUC007,Web,1,195300,147200
VTA006043,2025-08-02,CLI0054,PROD0011,VEN012,SUC006,Web,3,799700,692400
VTA006044,2025-05-09,CLI0083,PROD0035,VEN009,SUC001,Web,7,738100,444400
VTA006045,2025-08-22,CLI0066,PROD0017,VEN013,SUC005,Presencial,8,203300,147800
VTA006046,2025-06-07,CLI0068,PROD0020,VEN018,SUC007,Web,11,500600,407700
VTA006047,2025-06-26,CLI0012,PROD0019,VEN004,SUC004,Telefónico,12,653900,465800
VTA006048,2025-02-11,CLI0001,PROD0013,VEN015,SUC005,Telefónico,10,531200,405500
VTA006049,2026-01-15,CLI0059,PROD0014,VEN005,SUC009,Presencial,9,53800,43100
VTA006050,2025-12-22,CLI0082,PROD0023,VEN013,SUC003,Telefónico,1,589800,409700
VTA006051,2026-01-02,CLI0022,PROD0005,VEN008,SUC003,Web,1,412700,309000
VTA006052,2025-04-25,CLI0060,PROD0009,VEN020,SUC008,Web,3,862600,473100
VTA006053,2026-06-16,CLI0039,PROD0046,VEN018,SUC003,Presencial,5,532300,351100
VTA006054,2025-06-24,CLI0080,PROD0042,VEN020,SUC008,Web,12,378900,274900
VTA006055,2025-09-13,CLI0076,PROD0036,VEN008,SUC007,Presencial,11,555800,321000
VTA006056,2026-06-12,CLI0052,PROD0049,VEN012,SUC007,Presencial,2,327000,245300
VTA006057,2026-03-08,CLI0015,PROD0036,VEN017,SUC003,Web,5,511500,312700
VTA006058,2025-02-24,CLI0049,PROD0029,VEN010,SUC006,Presencial,12,718400,419400
VTA006059,2025-04-30,CLI0089,PROD0007,VEN008,SUC002,Telefónico,5,554100,456100
VTA006060,2026-04-10,CLI0062,PROD0012,VEN012,SUC005,Presencial,6,447000,280800
VTA006061,2026-02-13,CLI0010,PROD0006,VEN009,SUC010,Web,3,266700,184000
VTA006062,2025-03-18,CLI0041,PROD0040,VEN004,SUC005,Telefónico,8,218400,151000
VTA006063,2025-06-13,CLI0020,PROD0023,VEN002,SUC004,Presencial,11,566600,414000
VTA006064,2025-11-24,CLI0020,PROD0002,VEN001,SUC008,Web,4,411800,241100
VTA006065,2025-10-27,CLI0012,PROD0008,VEN011,SUC010,Telefónico,6,603000,381200
VTA006066,2026-05-17,CLI0099,PROD0025,VEN012,SUC006,Presencial,6,74700,59800
VTA006067,2025-10-22,CLI0008,PROD0001,VEN010,SUC009,Telefónico,7,416200,245700
VTA006068,2025-05-22,CLI0090,PROD0039,VEN019,SUC007,Web,7,322300,213800
VTA006069,2025-04-27,CLI0032,PROD0010,VEN002,SUC006,Telefónico,3,320000,227600
VTA006070,2025-10-14,CLI0006,PROD0045,VEN006,SUC002,Web,11,120100,93900
VTA006071,2026-01-01,CLI0018,PROD0013,VEN018,SUC003,Presencial,6,540900,398300
VTA006072,2025-07-03,CLI0016,PROD0010,VEN005,SUC001,Web,2,323600,231800
VTA006073,2026-03-20,CLI0003,PROD0026,VEN007,SUC001,Presencial,5,556500,377700
VTA006074,2026-04-21,CLI0035,PROD0032,VEN019,SUC008,Telefónico,1,302800,184300
VTA006075,2025-01-30,CLI0027,PROD0008,VEN009,SUC006,Presencial,9,591200,379300
VTA006076,2025-10-14,CLI0049,PROD0004,VEN009,SUC004,Presencial,11,398400,289800
VTA006077,2026-01-09,CLI0013,PROD0045,VEN018,SUC009,Presencial,7,115700,95100
VTA006078,2026-01-26,CLI0002,PROD0041,VEN007,SUC002,Telefónico,8,202200,139000
VTA006079,2025-08-09,CLI0026,PROD0004,VEN001,SUC007,Web,10,409100,291700
VTA006080,2025-10-06,CLI0077,PROD0004,VEN018,SUC010,Presencial,11,366200,300300
VTA006081,2026-06-27,CLI0095,PROD0044,VEN003,SUC002,Web,12,741700,585300
VTA006082,2025-03-01,CLI0021,PROD0013,VEN009,SUC005,Web,11,499400,406000
VTA006083,2025-09-21,CLI0028,PROD0027,VEN014,SUC009,Presencial,5,113800,77200
VTA006084,2026-04-03,CLI0085,PROD0046,VEN012,SUC002,Presencial,5,583300,360400
VTA006085,2026-01-16,CLI0044,PROD0002,VEN016,SUC004,Web,2,453800,237800
VTA006086,2025-03-04,CLI0004,PROD0024,VEN015,SUC001,Presencial,1,748700,598800
VTA006087,2025-07-26,CLI0059,PROD0030,VEN011,SUC010,Telefónico,8,593800,446200
VTA006088,2025-07-03,CLI0022,PROD0031,VEN016,SUC007,Telefónico,11,285200,202700
VTA006089,2025-05-17,CLI0008,PROD0041,VEN017,SUC005,Web,12,208800,141300
VTA006090,2025-10-27,CLI0012,PROD0010,VEN009,SUC003,Presencial,3,335300,223800
VTA006091,2025-07-23,CLI0045,PROD0015,VEN002,SUC004,Web,9,181100,109200
VTA006092,2025-06-17,CLI0087,PROD0018,VEN016,SUC008,Telefónico,1,194900,152600
VTA006093,2026-01-23,CLI0023,PROD0048,VEN011,SUC008,Presencial,10,20000,13000
VTA006094,2025-08-25,CLI0009,PROD0049,VEN006,SUC001,Web,12,338600,244800
VTA006095,2026-01-08,CLI0029,PROD0029,VEN015,SUC008,Presencial,5,722900,416700
VTA006096,2026-02-13,CLI0001,PROD0006,VEN020,SUC001,Presencial,8,253800,181100
VTA006097,2025-08-28,CLI0092,PROD0027,VEN010,SUC003,Web,5,107200,76000
VTA006098,2026-04-23,CLI0097,PROD0009,VEN007,SUC009,Presencial,6,779900,457900
VTA006099,2026-07-21,CLI0045,PROD0003,VEN005,SUC008,Presencial,3,81300,59800
VTA006100,2025-09-11,CLI0024,PROD0003,VEN007,SUC006,Web,10,84000,61100
VTA006101,2025-07-17,CLI0075,PROD0048,VEN003,SUC002,Presencial,12,19800,12900
VTA006102,2025-01-18,CLI0043,PROD0013,VEN007,SUC004,Telefónico,6,468100,393600
VTA006103,2025-03-02,CLI0019,PROD0041,VEN012,SUC001,Telefónico,12,196500,141600
VTA006104,2025-09-11,CLI0085,PROD0025,VEN016,SUC005,Presencial,11,74900,60300
VTA006105,2025-08-11,CLI0013,PROD0003,VEN015,SUC002,Web,12,80700,61700
VTA006106,2025-11-01,CLI0087,PROD0006,VEN016,SUC006,Presencial,11,275300,180500
VTA006107,2025-07-25,CLI0049,PROD0018,VEN018,SUC010,Presencial,4,186200,148400
VTA006108,2025-10-18,CLI0060,PROD0005,VEN010,SUC008,Web,1,476400,302100
VTA006109,2025-02-07,CLI0098,PROD0041,VEN007,SUC005,Presencial,4,219000,137800
VTA006110,2026-06-19,CLI0087,PROD0007,VEN009,SUC001,Presencial,11,545100,464800
VTA006111,2025-12-25,CLI0062,PROD0022,VEN011,SUC004,Telefónico,2,522700,316100
VTA006112,2025-05-21,CLI0090,PROD0035,VEN010,SUC010,Telefónico,3,703200,446400
VTA006113,2025-09-30,CLI0048,PROD0027,VEN005,SUC010,Web,5,110200,76800
VTA006114,2025-07-15,CLI0055,PROD0047,VEN016,SUC002,Web,11,425000,352600
VTA006115,2026-01-27,CLI0086,PROD0031,VEN001,SUC010,Presencial,11,291300,198300
VTA006116,2025-03-25,CLI0090,PROD0017,VEN018,SUC002,Presencial,8,212000,151400
VTA006117,2025-01-03,CLI0010,PROD0048,VEN007,SUC008,Presencial,8,19000,13200
VTA006118,2025-11-25,CLI0024,PROD0037,VEN010,SUC007,Web,9,244400,163700
VTA006119,2025-01-13,CLI0063,PROD0039,VEN018,SUC004,Web,9,313000,219000
VTA006120,2025-12-24,CLI0054,PROD0040,VEN015,SUC007,Presencial,5,234700,154200
VTA006121,2025-12-15,CLI0038,PROD0021,VEN011,SUC001,Web,8,876600,669200
VTA006122,2025-05-16,CLI0003,PROD0034,VEN005,SUC010,Presencial,8,596200,415900
VTA006123,2025-07-28,CLI0080,PROD0037,VEN002,SUC009,Web,1,262500,161300
VTA006124,2025-08-08,CLI0089,PROD0001,VEN005,SUC003,Presencial,11,415500,246700
VTA006125,2025-02-20,CLI0094,PROD0030,VEN011,SUC004,Presencial,3,572500,453700
VTA006126,2025-04-16,CLI0098,PROD0044,VEN015,SUC003,Telefónico,8,770400,602500
VTA006127,2025-12-29,CLI0093,PROD0001,VEN008,SUC008,Web,3,414200,244600
VTA006128,2026-06-09,CLI0049,PROD0045,VEN006,SUC010,Web,12,124700,94700
VTA006129,2025-02-06,CLI0062,PROD0022,VEN010,SUC002,Presencial,1,471200,310900
VTA006130,2026-06-15,CLI0047,PROD0021,VEN014,SUC003,Web,5,835200,679200
VTA006131,2026-02-19,CLI0022,PROD0032,VEN007,SUC010,Web,5,315600,178400
VTA006132,2025-11-02,CLI0051,PROD0039,VEN019,SUC009,Web,11,326400,210500
VTA006133,2025-03-17,CLI0017,PROD0036,VEN019,SUC003,Telefónico,8,489900,315600
VTA006134,2026-06-16,CLI0011,PROD0037,VEN008,SUC005,Presencial,9,229300,161700
VTA006135,2026-01-27,CLI0028,PROD0037,VEN011,SUC006,Web,4,228300,166800
VTA006136,2026-06-01,CLI0005,PROD0037,VEN015,SUC009,Presencial,5,237700,165900
VTA006137,2025-03-30,CLI0035,PROD0037,VEN019,SUC010,Presencial,11,253200,164700
VTA006138,2025-09-24,CLI0021,PROD0036,VEN004,SUC008,Telefónico,9,510100,327000
VTA006139,2026-05-16,CLI0086,PROD0004,VEN015,SUC009,Web,4,383500,292800
VTA006140,2026-05-31,CLI0014,PROD0011,VEN005,SUC002,Presencial,4,881700,683000
VTA006141,2025-07-24,CLI0049,PROD0018,VEN002,SUC007,Presencial,4,211600,152900
VTA006142,2025-01-29,CLI0037,PROD0027,VEN015,SUC005,Web,7,107800,77100
VTA006143,2026-02-14,CLI0021,PROD0035,VEN018,SUC010,Presencial,3,753800,449500
VTA006144,2025-10-23,CLI0095,PROD0044,VEN019,SUC006,Web,11,769600,594800
VTA006145,2025-04-06,CLI0030,PROD0049,VEN010,SUC002,Web,3,331300,252200
VTA006146,2025-01-28,CLI0011,PROD0010,VEN011,SUC001,Presencial,12,308000,227900
VTA006147,2025-07-24,CLI0072,PROD0006,VEN010,SUC004,Presencial,4,283200,180000
VTA006148,2026-01-22,CLI0046,PROD0027,VEN007,SUC010,Presencial,6,115200,76500
VTA006149,2026-01-26,CLI0078,PROD0020,VEN001,SUC001,Web,11,540200,400500
VTA006150,2025-12-13,CLI0081,PROD0020,VEN013,SUC007,Presencial,12,553600,407600
VTA006151,2026-01-28,CLI0032,PROD0033,VEN010,SUC004,Presencial,10,251100,176900
VTA006152,2026-06-09,CLI0043,PROD0010,VEN020,SUC001,Web,7,335200,227700
VTA006153,2026-05-30,CLI0020,PROD0002,VEN005,SUC002,Telefónico,9,440800,236600
VTA006154,2026-02-21,CLI0090,PROD0018,VEN005,SUC003,Presencial,11,202900,150400
VTA006155,2026-06-05,CLI0043,PROD0034,VEN014,SUC002,Web,9,560000,414300
VTA006156,2025-08-18,CLI0014,PROD0048,VEN016,SUC001,Presencial,5,19700,13300
VTA006157,2026-02-13,CLI0019,PROD0027,VEN010,SUC007,Presencial,10,104700,78300
VTA006158,2025-03-22,CLI0026,PROD0035,VEN003,SUC004,Telefónico,3,759800,440200
VTA006159,2026-03-11,CLI0072,PROD0002,VEN012,SUC001,Web,7,462200,236700
VTA006160,2025-10-02,CLI0019,PROD0020,VEN014,SUC008,Telefónico,1,554800,407900
VTA006161,2025-12-20,CLI0044,PROD0039,VEN008,SUC002,Presencial,8,319200,210300
VTA006162,2025-02-23,CLI0027,PROD0031,VEN007,SUC005,Telefónico,9,277600,206000
VTA006163,2025-08-11,CLI0056,PROD0041,VEN011,SUC007,Web,6,192400,140600
VTA006164,2025-01-10,CLI0009,PROD0042,VEN006,SUC009,Web,6,387100,282300
VTA006165,2026-04-02,CLI0048,PROD0001,VEN001,SUC007,Web,12,390000,244000
VTA006166,2025-06-11,CLI0046,PROD0021,VEN020,SUC003,Presencial,10,807500,663200
VTA006167,2025-11-17,CLI0014,PROD0012,VEN017,SUC003,Telefónico,12,406400,281500
VTA006168,2026-07-29,CLI0048,PROD0033,VEN019,SUC009,Presencial,10,243600,175200
VTA006169,2025-06-05,CLI0031,PROD0050,VEN012,SUC003,Presencial,12,281600,206200
VTA006170,2025-12-05,CLI0014,PROD0009,VEN006,SUC004,Presencial,10,798900,463600
VTA006171,2025-11-18,CLI0059,PROD0006,VEN011,SUC010,Telefónico,4,285900,185100
VTA006172,2025-08-07,CLI0021,PROD0030,VEN012,SUC010,Telefónico,8,628100,448600
VTA006173,2025-02-11,CLI0016,PROD0037,VEN020,SUC009,Presencial,4,256700,164200
VTA006174,2025-10-24,CLI0033,PROD0022,VEN010,SUC010,Telefónico,3,533400,317500
VTA006175,2025-12-07,CLI0088,PROD0050,VEN007,SUC008,Web,12,271500,208500
VTA006176,2025-05-04,CLI0031,PROD0039,VEN018,SUC009,Web,7,314000,211000
VTA006177,2025-08-01,CLI0031,PROD0005,VEN005,SUC009,Presencial,11,467900,307000
VTA006178,2025-01-19,CLI0028,PROD0003,VEN005,SUC003,Presencial,10,84300,61800
VTA006179,2025-01-28,CLI0042,PROD0045,VEN003,SUC005,Web,6,131600,91900
VTA006180,2026-03-28,CLI0010,PROD0014,VEN020,SUC007,Presencial,11,62200,42400
VTA006181,2025-03-31,CLI0079,PROD0033,VEN006,SUC005,Presencial,9,236600,176300
VTA006182,2026-06-10,CLI0076,PROD0020,VEN019,SUC004,Presencial,7,548100,410100
VTA006183,2025-06-25,CLI0024,PROD0043,VEN005,SUC007,Presencial,12,495500,364100
VTA006184,2025-06-27,CLI0004,PROD0019,VEN009,SUC010,Web,2,711200,473200
VTA006185,2026-01-21,CLI0070,PROD0019,VEN013,SUC005,Presencial,2,665600,475400
VTA006186,2026-01-27,CLI0067,PROD0035,VEN019,SUC003,Telefónico,4,735500,454500
VTA006187,2025-12-22,CLI0040,PROD0022,VEN011,SUC009,Presencial,11,475100,323600
VTA006188,2025-03-17,CLI0080,PROD0025,VEN003,SUC001,Presencial,12,75000,61300
VTA006189,2026-07-04,CLI0053,PROD0017,VEN001,SUC010,Telefónico,1,215400,149500
VTA006190,2026-02-09,CLI0018,PROD0015,VEN004,SUC004,Presencial,7,167900,107100
VTA006191,2025-06-20,CLI0044,PROD0040,VEN007,SUC003,Telefónico,1,232700,154000
VTA006192,2026-03-31,CLI0066,PROD0026,VEN018,SUC002,Presencial,7,492100,376900
VTA006193,2025-04-16,CLI0031,PROD0012,VEN015,SUC001,Presencial,3,449100,279800
VTA006194,2026-04-11,CLI0090,PROD0007,VEN001,SUC002,Presencial,6,627300,453000
VTA006195,2026-06-27,CLI0052,PROD0050,VEN013,SUC008,Web,2,271600,201600
VTA006196,2026-06-21,CLI0053,PROD0010,VEN004,SUC010,Web,9,338800,230500
VTA006197,2026-04-05,CLI0086,PROD0010,VEN002,SUC008,Presencial,9,304600,229100
VTA006198,2025-01-10,CLI0085,PROD0012,VEN004,SUC010,Presencial,6,400200,286000
VTA006199,2025-05-31,CLI0071,PROD0001,VEN001,SUC005,Web,5,404900,250200
VTA006200,2025-08-30,CLI0037,PROD0041,VEN003,SUC005,Telefónico,11,206700,136500
VTA006201,2025-05-26,CLI0096,PROD0046,VEN018,SUC001,Presencial,4,558500,361400
VTA006202,2025-07-02,CLI0013,PROD0022,VEN008,SUC007,Telefónico,4,475700,315500
VTA006203,2025-12-06,CLI0015,PROD0040,VEN001,SUC009,Web,4,208700,152300
VTA006204,2025-05-14,CLI0089,PROD0006,VEN008,SUC005,Presencial,2,275400,181700
VTA006205,2025-04-30,CLI0060,PROD0002,VEN020,SUC005,Presencial,7,445300,244900
VTA006206,2025-06-21,CLI0066,PROD0018,VEN005,SUC008,Presencial,11,193600,148400
VTA006207,2025-10-04,CLI0034,PROD0001,VEN009,SUC001,Presencial,3,397600,246200
VTA006208,2026-07-27,CLI0083,PROD0029,VEN013,SUC001,Presencial,6,649000,430300
VTA006209,2026-06-26,CLI0099,PROD0009,VEN013,SUC003,Telefónico,11,857900,461700
VTA006210,2026-02-01,CLI0034,PROD0042,VEN015,SUC006,Presencial,12,389000,283800
VTA006211,2025-11-24,CLI0096,PROD0028,VEN009,SUC001,Web,9,419200,273200
VTA006212,2025-04-17,CLI0043,PROD0050,VEN005,SUC009,Presencial,10,272100,202100
VTA006213,2025-07-31,CLI0048,PROD0043,VEN020,SUC008,Presencial,7,486600,359600
VTA006214,2026-04-17,CLI0064,PROD0007,VEN011,SUC010,Presencial,4,601400,450800
VTA006215,2025-01-08,CLI0087,PROD0014,VEN004,SUC009,Presencial,4,55300,42300
VTA006216,2025-11-25,CLI0046,PROD0033,VEN014,SUC010,Presencial,6,232300,171100
VTA006217,2025-05-14,CLI0086,PROD0039,VEN006,SUC003,Web,3,345600,219100
VTA006218,2026-03-27,CLI0091,PROD0043,VEN014,SUC003,Web,3,429200,362200
VTA006219,2025-01-25,CLI0010,PROD0037,VEN004,SUC009,Telefónico,7,263900,165800
VTA006220,2026-06-09,CLI0024,PROD0022,VEN003,SUC003,Presencial,5,471700,310800
VTA006221,2025-02-01,CLI0004,PROD0008,VEN006,SUC003,Presencial,1,666800,378200
VTA006222,2026-04-20,CLI0043,PROD0036,VEN009,SUC003,Telefónico,11,554100,318300
VTA006223,2026-06-24,CLI0048,PROD0010,VEN006,SUC007,Telefónico,3,324300,232800
VTA006224,2026-06-01,CLI0007,PROD0041,VEN016,SUC003,Presencial,5,212900,138300
VTA006225,2026-06-30,CLI0065,PROD0043,VEN009,SUC004,Web,5,476600,361900
VTA006226,2025-08-01,CLI0050,PROD0010,VEN008,SUC001,Telefónico,8,349600,225400
VTA006227,2026-02-03,CLI0090,PROD0029,VEN009,SUC004,Web,7,628300,416700
VTA006228,2025-01-25,CLI0014,PROD0001,VEN017,SUC009,Presencial,3,432300,252500
VTA006229,2026-02-25,CLI0095,PROD0034,VEN001,SUC007,Telefónico,7,587200,416700
VTA006230,2025-03-31,CLI0022,PROD0016,VEN009,SUC006,Telefónico,10,143100,113100
VTA006231,2026-06-02,CLI0099,PROD0045,VEN015,SUC005,Presencial,3,119800,91800
VTA006232,2025-10-11,CLI0005,PROD0046,VEN010,SUC003,Presencial,4,541600,363300
VTA006233,2025-10-03,CLI0090,PROD0050,VEN017,SUC002,Presencial,7,251200,202100
VTA006234,2026-04-01,CLI0085,PROD0007,VEN018,SUC008,Telefónico,6,581400,454300
VTA006235,2025-06-06,CLI0039,PROD0012,VEN009,SUC001,Telefónico,2,395100,277300
VTA006236,2026-03-04,CLI0042,PROD0011,VEN011,SUC003,Web,12,836500,686200
VTA006237,2025-02-08,CLI0027,PROD0002,VEN006,SUC010,Presencial,12,423100,247100
VTA006238,2026-01-05,CLI0069,PROD0018,VEN017,SUC009,Presencial,6,206700,149400
VTA006239,2025-07-11,CLI0057,PROD0009,VEN002,SUC009,Presencial,8,757500,472500
VTA006240,2025-02-23,CLI0022,PROD0022,VEN019,SUC009,Web,12,506900,318600
VTA006241,2025-06-09,CLI0100,PROD0030,VEN001,SUC003,Presencial,7,658900,445000
VTA006242,2025-01-05,CLI0080,PROD0013,VEN014,SUC008,Web,9,495000,390800
VTA006243,2025-01-31,CLI0067,PROD0015,VEN017,SUC002,Web,1,172800,109600
VTA006244,2025-06-30,CLI0005,PROD0025,VEN013,SUC006,Presencial,2,76600,60700
VTA006245,2025-11-29,CLI0042,PROD0041,VEN007,SUC006,Web,7,220200,136700
VTA006246,2025-03-08,CLI0064,PROD0036,VEN004,SUC009,Presencial,8,555300,315100
VTA006247,2025-10-17,CLI0017,PROD0047,VEN010,SUC003,Presencial,10,403000,351700
VTA006248,2026-06-30,CLI0058,PROD0017,VEN017,SUC005,Presencial,11,211500,145900
VTA006249,2025-05-30,CLI0066,PROD0047,VEN012,SUC004,Web,10,438000,352300
VTA006250,2026-05-17,CLI0001,PROD0042,VEN016,SUC003,Presencial,5,409000,274600
VTA006251,2026-02-28,CLI0025,PROD0029,VEN009,SUC004,Presencial,7,630100,415700
VTA006252,2025-03-09,CLI0040,PROD0004,VEN013,SUC010,Presencial,5,372000,300800
VTA006253,2026-06-16,CLI0092,PROD0030,VEN016,SUC007,Web,11,589800,439700
VTA006254,2025-07-06,CLI0026,PROD0016,VEN001,SUC001,Presencial,1,150500,113100
VTA006255,2026-06-14,CLI0084,PROD0049,VEN014,SUC002,Presencial,9,348100,248100
VTA006256,2026-01-07,CLI0045,PROD0013,VEN009,SUC006,Web,7,494500,404400
VTA006257,2026-06-11,CLI0038,PROD0025,VEN020,SUC003,Presencial,3,71800,60600
VTA006258,2026-02-18,CLI0013,PROD0020,VEN002,SUC004,Web,6,502700,405300
VTA006259,2026-03-29,CLI0054,PROD0047,VEN007,SUC005,Web,12,422400,347900
VTA006260,2025-10-24,CLI0076,PROD0034,VEN019,SUC005,Web,12,583100,418800
VTA006261,2025-11-04,CLI0063,PROD0022,VEN015,SUC005,Web,5,519100,324200
VTA006262,2026-03-11,CLI0051,PROD0045,VEN007,SUC010,Presencial,7,113800,91700
VTA006263,2025-08-12,CLI0093,PROD0027,VEN011,SUC008,Web,1,101800,76700
VTA006264,2025-11-03,CLI0074,PROD0005,VEN005,SUC007,Presencial,3,428200,306900
VTA006265,2026-01-04,CLI0005,PROD0015,VEN007,SUC001,Web,9,167000,106600
VTA006266,2025-04-20,CLI0026,PROD0017,VEN012,SUC007,Web,2,211500,151400
VTA006267,2026-02-12,CLI0008,PROD0046,VEN019,SUC003,Presencial,2,608500,355300
VTA006268,2026-07-03,CLI0074,PROD0031,VEN007,SUC005,Web,10,270600,201600
VTA006269,2026-05-06,CLI0091,PROD0026,VEN017,SUC007,Presencial,5,564200,376400
VTA006270,2025-06-14,CLI0060,PROD0050,VEN020,SUC004,Presencial,12,263000,207800
VTA006271,2025-11-14,CLI0004,PROD0031,VEN017,SUC001,Presencial,2,279700,198800
VTA006272,2025-04-09,CLI0099,PROD0049,VEN011,SUC008,Web,4,350200,246200
VTA006273,2025-09-23,CLI0018,PROD0011,VEN011,SUC007,Presencial,7,869300,686600
VTA006274,2025-11-16,CLI0046,PROD0037,VEN018,SUC005,Web,8,256600,167100
VTA006275,2026-01-11,CLI0083,PROD0047,VEN003,SUC002,Telefónico,3,413800,358100
VTA006276,2026-07-20,CLI0045,PROD0005,VEN016,SUC001,Web,12,434800,301700
VTA006277,2025-07-06,CLI0086,PROD0043,VEN015,SUC005,Presencial,5,492500,350200
VTA006278,2025-03-22,CLI0033,PROD0002,VEN013,SUC002,Web,11,443400,245700
VTA006279,2025-11-02,CLI0052,PROD0020,VEN004,SUC010,Web,5,545000,408800
VTA006280,2026-03-06,CLI0029,PROD0025,VEN004,SUC010,Web,10,79300,58800
VTA006281,2025-01-08,CLI0079,PROD0025,VEN006,SUC009,Presencial,6,74500,59600
VTA006282,2026-04-16,CLI0003,PROD0033,VEN014,SUC008,Telefónico,3,268900,175300
VTA006283,2026-07-08,CLI0079,PROD0038,VEN007,SUC002,Presencial,10,90100,59800
VTA006284,2026-02-25,CLI0036,PROD0039,VEN013,SUC006,Telefónico,7,302400,215400
VTA006285,2026-03-09,CLI0046,PROD0029,VEN014,SUC006,Web,2,638200,421600
VTA006286,2025-12-19,CLI0085,PROD0024,VEN002,SUC003,Telefónico,2,740500,589300
VTA006287,2025-10-10,CLI0071,PROD0027,VEN015,SUC003,Presencial,8,103600,77000
VTA006288,2025-09-01,CLI0032,PROD0032,VEN018,SUC009,Telefónico,6,289200,181600
VTA006289,2026-05-26,CLI0067,PROD0011,VEN014,SUC001,Presencial,7,859500,682900
VTA006290,2025-07-24,CLI0074,PROD0036,VEN017,SUC008,Presencial,6,525000,317500
VTA006291,2026-03-26,CLI0033,PROD0024,VEN010,SUC009,Presencial,4,784600,598700
VTA006292,2025-07-19,CLI0045,PROD0016,VEN005,SUC006,Web,2,152000,112700
VTA006293,2025-11-02,CLI0065,PROD0043,VEN002,SUC008,Presencial,5,478400,361400
VTA006294,2025-10-11,CLI0067,PROD0046,VEN019,SUC008,Presencial,1,584800,358200
VTA006295,2025-06-20,CLI0034,PROD0045,VEN009,SUC005,Presencial,4,128100,93200
VTA006296,2026-03-24,CLI0024,PROD0039,VEN020,SUC010,Presencial,1,309000,216800
VTA006297,2025-09-23,CLI0094,PROD0018,VEN001,SUC010,Presencial,6,199000,148600
VTA006298,2025-11-03,CLI0092,PROD0044,VEN001,SUC005,Telefónico,12,805100,586200
VTA006299,2025-08-16,CLI0074,PROD0012,VEN008,SUC006,Presencial,5,422000,283400
VTA006300,2025-09-27,CLI0023,PROD0004,VEN004,SUC005,Telefónico,5,398400,297600
VTA006301,2025-05-29,CLI0034,PROD0017,VEN013,SUC002,Web,10,226000,151500
VTA006302,2025-01-26,CLI0044,PROD0021,VEN006,SUC005,Presencial,12,796300,666700
VTA006303,2025-04-01,CLI0029,PROD0030,VEN011,SUC008,Web,8,637800,448800
VTA006304,2025-09-20,CLI0019,PROD0003,VEN010,SUC005,Presencial,9,87000,61500
VTA006305,2026-06-26,CLI0035,PROD0008,VEN014,SUC005,Presencial,8,679700,380800
VTA006306,2026-01-03,CLI0064,PROD0018,VEN008,SUC007,Presencial,7,208800,148100
VTA006307,2026-03-28,CLI0016,PROD0031,VEN002,SUC009,Telefónico,10,266800,202900
VTA006308,2025-03-27,CLI0022,PROD0030,VEN010,SUC001,Web,11,576600,445600
VTA006309,2026-01-28,CLI0053,PROD0040,VEN011,SUC003,Presencial,2,205200,148600
VTA006310,2025-04-03,CLI0033,PROD0047,VEN007,SUC007,Presencial,6,404100,360900
VTA006311,2025-10-17,CLI0059,PROD0002,VEN020,SUC007,Telefónico,1,460700,244100
VTA006312,2025-07-08,CLI0072,PROD0001,VEN007,SUC010,Web,10,383000,251300
VTA006313,2026-05-08,CLI0074,PROD0018,VEN015,SUC001,Presencial,2,205800,147200
VTA006314,2025-03-05,CLI0081,PROD0043,VEN009,SUC003,Presencial,11,429200,356600
VTA006315,2025-08-31,CLI0084,PROD0033,VEN016,SUC001,Presencial,11,262500,168700
VTA006316,2025-06-26,CLI0087,PROD0011,VEN016,SUC008,Web,3,885500,680300
VTA006317,2025-08-12,CLI0014,PROD0001,VEN010,SUC006,Web,6,391900,243500
VTA006318,2025-04-17,CLI0053,PROD0001,VEN004,SUC007,Web,10,377800,243800
VTA006319,2026-03-23,CLI0086,PROD0014,VEN015,SUC008,Presencial,3,57200,42900
VTA006320,2026-06-07,CLI0071,PROD0021,VEN009,SUC003,Presencial,9,816100,652000
VTA006321,2025-12-06,CLI0065,PROD0034,VEN014,SUC005,Presencial,5,534600,414600
VTA006322,2026-07-07,CLI0076,PROD0045,VEN018,SUC002,Web,5,118500,94000
VTA006323,2026-02-15,CLI0008,PROD0026,VEN020,SUC004,Web,12,567100,385800
VTA006324,2025-05-31,CLI0001,PROD0046,VEN009,SUC001,Web,8,520300,365500
VTA006325,2025-11-16,CLI0019,PROD0043,VEN015,SUC010,Web,12,450200,354900
VTA006326,2026-03-26,CLI0076,PROD0045,VEN017,SUC008,Web,8,112700,93100
VTA006327,2026-07-03,CLI0025,PROD0038,VEN011,SUC005,Presencial,10,94000,59900
VTA006328,2026-05-31,CLI0043,PROD0021,VEN001,SUC006,Presencial,3,894000,659200
VTA006329,2025-04-26,CLI0077,PROD0007,VEN003,SUC008,Presencial,8,565700,450800
VTA006330,2025-09-19,CLI0035,PROD0034,VEN013,SUC001,Presencial,3,542500,411500
VTA006331,2026-03-13,CLI0060,PROD0012,VEN013,SUC004,Web,1,398000,287700
VTA006332,2025-02-05,CLI0012,PROD0004,VEN009,SUC003,Web,5,365800,297300
VTA006333,2025-06-06,CLI0100,PROD0030,VEN010,SUC009,Presencial,4,632500,452800
VTA006334,2025-10-21,CLI0074,PROD0047,VEN005,SUC002,Presencial,5,461900,360500
VTA006335,2025-03-23,CLI0058,PROD0002,VEN019,SUC010,Presencial,12,426200,246400
VTA006336,2025-09-17,CLI0025,PROD0035,VEN004,SUC010,Presencial,3,763400,447600
VTA006337,2026-04-16,CLI0098,PROD0022,VEN007,SUC006,Web,1,458200,314000
VTA006338,2025-02-13,CLI0089,PROD0024,VEN009,SUC007,Telefónico,2,719400,581800
VTA006339,2025-07-23,CLI0093,PROD0013,VEN016,SUC008,Presencial,4,508400,392900
VTA006340,2026-06-16,CLI0081,PROD0042,VEN006,SUC010,Presencial,4,378800,282600
VTA006341,2026-03-29,CLI0076,PROD0021,VEN015,SUC008,Presencial,4,880700,671800
VTA006342,2025-03-12,CLI0082,PROD0026,VEN013,SUC008,Presencial,5,555600,392000
VTA006343,2025-10-13,CLI0016,PROD0047,VEN020,SUC002,Presencial,9,444800,349200
VTA006344,2025-05-01,CLI0043,PROD0025,VEN007,SUC009,Web,5,70400,59000
VTA006345,2025-04-05,CLI0099,PROD0033,VEN018,SUC006,Telefónico,2,255400,176500
VTA006346,2026-06-05,CLI0071,PROD0026,VEN007,SUC007,Presencial,11,544600,388600
VTA006347,2025-04-21,CLI0051,PROD0022,VEN010,SUC001,Presencial,3,510900,310600
VTA006348,2025-01-12,CLI0033,PROD0045,VEN015,SUC004,Web,8,116000,95000
VTA006349,2025-08-29,CLI0014,PROD0037,VEN017,SUC006,Web,10,237700,167100
VTA006350,2026-01-12,CLI0023,PROD0010,VEN007,SUC008,Presencial,1,338400,233700
VTA006351,2025-03-31,CLI0004,PROD0034,VEN008,SUC007,Presencial,10,561700,412300
VTA006352,2025-05-17,CLI0032,PROD0007,VEN001,SUC007,Web,12,578900,461100
VTA006353,2025-08-24,CLI0071,PROD0018,VEN010,SUC006,Presencial,9,204100,151700
VTA006354,2026-03-19,CLI0031,PROD0023,VEN017,SUC010,Web,9,592100,405700
VTA006355,2025-03-26,CLI0014,PROD0008,VEN013,SUC010,Presencial,10,660300,378200
VTA006356,2026-04-21,CLI0063,PROD0036,VEN011,SUC002,Web,11,514300,317000
VTA006357,2025-09-19,CLI0036,PROD0015,VEN014,SUC003,Web,12,170000,110100
VTA006358,2025-07-08,CLI0017,PROD0034,VEN020,SUC007,Web,11,562600,415700
VTA006359,2026-07-07,CLI0022,PROD0004,VEN002,SUC008,Web,1,407400,297100
VTA006360,2025-08-28,CLI0026,PROD0046,VEN012,SUC002,Presencial,2,523000,354800
VTA006361,2025-04-11,CLI0040,PROD0006,VEN010,SUC006,Presencial,10,267100,185600
VTA006362,2026-06-21,CLI0029,PROD0021,VEN005,SUC007,Web,3,858500,647800
VTA006363,2026-05-13,CLI0071,PROD0011,VEN013,SUC010,Telefónico,10,853900,667300
VTA006364,2026-06-08,CLI0002,PROD0042,VEN013,SUC003,Web,8,394400,273800
VTA006365,2025-02-13,CLI0097,PROD0028,VEN017,SUC002,Telefónico,1,428200,268900
VTA006366,2025-11-23,CLI0099,PROD0043,VEN018,SUC005,Web,9,467000,362700
VTA006367,2025-05-25,CLI0067,PROD0023,VEN006,SUC007,Presencial,1,621400,407900
VTA006368,2026-04-20,CLI0030,PROD0041,VEN015,SUC005,Presencial,12,218700,137300
VTA006369,2026-04-11,CLI0008,PROD0037,VEN014,SUC004,Web,3,234900,166200
VTA006370,2025-03-28,CLI0086,PROD0040,VEN003,SUC008,Telefónico,9,212600,148000
VTA006371,2025-02-20,CLI0038,PROD0033,VEN015,SUC004,Web,12,270300,173300
VTA006372,2025-11-22,CLI0095,PROD0008,VEN009,SUC004,Presencial,4,657500,391300
VTA006373,2025-12-03,CLI0094,PROD0034,VEN009,SUC003,Telefónico,9,563700,417600
VTA006374,2026-02-03,CLI0069,PROD0001,VEN010,SUC010,Web,9,399800,245300
VTA006375,2025-12-11,CLI0056,PROD0033,VEN011,SUC009,Web,10,270200,175200
VTA006376,2025-11-02,CLI0096,PROD0005,VEN004,SUC003,Presencial,5,439600,296900
VTA006377,2025-06-29,CLI0020,PROD0002,VEN002,SUC010,Web,8,467500,245300
VTA006378,2025-08-11,CLI0088,PROD0007,VEN009,SUC010,Presencial,8,597600,448000
VTA006379,2026-03-02,CLI0037,PROD0022,VEN014,SUC007,Presencial,12,462100,310200
VTA006380,2025-02-04,CLI0083,PROD0045,VEN005,SUC002,Presencial,11,120800,92000
VTA006381,2026-07-27,CLI0016,PROD0011,VEN004,SUC005,Presencial,7,839000,683200
VTA006382,2025-12-10,CLI0086,PROD0006,VEN008,SUC005,Web,4,284100,186200
VTA006383,2026-03-08,CLI0033,PROD0025,VEN017,SUC008,Web,9,70400,58900
VTA006384,2025-01-15,CLI0083,PROD0043,VEN003,SUC005,Presencial,8,479700,358200
VTA006385,2025-05-24,CLI0099,PROD0023,VEN016,SUC009,Presencial,6,566700,397500
VTA006386,2026-07-15,CLI0017,PROD0043,VEN017,SUC007,Presencial,9,460800,366900
VTA006387,2026-06-27,CLI0025,PROD0037,VEN018,SUC002,Web,3,231200,161100
VTA006388,2025-08-06,CLI0055,PROD0021,VEN018,SUC010,Web,1,854900,653800
VTA006389,2026-06-13,CLI0072,PROD0026,VEN014,SUC003,Presencial,1,497500,386700
VTA006390,2026-01-08,CLI0027,PROD0027,VEN002,SUC003,Presencial,3,111400,77100
VTA006391,2025-11-03,CLI0075,PROD0034,VEN009,SUC010,Presencial,5,576500,409400
VTA006392,2025-10-10,CLI0039,PROD0008,VEN019,SUC009,Web,1,637100,378100
VTA006393,2026-05-07,CLI0003,PROD0047,VEN004,SUC003,Web,3,452100,365400
VTA006394,2026-04-11,CLI0027,PROD0002,VEN008,SUC005,Web,8,420400,244000
VTA006395,2026-07-30,CLI0076,PROD0046,VEN007,SUC005,Telefónico,2,597500,350700
VTA006396,2026-03-25,CLI0062,PROD0021,VEN009,SUC005,Web,12,866900,647300
VTA006397,2026-07-10,CLI0006,PROD0006,VEN017,SUC007,Web,5,279700,181300
VTA006398,2025-10-12,CLI0008,PROD0010,VEN002,SUC006,Presencial,10,319400,232100
VTA006399,2025-12-14,CLI0043,PROD0045,VEN015,SUC008,Web,1,118000,94500
VTA006400,2026-06-10,CLI0028,PROD0045,VEN003,SUC001,Telefónico,11,120900,91600
VTA006401,2026-01-19,CLI0003,PROD0037,VEN016,SUC002,Telefónico,4,246300,166700
VTA006402,2025-03-31,CLI0075,PROD0025,VEN007,SUC009,Telefónico,10,79900,61200
VTA006403,2026-07-04,CLI0010,PROD0038,VEN010,SUC006,Presencial,3,93800,59900
VTA006404,2025-03-26,CLI0011,PROD0013,VEN006,SUC003,Telefónico,12,483500,391200
VTA006405,2025-10-09,CLI0080,PROD0048,VEN017,SUC001,Web,6,18400,12700
VTA006406,2025-12-04,CLI0095,PROD0036,VEN011,SUC005,Telefónico,11,533300,325300
VTA006407,2026-01-31,CLI0024,PROD0034,VEN015,SUC003,Web,2,528300,406100
VTA006408,2025-11-01,CLI0029,PROD0006,VEN017,SUC004,Web,2,292900,186000
VTA006409,2025-09-06,CLI0008,PROD0031,VEN016,SUC002,Web,3,288600,204800
VTA006410,2026-02-09,CLI0079,PROD0031,VEN015,SUC002,Presencial,4,262400,199400
VTA006411,2025-07-05,CLI0098,PROD0036,VEN009,SUC003,Web,11,500600,321500
VTA006412,2025-06-10,CLI0049,PROD0019,VEN009,SUC009,Presencial,10,683300,473700
VTA006413,2026-06-16,CLI0045,PROD0026,VEN009,SUC005,Presencial,6,557100,392500
VTA006414,2025-10-06,CLI0021,PROD0042,VEN001,SUC003,Presencial,7,360400,275000
VTA006415,2025-10-06,CLI0048,PROD0042,VEN007,SUC004,Web,9,380400,279800
VTA006416,2026-07-03,CLI0095,PROD0050,VEN010,SUC005,Web,8,279800,207400
VTA006417,2025-03-28,CLI0007,PROD0040,VEN016,SUC006,Web,1,229500,153500
VTA006418,2025-09-30,CLI0081,PROD0004,VEN013,SUC009,Presencial,1,353200,293000
VTA006419,2026-05-16,CLI0036,PROD0009,VEN020,SUC005,Presencial,11,857400,463700
VTA006420,2025-09-14,CLI0028,PROD0011,VEN014,SUC004,Telefónico,9,861900,695300
VTA006421,2026-06-19,CLI0091,PROD0013,VEN016,SUC007,Web,1,477900,391900
VTA006422,2026-04-21,CLI0062,PROD0004,VEN008,SUC008,Web,11,387500,293700
VTA006423,2026-06-11,CLI0081,PROD0038,VEN006,SUC009,Presencial,7,101900,58600
VTA006424,2026-03-24,CLI0052,PROD0026,VEN015,SUC004,Web,4,494800,391700
VTA006425,2025-10-07,CLI0011,PROD0041,VEN017,SUC001,Web,4,216600,142100
VTA006426,2026-06-11,CLI0026,PROD0007,VEN007,SUC002,Telefónico,10,567900,452200
VTA006427,2025-12-09,CLI0007,PROD0036,VEN011,SUC005,Telefónico,1,557900,320900
VTA006428,2025-10-22,CLI0001,PROD0038,VEN012,SUC003,Web,8,101200,57700
VTA006429,2026-03-26,CLI0084,PROD0026,VEN004,SUC002,Web,12,546700,391300
VTA006430,2026-07-03,CLI0056,PROD0049,VEN004,SUC001,Telefónico,2,324800,251000
VTA006431,2025-03-06,CLI0084,PROD0043,VEN017,SUC008,Telefónico,8,485000,363900
VTA006432,2025-10-27,CLI0052,PROD0006,VEN018,SUC003,Presencial,10,256800,181700
VTA006433,2026-07-20,CLI0050,PROD0005,VEN003,SUC003,Web,9,429300,306100
VTA006434,2026-07-14,CLI0036,PROD0033,VEN020,SUC002,Web,1,251000,174400
VTA006435,2025-01-11,CLI0083,PROD0039,VEN017,SUC002,Presencial,8,323300,214600
VTA006436,2025-10-15,CLI0051,PROD0038,VEN008,SUC005,Telefónico,6,99700,58700
VTA006437,2025-10-18,CLI0065,PROD0048,VEN017,SUC003,Presencial,2,21000,12700
VTA006438,2025-08-29,CLI0040,PROD0016,VEN017,SUC006,Presencial,9,137000,110400
VTA006439,2025-03-17,CLI0003,PROD0006,VEN020,SUC007,Web,9,260100,178600
VTA006440,2025-12-07,CLI0039,PROD0042,VEN013,SUC007,Telefónico,10,384400,282900
VTA006441,2026-06-01,CLI0011,PROD0025,VEN015,SUC004,Presencial,2,75600,60200
VTA006442,2025-11-02,CLI0013,PROD0017,VEN014,SUC001,Presencial,4,215100,147000
VTA006443,2025-08-31,CLI0006,PROD0011,VEN010,SUC003,Telefónico,8,826300,694400
VTA006444,2026-02-21,CLI0007,PROD0036,VEN007,SUC007,Presencial,8,499900,315800
VTA006445,2026-03-18,CLI0001,PROD0009,VEN020,SUC007,Presencial,7,841600,476600
VTA006446,2025-08-07,CLI0092,PROD0029,VEN007,SUC009,Web,9,685500,420200
VTA006447,2026-03-02,CLI0059,PROD0038,VEN012,SUC010,Web,3,102400,58900
VTA006448,2026-02-18,CLI0003,PROD0010,VEN015,SUC007,Presencial,9,333500,229600
VTA006449,2025-09-03,CLI0002,PROD0036,VEN003,SUC009,Web,4,488600,319100
VTA006450,2026-03-06,CLI0011,PROD0002,VEN012,SUC006,Presencial,7,465100,246600
VTA006451,2026-02-04,CLI0035,PROD0022,VEN009,SUC010,Presencial,8,507400,320200
VTA006452,2026-03-24,CLI0066,PROD0002,VEN010,SUC004,Web,3,413400,247100
VTA006453,2025-10-07,CLI0099,PROD0042,VEN013,SUC005,Web,6,376100,275500
VTA006454,2026-03-28,CLI0075,PROD0003,VEN005,SUC001,Presencial,9,82100,61000
VTA006455,2025-01-27,CLI0041,PROD0016,VEN014,SUC002,Presencial,8,153600,112800
VTA006456,2026-04-02,CLI0076,PROD0024,VEN019,SUC003,Presencial,9,691900,598800
VTA006457,2026-04-20,CLI0005,PROD0044,VEN004,SUC002,Telefónico,5,744900,600600
VTA006458,2025-06-08,CLI0069,PROD0017,VEN020,SUC001,Web,10,212100,151000
VTA006459,2026-06-13,CLI0060,PROD0049,VEN009,SUC006,Telefónico,6,364700,243700
VTA006460,2026-04-14,CLI0057,PROD0029,VEN017,SUC006,Presencial,11,713800,416200
VTA006461,2025-04-24,CLI0003,PROD0020,VEN020,SUC008,Presencial,9,494400,400000
VTA006462,2026-03-23,CLI0014,PROD0048,VEN001,SUC008,Web,5,21600,13000
VTA006463,2025-12-13,CLI0025,PROD0007,VEN004,SUC003,Web,10,614900,446200
VTA006464,2025-11-17,CLI0053,PROD0017,VEN009,SUC007,Web,9,199200,150100
VTA006465,2026-01-12,CLI0083,PROD0034,VEN007,SUC006,Presencial,4,572400,417700
VTA006466,2025-07-19,CLI0054,PROD0030,VEN020,SUC002,Web,8,569200,446400
VTA006467,2025-07-20,CLI0064,PROD0047,VEN017,SUC005,Presencial,3,417000,356600
VTA006468,2026-01-03,CLI0008,PROD0005,VEN001,SUC007,Telefónico,9,424300,311700
VTA006469,2026-06-10,CLI0054,PROD0045,VEN020,SUC002,Web,6,112300,94800
VTA006470,2025-01-08,CLI0013,PROD0033,VEN018,SUC001,Web,6,247900,172300
VTA006471,2026-01-06,CLI0094,PROD0021,VEN005,SUC002,Web,9,800700,670000
VTA006472,2025-10-03,CLI0077,PROD0016,VEN009,SUC008,Telefónico,1,148300,110800
VTA006473,2025-02-08,CLI0095,PROD0025,VEN019,SUC005,Presencial,12,79400,59300
VTA006474,2025-10-21,CLI0089,PROD0011,VEN016,SUC002,Web,12,896900,666700
VTA006475,2025-12-25,CLI0076,PROD0050,VEN009,SUC004,Presencial,1,271000,207700
VTA006476,2025-08-31,CLI0066,PROD0031,VEN007,SUC009,Web,2,267000,205100
VTA006477,2025-05-17,CLI0041,PROD0033,VEN007,SUC006,Web,1,251000,174100
VTA006478,2025-04-04,CLI0018,PROD0012,VEN020,SUC003,Presencial,6,427800,287200
VTA006479,2026-06-25,CLI0072,PROD0009,VEN018,SUC004,Web,9,859900,465600
VTA006480,2025-12-21,CLI0088,PROD0041,VEN004,SUC004,Telefónico,6,205900,136800
VTA006481,2025-05-12,CLI0089,PROD0002,VEN001,SUC008,Web,6,436500,240900
VTA006482,2026-04-22,CLI0037,PROD0009,VEN002,SUC003,Web,11,764700,467200
VTA006483,2026-01-01,CLI0033,PROD0031,VEN006,SUC008,Web,8,259700,198300
VTA006484,2025-08-26,CLI0096,PROD0050,VEN008,SUC005,Presencial,4,256000,203700
VTA006485,2026-02-09,CLI0021,PROD0030,VEN016,SUC001,Presencial,6,590700,444000
VTA006486,2025-10-21,CLI0040,PROD0045,VEN013,SUC001,Web,10,122400,91300
VTA006487,2025-03-09,CLI0062,PROD0016,VEN001,SUC003,Web,9,135600,112300
VTA006488,2026-06-06,CLI0083,PROD0016,VEN008,SUC005,Web,6,149700,110500
VTA006489,2026-04-16,CLI0019,PROD0047,VEN012,SUC007,Presencial,4,416200,352100
VTA006490,2026-02-13,CLI0088,PROD0035,VEN012,SUC001,Web,4,742000,449500
VTA006491,2025-04-22,CLI0078,PROD0009,VEN006,SUC010,Web,2,838100,457800
VTA006492,2026-01-23,CLI0009,PROD0013,VEN009,SUC003,Presencial,9,515700,398100
VTA006493,2026-04-06,CLI0016,PROD0028,VEN019,SUC009,Web,2,449600,269300
VTA006494,2025-03-30,CLI0013,PROD0033,VEN015,SUC008,Presencial,1,264800,172900
VTA006495,2026-02-01,CLI0080,PROD0004,VEN016,SUC004,Presencial,3,406200,296300
VTA006496,2025-01-15,CLI0086,PROD0009,VEN009,SUC006,Presencial,10,837900,476300
VTA006497,2026-02-11,CLI0009,PROD0009,VEN005,SUC007,Presencial,6,856400,461100
VTA006498,2025-09-12,CLI0065,PROD0008,VEN005,SUC005,Telefónico,7,671100,379100
VTA006499,2026-02-07,CLI0068,PROD0006,VEN017,SUC010,Telefónico,9,273700,183400
VTA006500,2026-07-13,CLI0011,PROD0011,VEN013,SUC006,Web,8,895300,691100
VTA006501,2025-08-16,CLI0051,PROD0016,VEN007,SUC006,Presencial,7,146600,114000
VTA006502,2026-07-23,CLI0022,PROD0033,VEN007,SUC003,Telefónico,2,258100,172600
VTA006503,2026-02-20,CLI0023,PROD0008,VEN018,SUC001,Web,5,588400,378300
VTA006504,2025-01-24,CLI0089,PROD0036,VEN003,SUC005,Presencial,8,509800,320700
VTA006505,2026-07-31,CLI0052,PROD0046,VEN001,SUC009,Presencial,9,608300,357700
VTA006506,2026-05-04,CLI0034,PROD0043,VEN004,SUC005,Telefónico,8,454100,353300
VTA006507,2025-06-02,CLI0003,PROD0018,VEN016,SUC005,Presencial,12,196900,149600
VTA006508,2026-05-27,CLI0010,PROD0024,VEN014,SUC008,Web,4,738100,587600
VTA006509,2025-03-15,CLI0033,PROD0049,VEN020,SUC003,Presencial,11,353700,253400
VTA006510,2025-05-27,CLI0045,PROD0049,VEN017,SUC005,Telefónico,7,346400,245400
VTA006511,2025-01-28,CLI0006,PROD0002,VEN018,SUC001,Presencial,3,468000,241500
VTA006512,2026-07-25,CLI0065,PROD0001,VEN019,SUC004,Presencial,2,383900,250500
VTA006513,2025-09-14,CLI0068,PROD0004,VEN006,SUC003,Presencial,2,405600,294900
VTA006514,2025-04-15,CLI0003,PROD0034,VEN019,SUC010,Presencial,7,564100,403600
VTA006515,2026-02-10,CLI0098,PROD0010,VEN014,SUC010,Presencial,3,345400,230900
VTA006516,2025-05-27,CLI0044,PROD0047,VEN012,SUC009,Presencial,6,425400,357500
VTA006517,2025-02-08,CLI0048,PROD0025,VEN006,SUC008,Presencial,4,75000,60000
VTA006518,2025-09-24,CLI0073,PROD0005,VEN012,SUC004,Web,7,463700,311400
VTA006519,2026-02-08,CLI0003,PROD0004,VEN016,SUC010,Telefónico,4,407200,298500
VTA006520,2026-01-15,CLI0066,PROD0026,VEN012,SUC010,Presencial,7,552600,393100
VTA006521,2025-01-16,CLI0085,PROD0024,VEN012,SUC006,Presencial,6,728900,582700
VTA006522,2025-05-20,CLI0046,PROD0017,VEN003,SUC002,Web,9,213100,149900
VTA006523,2026-05-25,CLI0040,PROD0028,VEN014,SUC006,Presencial,12,451600,278300
VTA006524,2026-04-23,CLI0033,PROD0042,VEN004,SUC002,Web,11,405800,279600
VTA006525,2025-06-29,CLI0032,PROD0031,VEN013,SUC007,Presencial,3,273300,205500
VTA006526,2026-03-09,CLI0044,PROD0045,VEN015,SUC002,Web,10,122700,94100
VTA006527,2026-03-05,CLI0093,PROD0033,VEN012,SUC008,Web,10,265200,169400
VTA006528,2025-04-17,CLI0091,PROD0037,VEN019,SUC008,Presencial,1,245000,163300
VTA006529,2026-06-08,CLI0028,PROD0011,VEN016,SUC004,Presencial,4,848300,669000
VTA006530,2025-03-29,CLI0080,PROD0030,VEN012,SUC003,Telefónico,1,633400,439900
VTA006531,2025-09-15,CLI0004,PROD0026,VEN009,SUC006,Presencial,3,553900,389900
VTA006532,2026-06-25,CLI0012,PROD0018,VEN020,SUC003,Web,12,195100,148100
VTA006533,2026-07-11,CLI0056,PROD0012,VEN017,SUC003,Web,3,452100,289000
VTA006534,2025-07-19,CLI0013,PROD0019,VEN017,SUC009,Presencial,4,699300,474200
VTA006535,2025-02-27,CLI0006,PROD0039,VEN018,SUC005,Telefónico,5,340200,212900
VTA006536,2026-03-18,CLI0005,PROD0006,VEN004,SUC001,Telefónico,11,260700,182100
VTA006537,2025-04-27,CLI0043,PROD0031,VEN006,SUC009,Web,10,286800,202400
VTA006538,2025-01-02,CLI0020,PROD0038,VEN007,SUC008,Presencial,2,92700,58700
VTA006539,2025-02-17,CLI0069,PROD0043,VEN008,SUC010,Web,7,465200,351000
VTA006540,2025-11-28,CLI0069,PROD0007,VEN015,SUC005,Telefónico,7,590500,445900
VTA006541,2025-10-10,CLI0023,PROD0013,VEN012,SUC010,Presencial,1,526700,394300
VTA006542,2025-10-05,CLI0028,PROD0003,VEN011,SUC004,Web,5,89600,62200
VTA006543,2025-03-30,CLI0080,PROD0027,VEN007,SUC010,Web,11,111900,77200
VTA006544,2025-03-18,CLI0027,PROD0020,VEN009,SUC004,Web,4,476700,412400
VTA006545,2025-08-30,CLI0044,PROD0028,VEN018,SUC004,Presencial,11,473800,275700
VTA006546,2026-05-27,CLI0025,PROD0030,VEN010,SUC006,Telefónico,3,656000,441900
VTA006547,2025-10-25,CLI0089,PROD0041,VEN019,SUC005,Telefónico,6,193400,142800
VTA006548,2026-04-23,CLI0079,PROD0022,VEN008,SUC010,Telefónico,5,511200,315400
VTA006549,2025-11-10,CLI0072,PROD0037,VEN006,SUC008,Telefónico,5,252000,165000
VTA006550,2025-07-11,CLI0012,PROD0001,VEN013,SUC005,Presencial,11,435600,251800
VTA006551,2025-08-09,CLI0076,PROD0023,VEN009,SUC007,Web,11,577900,408900
VTA006552,2026-05-24,CLI0015,PROD0010,VEN002,SUC010,Presencial,7,325600,224200
VTA006553,2026-01-20,CLI0088,PROD0007,VEN011,SUC004,Presencial,9,602800,451600
VTA006554,2025-10-26,CLI0055,PROD0032,VEN019,SUC004,Web,12,329500,183900
VTA006555,2025-12-21,CLI0075,PROD0001,VEN012,SUC010,Web,11,426700,243200
VTA006556,2026-02-24,CLI0036,PROD0019,VEN006,SUC005,Presencial,2,659900,463400
VTA006557,2025-02-16,CLI0012,PROD0006,VEN002,SUC010,Web,1,265100,183400
VTA006558,2025-08-13,CLI0048,PROD0010,VEN010,SUC006,Web,11,349200,225000
VTA006559,2026-05-24,CLI0074,PROD0031,VEN019,SUC007,Web,4,291000,197000
VTA006560,2025-05-17,CLI0037,PROD0031,VEN019,SUC007,Telefónico,3,276400,198100
VTA006561,2025-01-20,CLI0100,PROD0037,VEN009,SUC002,Telefónico,6,264100,161100
VTA006562,2025-03-25,CLI0064,PROD0002,VEN006,SUC005,Web,11,448900,236700
VTA006563,2025-11-26,CLI0061,PROD0046,VEN016,SUC010,Presencial,11,568800,353100
VTA006564,2026-05-12,CLI0097,PROD0016,VEN011,SUC008,Web,7,139500,114100
VTA006565,2026-05-08,CLI0004,PROD0041,VEN007,SUC005,Web,2,206800,138700
VTA006566,2025-12-04,CLI0099,PROD0004,VEN017,SUC005,Telefónico,7,372300,298000
VTA006567,2025-10-14,CLI0099,PROD0044,VEN003,SUC009,Web,1,776700,587400
VTA006568,2026-05-22,CLI0078,PROD0034,VEN018,SUC006,Telefónico,10,569900,417100
VTA006569,2025-02-14,CLI0048,PROD0045,VEN007,SUC003,Web,3,112800,92200
VTA006570,2026-07-20,CLI0052,PROD0020,VEN003,SUC003,Presencial,6,526100,406000
VTA006571,2026-05-12,CLI0023,PROD0012,VEN013,SUC002,Presencial,2,406500,285800
VTA006572,2026-07-07,CLI0093,PROD0007,VEN005,SUC004,Web,10,625700,445400
VTA006573,2025-12-21,CLI0050,PROD0036,VEN017,SUC010,Web,11,502400,319500
VTA006574,2026-06-22,CLI0016,PROD0047,VEN008,SUC001,Web,11,419900,361500
VTA006575,2026-01-03,CLI0003,PROD0010,VEN020,SUC003,Presencial,12,330400,231500
VTA006576,2026-01-14,CLI0028,PROD0016,VEN010,SUC009,Presencial,11,143000,111200
VTA006577,2025-02-25,CLI0098,PROD0048,VEN015,SUC010,Presencial,2,20400,12700
VTA006578,2026-03-05,CLI0027,PROD0023,VEN008,SUC010,Web,5,654700,396300
VTA006579,2025-09-14,CLI0032,PROD0011,VEN009,SUC001,Presencial,2,907500,691800
VTA006580,2025-07-31,CLI0083,PROD0028,VEN001,SUC001,Presencial,6,462700,281200
VTA006581,2025-01-18,CLI0079,PROD0040,VEN010,SUC008,Telefónico,5,223200,153300
VTA006582,2025-06-04,CLI0046,PROD0040,VEN002,SUC001,Web,8,227400,152600
VTA006583,2025-04-24,CLI0091,PROD0047,VEN012,SUC006,Web,12,419700,355500
VTA006584,2025-03-31,CLI0008,PROD0028,VEN010,SUC001,Web,3,477700,276800
VTA006585,2026-04-12,CLI0075,PROD0034,VEN012,SUC002,Web,9,566400,416500
VTA006586,2025-08-04,CLI0012,PROD0033,VEN014,SUC010,Telefónico,8,242500,172700
VTA006587,2026-07-13,CLI0010,PROD0034,VEN013,SUC006,Web,12,523200,406800
VTA006588,2025-08-16,CLI0060,PROD0045,VEN012,SUC009,Telefónico,12,115600,94500
VTA006589,2026-04-07,CLI0090,PROD0019,VEN001,SUC001,Web,3,689400,469800
VTA006590,2026-06-24,CLI0077,PROD0020,VEN011,SUC004,Telefónico,12,537000,412700
VTA006591,2025-02-10,CLI0086,PROD0009,VEN011,SUC005,Web,4,833000,475100
VTA006592,2026-03-23,CLI0044,PROD0029,VEN006,SUC007,Presencial,9,637500,424600
VTA006593,2026-04-09,CLI0090,PROD0039,VEN013,SUC002,Web,7,326000,214300
VTA006594,2026-06-17,CLI0082,PROD0009,VEN003,SUC002,Web,8,783300,463800
VTA006595,2025-06-28,CLI0099,PROD0007,VEN003,SUC002,Presencial,6,584500,465400
VTA006596,2025-03-25,CLI0082,PROD0003,VEN018,SUC005,Presencial,4,83700,60100
VTA006597,2025-03-16,CLI0095,PROD0012,VEN020,SUC001,Web,3,441700,276200
VTA006598,2025-06-14,CLI0077,PROD0039,VEN003,SUC004,Presencial,11,352700,214300
VTA006599,2025-05-12,CLI0028,PROD0008,VEN017,SUC008,Web,7,619800,393500
VTA006600,2025-06-15,CLI0060,PROD0040,VEN012,SUC006,Presencial,4,215800,153100
VTA006601,2026-07-29,CLI0048,PROD0007,VEN018,SUC001,Web,6,551300,446900
VTA006602,2025-01-12,CLI0011,PROD0019,VEN008,SUC001,Web,1,738600,476400
VTA006603,2026-03-19,CLI0028,PROD0033,VEN002,SUC002,Presencial,6,238700,173500
VTA006604,2026-03-31,CLI0049,PROD0010,VEN015,SUC001,Presencial,7,336900,233900
VTA006605,2025-05-13,CLI0002,PROD0007,VEN016,SUC010,Presencial,12,558800,463200
VTA006606,2025-01-07,CLI0048,PROD0028,VEN014,SUC007,Presencial,4,461700,278900
VTA006607,2025-03-26,CLI0095,PROD0003,VEN008,SUC010,Telefónico,1,79900,59600
VTA006608,2025-04-26,CLI0061,PROD0023,VEN015,SUC010,Web,4,634200,411300
VTA006609,2026-04-21,CLI0051,PROD0031,VEN010,SUC001,Presencial,11,265600,199500
VTA006610,2025-03-16,CLI0085,PROD0019,VEN009,SUC008,Presencial,10,735500,481500
VTA006611,2026-05-06,CLI0069,PROD0035,VEN011,SUC005,Web,9,706600,443300
VTA006612,2025-03-16,CLI0028,PROD0028,VEN007,SUC008,Presencial,12,447200,271600
VTA006613,2025-09-24,CLI0100,PROD0011,VEN007,SUC002,Presencial,12,904400,682700
VTA006614,2025-09-05,CLI0073,PROD0044,VEN002,SUC004,Presencial,4,739500,609100
VTA006615,2026-03-22,CLI0004,PROD0020,VEN009,SUC001,Web,10,553100,416300
VTA006616,2025-08-26,CLI0014,PROD0032,VEN009,SUC003,Presencial,12,310200,185300
VTA006617,2025-10-08,CLI0067,PROD0003,VEN003,SUC001,Web,5,88000,60500
VTA006618,2026-01-08,CLI0069,PROD0004,VEN018,SUC001,Presencial,4,365000,294300
VTA006619,2026-04-20,CLI0094,PROD0046,VEN012,SUC002,Presencial,6,582000,362800
VTA006620,2026-07-27,CLI0094,PROD0020,VEN003,SUC008,Presencial,10,511000,407500
VTA006621,2026-01-16,CLI0015,PROD0011,VEN015,SUC006,Web,12,823500,675000
VTA006622,2026-07-18,CLI0042,PROD0033,VEN018,SUC007,Web,5,247900,172800
VTA006623,2026-01-03,CLI0048,PROD0036,VEN011,SUC003,Web,11,489400,317600
VTA006624,2025-02-09,CLI0006,PROD0032,VEN010,SUC010,Web,3,315800,184000
VTA006625,2025-10-17,CLI0073,PROD0049,VEN009,SUC006,Web,1,352100,242000
VTA006626,2026-05-24,CLI0012,PROD0009,VEN009,SUC005,Web,4,793700,464500
VTA006627,2026-01-03,CLI0095,PROD0032,VEN002,SUC002,Presencial,5,300600,185300
VTA006628,2026-07-28,CLI0048,PROD0006,VEN008,SUC007,Web,4,292000,183300
VTA006629,2025-07-08,CLI0075,PROD0025,VEN015,SUC007,Web,6,71100,60400
VTA006630,2026-03-06,CLI0064,PROD0019,VEN008,SUC004,Web,11,637800,466200
VTA006631,2026-04-20,CLI0050,PROD0035,VEN013,SUC004,Presencial,5,739400,451700
VTA006632,2025-09-29,CLI0081,PROD0001,VEN016,SUC010,Web,9,388900,247700
VTA006633,2026-02-11,CLI0073,PROD0040,VEN012,SUC010,Web,3,223200,148500
VTA006634,2025-08-24,CLI0068,PROD0029,VEN011,SUC009,Web,4,667500,417600
VTA006635,2025-05-12,CLI0026,PROD0020,VEN013,SUC005,Presencial,8,500900,413700
VTA006636,2025-01-01,CLI0022,PROD0020,VEN008,SUC006,Presencial,5,543200,399400
VTA006637,2026-06-12,CLI0087,PROD0039,VEN010,SUC003,Web,12,328400,214700
VTA006638,2026-06-11,CLI0059,PROD0017,VEN012,SUC007,Web,6,207000,148900
VTA006639,2026-01-02,CLI0062,PROD0016,VEN002,SUC001,Web,3,151900,113100
VTA006640,2025-11-09,CLI0006,PROD0029,VEN003,SUC005,Web,6,691700,422100
VTA006641,2026-04-07,CLI0088,PROD0001,VEN019,SUC008,Presencial,4,383300,248900
VTA006642,2025-01-03,CLI0041,PROD0016,VEN010,SUC001,Web,5,144200,111000
VTA006643,2025-09-22,CLI0096,PROD0030,VEN015,SUC010,Web,2,582700,446200
VTA006644,2025-12-06,CLI0086,PROD0036,VEN010,SUC005,Web,7,551400,322400
VTA006645,2025-02-03,CLI0081,PROD0017,VEN016,SUC006,Presencial,12,210300,146500
VTA006646,2025-10-30,CLI0052,PROD0034,VEN005,SUC004,Presencial,1,573900,409600
VTA006647,2025-07-25,CLI0041,PROD0033,VEN008,SUC009,Web,12,234000,173000
VTA006648,2025-11-27,CLI0041,PROD0048,VEN018,SUC005,Telefónico,8,19900,13000
VTA006649,2025-09-14,CLI0036,PROD0015,VEN004,SUC008,Presencial,1,163900,107800
VTA006650,2025-08-28,CLI0089,PROD0004,VEN005,SUC010,Telefónico,9,376800,293600
VTA006651,2025-08-29,CLI0090,PROD0048,VEN011,SUC005,Web,10,19600,13200
VTA006652,2025-07-08,CLI0005,PROD0030,VEN003,SUC007,Presencial,7,644300,456200
VTA006653,2025-10-04,CLI0073,PROD0041,VEN004,SUC004,Presencial,9,204100,141500
VTA006654,2026-04-26,CLI0023,PROD0036,VEN009,SUC004,Telefónico,5,530000,318500
VTA006655,2025-07-13,CLI0008,PROD0045,VEN002,SUC001,Web,6,116500,94800
VTA006656,2025-02-20,CLI0082,PROD0045,VEN001,SUC010,Presencial,9,121800,93900
VTA006657,2025-08-08,CLI0094,PROD0014,VEN017,SUC008,Web,12,57500,42700
VTA006658,2026-01-03,CLI0030,PROD0043,VEN019,SUC003,Telefónico,6,432700,367000
VTA006659,2025-04-14,CLI0022,PROD0016,VEN019,SUC009,Telefónico,5,151700,110000
VTA006660,2025-02-24,CLI0020,PROD0038,VEN011,SUC002,Web,8,95900,59400
VTA006661,2026-06-04,CLI0076,PROD0008,VEN018,SUC008,Presencial,9,608800,378800
VTA006662,2025-01-25,CLI0001,PROD0008,VEN014,SUC001,Web,5,586300,391700
VTA006663,2025-05-09,CLI0093,PROD0002,VEN010,SUC005,Web,8,427400,243600
VTA006664,2026-07-08,CLI0060,PROD0009,VEN001,SUC009,Presencial,4,833300,456800
VTA006665,2025-12-01,CLI0077,PROD0003,VEN015,SUC007,Web,2,82000,61100
VTA006666,2025-01-04,CLI0004,PROD0030,VEN013,SUC006,Telefónico,12,656200,453900
VTA006667,2025-03-10,CLI0014,PROD0047,VEN006,SUC008,Presencial,4,446500,359000
VTA006668,2025-10-29,CLI0083,PROD0022,VEN007,SUC004,Telefónico,8,504400,311600
VTA006669,2025-09-11,CLI0016,PROD0047,VEN016,SUC010,Presencial,1,453600,357500
VTA006670,2026-02-15,CLI0069,PROD0005,VEN015,SUC006,Telefónico,12,437000,302200
VTA006671,2026-06-14,CLI0022,PROD0050,VEN016,SUC005,Presencial,3,252900,200500
VTA006672,2025-04-15,CLI0045,PROD0019,VEN005,SUC010,Web,2,702100,464200
VTA006673,2026-04-15,CLI0017,PROD0005,VEN013,SUC010,Presencial,7,477400,308700
VTA006674,2026-01-01,CLI0057,PROD0004,VEN010,SUC002,Presencial,9,357100,297800
VTA006675,2026-07-20,CLI0077,PROD0007,VEN005,SUC007,Presencial,9,550400,452900
VTA006676,2025-10-31,CLI0026,PROD0020,VEN017,SUC004,Telefónico,6,533700,415600
VTA006677,2025-01-29,CLI0097,PROD0049,VEN019,SUC003,Presencial,11,363600,244100
VTA006678,2026-04-02,CLI0083,PROD0028,VEN019,SUC005,Presencial,10,443800,279100
VTA006679,2025-11-30,CLI0017,PROD0009,VEN016,SUC008,Presencial,2,779600,474400
VTA006680,2025-09-16,CLI0077,PROD0013,VEN011,SUC001,Web,3,500000,406900
VTA006681,2025-10-15,CLI0093,PROD0045,VEN001,SUC007,Web,4,113800,93000
VTA006682,2026-06-02,CLI0077,PROD0020,VEN003,SUC001,Web,2,529000,416700
VTA006683,2025-06-09,CLI0027,PROD0043,VEN004,SUC009,Presencial,3,484100,362000
VTA006684,2026-04-28,CLI0028,PROD0019,VEN013,SUC010,Telefónico,4,694900,463300
VTA006685,2025-08-04,CLI0032,PROD0015,VEN012,SUC008,Presencial,5,187200,111100
VTA006686,2025-06-10,CLI0019,PROD0001,VEN014,SUC003,Web,10,438500,245200
VTA006687,2026-04-21,CLI0081,PROD0035,VEN011,SUC003,Web,3,773800,460800
VTA006688,2025-11-02,CLI0064,PROD0009,VEN001,SUC005,Web,6,830100,478300
VTA006689,2025-01-29,CLI0025,PROD0022,VEN017,SUC009,Telefónico,1,463300,314500
VTA006690,2025-07-14,CLI0098,PROD0036,VEN002,SUC004,Web,3,497800,314700
VTA006691,2025-03-24,CLI0068,PROD0044,VEN014,SUC009,Presencial,3,799200,585300
VTA006692,2025-11-18,CLI0059,PROD0021,VEN002,SUC007,Presencial,1,839500,650000
VTA006693,2025-12-28,CLI0028,PROD0008,VEN018,SUC001,Web,10,622900,385600
VTA006694,2025-05-13,CLI0075,PROD0001,VEN001,SUC005,Web,6,410200,252400
VTA006695,2026-02-26,CLI0056,PROD0035,VEN014,SUC001,Web,3,670900,444300
VTA006696,2025-12-11,CLI0040,PROD0018,VEN001,SUC008,Presencial,1,213800,148600
VTA006697,2025-10-12,CLI0012,PROD0048,VEN011,SUC002,Presencial,6,20300,13200
VTA006698,2026-07-23,CLI0054,PROD0034,VEN012,SUC004,Web,1,549600,415800
VTA006699,2025-02-22,CLI0059,PROD0035,VEN005,SUC004,Web,1,738400,447500
VTA006700,2025-12-28,CLI0006,PROD0004,VEN001,SUC004,Presencial,12,355200,292600
VTA006701,2025-05-09,CLI0002,PROD0037,VEN018,SUC004,Presencial,3,247500,165500
VTA006702,2025-09-28,CLI0057,PROD0037,VEN002,SUC004,Web,4,228000,166700
VTA006703,2025-10-22,CLI0063,PROD0032,VEN019,SUC005,Presencial,8,295700,180800
VTA006704,2026-04-27,CLI0069,PROD0024,VEN007,SUC002,Presencial,10,763500,576000
VTA006705,2026-01-09,CLI0058,PROD0043,VEN009,SUC003,Presencial,7,466900,352800
VTA006706,2026-02-11,CLI0015,PROD0026,VEN001,SUC001,Telefónico,2,519800,381000
VTA006707,2026-01-29,CLI0026,PROD0018,VEN014,SUC010,Web,3,191800,147500
VTA006708,2026-01-15,CLI0010,PROD0023,VEN010,SUC010,Web,9,636900,408000
VTA006709,2026-03-21,CLI0039,PROD0029,VEN016,SUC010,Web,6,648900,427300
VTA006710,2026-01-14,CLI0083,PROD0008,VEN018,SUC004,Telefónico,7,601000,375200
VTA006711,2025-06-11,CLI0073,PROD0036,VEN007,SUC001,Telefónico,8,483800,320900
VTA006712,2025-06-04,CLI0079,PROD0028,VEN014,SUC004,Presencial,11,449400,271300
VTA006713,2026-05-05,CLI0095,PROD0049,VEN009,SUC006,Presencial,8,341100,248500
VTA006714,2025-07-20,CLI0094,PROD0040,VEN016,SUC004,Telefónico,12,225100,150700
VTA006715,2026-04-03,CLI0001,PROD0010,VEN001,SUC005,Presencial,10,326200,223200
VTA006716,2025-03-14,CLI0080,PROD0034,VEN016,SUC008,Telefónico,9,580500,411300
VTA006717,2026-07-28,CLI0032,PROD0003,VEN010,SUC006,Web,12,91100,60600
VTA006718,2026-06-17,CLI0012,PROD0009,VEN014,SUC002,Presencial,1,823200,469900
VTA006719,2026-01-30,CLI0093,PROD0038,VEN011,SUC001,Web,2,93500,58300
VTA006720,2025-05-29,CLI0056,PROD0028,VEN019,SUC007,Presencial,2,456700,277800
VTA006721,2025-02-28,CLI0033,PROD0043,VEN016,SUC005,Presencial,7,442700,362900
VTA006722,2025-10-15,CLI0056,PROD0050,VEN013,SUC001,Presencial,3,264400,202500
VTA006723,2025-03-13,CLI0009,PROD0015,VEN010,SUC007,Web,3,172200,106500
VTA006724,2025-03-21,CLI0094,PROD0043,VEN008,SUC006,Presencial,12,467400,350300
VTA006725,2025-05-28,CLI0031,PROD0005,VEN010,SUC002,Presencial,9,465000,306400
VTA006726,2025-04-08,CLI0099,PROD0020,VEN013,SUC009,Telefónico,9,528800,415900
VTA006727,2026-06-05,CLI0088,PROD0022,VEN006,SUC009,Web,11,511900,314100
VTA006728,2026-01-22,CLI0033,PROD0040,VEN006,SUC007,Presencial,10,237300,149900
VTA006729,2026-04-16,CLI0054,PROD0027,VEN001,SUC003,Web,5,104000,76800
VTA006730,2025-10-23,CLI0098,PROD0024,VEN009,SUC005,Web,6,679900,572900
VTA006731,2026-07-11,CLI0055,PROD0003,VEN006,SUC010,Presencial,11,81300,59400
VTA006732,2026-03-31,CLI0034,PROD0028,VEN008,SUC002,Web,6,423200,270300
VTA006733,2025-12-20,CLI0080,PROD0003,VEN003,SUC003,Presencial,4,84400,62300
VTA006734,2025-11-27,CLI0068,PROD0042,VEN009,SUC007,Web,7,400400,275100
VTA006735,2026-03-27,CLI0039,PROD0049,VEN009,SUC006,Presencial,6,318100,244700
VTA006736,2025-09-24,CLI0025,PROD0049,VEN009,SUC002,Telefónico,10,352500,243300
VTA006737,2026-01-27,CLI0075,PROD0027,VEN003,SUC007,Web,5,101100,76600
VTA006738,2026-07-03,CLI0098,PROD0023,VEN004,SUC004,Web,6,594000,402000
VTA006739,2025-06-03,CLI0044,PROD0015,VEN001,SUC010,Presencial,6,184600,107300
VTA006740,2025-12-26,CLI0015,PROD0035,VEN018,SUC005,Telefónico,11,726700,450900
VTA006741,2026-03-12,CLI0094,PROD0018,VEN005,SUC001,Web,9,207800,151800
VTA006742,2026-05-18,CLI0063,PROD0043,VEN018,SUC004,Web,2,482100,358900
VTA006743,2026-05-09,CLI0049,PROD0026,VEN015,SUC005,Presencial,1,551200,392600
VTA006744,2026-07-13,CLI0066,PROD0036,VEN010,SUC007,Web,3,526600,319200
VTA006745,2025-01-18,CLI0036,PROD0021,VEN016,SUC007,Presencial,8,865300,656000
VTA006746,2026-07-05,CLI0007,PROD0013,VEN020,SUC005,Web,10,521500,395700
VTA006747,2025-07-01,CLI0060,PROD0046,VEN002,SUC001,Web,5,530700,358200
VTA006748,2026-03-03,CLI0090,PROD0043,VEN008,SUC008,Presencial,6,457900,367200
VTA006749,2025-07-26,CLI0017,PROD0022,VEN011,SUC006,Telefónico,2,521500,324400
VTA006750,2026-03-11,CLI0096,PROD0001,VEN008,SUC006,Telefónico,5,431700,249400
VTA006751,2026-05-15,CLI0051,PROD0008,VEN002,SUC007,Telefónico,9,632000,388800
VTA006752,2025-06-14,CLI0089,PROD0021,VEN007,SUC008,Web,12,895800,675500
VTA006753,2025-06-21,CLI0008,PROD0043,VEN001,SUC001,Telefónico,6,432500,363000
VTA006754,2025-08-30,CLI0024,PROD0008,VEN001,SUC004,Presencial,9,646800,393800
VTA006755,2025-08-08,CLI0068,PROD0014,VEN004,SUC002,Presencial,11,58300,43700
VTA006756,2026-05-18,CLI0032,PROD0007,VEN001,SUC005,Web,5,565900,459000
VTA006757,2026-03-14,CLI0083,PROD0024,VEN009,SUC004,Presencial,8,690800,594900
VTA006758,2025-03-17,CLI0082,PROD0008,VEN012,SUC009,Web,7,621000,381600
VTA006759,2026-05-09,CLI0084,PROD0035,VEN020,SUC008,Web,2,679900,455900
VTA006760,2026-04-30,CLI0072,PROD0023,VEN015,SUC009,Web,8,558500,411700
VTA006761,2025-10-04,CLI0066,PROD0009,VEN010,SUC008,Web,10,879500,462500
VTA006762,2025-04-16,CLI0025,PROD0046,VEN013,SUC007,Presencial,1,524700,351300
VTA006763,2025-02-01,CLI0043,PROD0018,VEN003,SUC009,Presencial,11,210300,153100
VTA006764,2025-03-03,CLI0017,PROD0045,VEN010,SUC002,Web,8,118500,91800
VTA006765,2026-07-13,CLI0027,PROD0029,VEN017,SUC006,Presencial,3,659000,417100
VTA006766,2026-04-17,CLI0089,PROD0028,VEN011,SUC006,Web,4,452800,279700
VTA006767,2025-02-23,CLI0055,PROD0010,VEN020,SUC001,Presencial,7,347800,226100
VTA006768,2025-03-23,CLI0064,PROD0012,VEN012,SUC005,Presencial,10,450900,277300
VTA006769,2025-08-27,CLI0007,PROD0047,VEN015,SUC001,Presencial,3,450300,357100
VTA006770,2026-05-09,CLI0017,PROD0013,VEN002,SUC005,Presencial,7,527000,408300
VTA006771,2025-07-21,CLI0002,PROD0038,VEN019,SUC001,Web,3,93200,60300
VTA006772,2025-03-06,CLI0020,PROD0005,VEN020,SUC009,Presencial,4,467700,304500
VTA006773,2025-10-31,CLI0024,PROD0042,VEN020,SUC005,Presencial,12,407500,278500
VTA006774,2025-12-29,CLI0060,PROD0049,VEN013,SUC008,Presencial,6,363900,251500
VTA006775,2026-01-08,CLI0086,PROD0032,VEN004,SUC004,Telefónico,4,296800,180000
VTA006776,2025-04-07,CLI0089,PROD0007,VEN016,SUC002,Web,12,567300,460500
VTA006777,2025-02-28,CLI0044,PROD0036,VEN010,SUC007,Presencial,11,543400,318700
VTA006778,2026-06-10,CLI0004,PROD0032,VEN018,SUC004,Web,3,327900,178300
VTA006779,2025-04-18,CLI0040,PROD0007,VEN020,SUC007,Web,8,621100,462900
VTA006780,2026-04-18,CLI0058,PROD0043,VEN015,SUC010,Web,1,463500,354000
VTA006781,2025-11-21,CLI0008,PROD0010,VEN009,SUC004,Web,7,311700,228200
VTA006782,2026-01-09,CLI0051,PROD0012,VEN012,SUC009,Web,10,418600,289400
VTA006783,2026-07-21,CLI0028,PROD0012,VEN019,SUC008,Presencial,2,417600,288400
VTA006784,2026-06-28,CLI0056,PROD0044,VEN010,SUC001,Presencial,10,795500,590100
VTA006785,2025-12-06,CLI0084,PROD0030,VEN019,SUC007,Telefónico,10,595300,442700
VTA006786,2026-06-22,CLI0079,PROD0015,VEN008,SUC001,Presencial,7,183000,108600
VTA006787,2026-07-08,CLI0027,PROD0050,VEN010,SUC002,Web,5,275300,207600
VTA006788,2026-01-22,CLI0098,PROD0002,VEN013,SUC008,Presencial,10,468100,242000
VTA006789,2026-04-20,CLI0011,PROD0035,VEN015,SUC010,Web,1,675500,451300
VTA006790,2025-09-28,CLI0043,PROD0030,VEN005,SUC006,Presencial,3,661200,447900
VTA006791,2025-10-09,CLI0074,PROD0012,VEN009,SUC010,Web,8,425300,286500
VTA006792,2025-01-12,CLI0004,PROD0036,VEN005,SUC008,Presencial,9,553400,320800
VTA006793,2026-03-25,CLI0088,PROD0017,VEN004,SUC009,Web,5,207600,152100
VTA006794,2026-07-12,CLI0100,PROD0009,VEN001,SUC009,Web,10,842500,475000
VTA006795,2025-12-04,CLI0053,PROD0002,VEN018,SUC008,Presencial,5,407600,245000
VTA006796,2026-07-20,CLI0049,PROD0009,VEN014,SUC005,Web,12,775300,474000
VTA006797,2025-12-26,CLI0006,PROD0003,VEN003,SUC002,Presencial,6,81900,60100
VTA006798,2025-08-15,CLI0069,PROD0043,VEN019,SUC010,Presencial,6,424800,354100
VTA006799,2026-07-02,CLI0041,PROD0023,VEN008,SUC010,Presencial,7,612400,399300
VTA006800,2025-06-07,CLI0095,PROD0020,VEN017,SUC005,Telefónico,6,493400,415400
VTA006801,2025-08-18,CLI0060,PROD0042,VEN010,SUC007,Web,3,383700,280300
VTA006802,2026-04-15,CLI0027,PROD0003,VEN002,SUC002,Web,7,91300,62200
VTA006803,2025-03-26,CLI0087,PROD0006,VEN010,SUC006,Web,2,264800,183900
VTA006804,2026-07-15,CLI0055,PROD0017,VEN016,SUC002,Presencial,12,215200,148400
VTA006805,2026-03-03,CLI0047,PROD0022,VEN004,SUC010,Presencial,12,530200,318700
VTA006806,2026-05-11,CLI0035,PROD0012,VEN010,SUC001,Presencial,7,422000,276500
VTA006807,2025-08-12,CLI0090,PROD0045,VEN015,SUC001,Web,11,126900,95000
VTA006808,2025-10-12,CLI0099,PROD0034,VEN008,SUC006,Web,2,557200,411500
VTA006809,2026-07-05,CLI0076,PROD0033,VEN012,SUC002,Telefónico,4,264600,173300
VTA006810,2025-02-22,CLI0023,PROD0022,VEN016,SUC007,Web,6,491700,312900
VTA006811,2025-12-11,CLI0062,PROD0004,VEN009,SUC004,Telefónico,7,383400,297400
VTA006812,2026-04-17,CLI0008,PROD0048,VEN012,SUC003,Presencial,3,21200,12900
VTA006813,2025-08-14,CLI0010,PROD0012,VEN016,SUC007,Web,8,416400,281300
VTA006814,2026-03-28,CLI0024,PROD0008,VEN011,SUC007,Presencial,6,626700,385300
VTA006815,2025-12-16,CLI0070,PROD0036,VEN011,SUC010,Presencial,4,489300,324200
VTA006816,2025-07-24,CLI0067,PROD0012,VEN016,SUC006,Presencial,12,403800,289700
VTA006817,2026-06-17,CLI0082,PROD0049,VEN006,SUC006,Presencial,4,330700,250800
VTA006818,2025-11-28,CLI0007,PROD0049,VEN015,SUC009,Presencial,9,314000,249500
VTA006819,2026-04-02,CLI0013,PROD0042,VEN017,SUC007,Presencial,8,395100,285400
VTA006820,2025-11-21,CLI0032,PROD0039,VEN018,SUC008,Telefónico,6,312200,210100
VTA006821,2025-09-20,CLI0074,PROD0006,VEN003,SUC002,Web,8,293500,178600
VTA006822,2025-11-30,CLI0029,PROD0023,VEN019,SUC003,Telefónico,7,612300,402400
VTA006823,2025-02-15,CLI0015,PROD0012,VEN002,SUC004,Web,6,401300,284200
VTA006824,2025-02-18,CLI0084,PROD0029,VEN012,SUC004,Presencial,4,678400,420700
VTA006825,2025-03-07,CLI0055,PROD0019,VEN017,SUC005,Web,9,673700,469900
VTA006826,2026-06-19,CLI0060,PROD0041,VEN005,SUC008,Web,4,206500,141100
VTA006827,2025-02-03,CLI0008,PROD0009,VEN013,SUC002,Web,8,857300,474100
VTA006828,2025-04-17,CLI0064,PROD0011,VEN020,SUC005,Telefónico,1,811700,693700
VTA006829,2025-06-17,CLI0084,PROD0045,VEN019,SUC001,Web,6,126200,94200
VTA006830,2026-03-31,CLI0021,PROD0033,VEN012,SUC007,Presencial,6,253200,172400
VTA006831,2025-01-09,CLI0028,PROD0047,VEN018,SUC001,Presencial,9,433500,358200
VTA006832,2025-07-07,CLI0003,PROD0033,VEN015,SUC004,Web,8,260300,175400
VTA006833,2026-07-16,CLI0094,PROD0007,VEN004,SUC002,Presencial,8,624300,457700
VTA006834,2025-12-18,CLI0059,PROD0011,VEN019,SUC007,Presencial,3,885400,673200
VTA006835,2025-09-01,CLI0004,PROD0012,VEN009,SUC009,Presencial,9,399900,283000
VTA006836,2025-07-05,CLI0025,PROD0021,VEN012,SUC008,Presencial,7,898300,647600
VTA006837,2025-04-17,CLI0092,PROD0020,VEN019,SUC009,Presencial,7,529300,414500
VTA006838,2026-03-05,CLI0037,PROD0012,VEN005,SUC007,Web,12,401500,284400
VTA006839,2025-08-07,CLI0096,PROD0047,VEN019,SUC001,Presencial,12,433900,361000
VTA006840,2025-12-21,CLI0008,PROD0035,VEN017,SUC001,Web,1,704300,448900
VTA006841,2025-09-03,CLI0055,PROD0031,VEN019,SUC003,Web,4,255100,205400
VTA006842,2025-06-16,CLI0041,PROD0016,VEN003,SUC005,Web,1,142300,109200
VTA006843,2026-05-20,CLI0004,PROD0046,VEN002,SUC004,Presencial,2,590400,362100
VTA006844,2026-03-07,CLI0088,PROD0022,VEN011,SUC007,Web,6,504100,319900
VTA006845,2026-07-22,CLI0001,PROD0013,VEN016,SUC008,Presencial,4,527000,402200
VTA006846,2025-01-26,CLI0038,PROD0038,VEN018,SUC009,Presencial,2,96900,58800
VTA006847,2025-10-18,CLI0051,PROD0029,VEN015,SUC003,Presencial,2,687100,419700
VTA006848,2025-03-03,CLI0022,PROD0009,VEN015,SUC005,Web,2,817000,469200
VTA006849,2025-01-31,CLI0093,PROD0047,VEN013,SUC010,Presencial,6,426200,359700
VTA006850,2025-04-29,CLI0093,PROD0046,VEN005,SUC008,Telefónico,3,545100,354200
VTA006851,2026-06-13,CLI0099,PROD0041,VEN014,SUC008,Presencial,5,193000,142300
VTA006852,2025-12-29,CLI0055,PROD0003,VEN016,SUC008,Web,6,82200,59700
VTA006853,2026-03-05,CLI0051,PROD0027,VEN009,SUC001,Presencial,8,109500,76500
VTA006854,2025-11-23,CLI0054,PROD0002,VEN020,SUC010,Presencial,6,422200,237000
VTA006855,2026-03-15,CLI0083,PROD0012,VEN015,SUC007,Telefónico,7,429800,284200
VTA006856,2025-01-01,CLI0016,PROD0002,VEN020,SUC006,Web,12,434200,236900
VTA006857,2026-04-06,CLI0063,PROD0015,VEN018,SUC004,Presencial,10,184100,110900
VTA006858,2025-09-12,CLI0007,PROD0023,VEN005,SUC003,Telefónico,10,623400,403400
VTA006859,2026-02-07,CLI0052,PROD0007,VEN009,SUC008,Web,2,540300,458400
VTA006860,2026-05-21,CLI0089,PROD0046,VEN014,SUC001,Presencial,9,535900,358200
VTA006861,2026-04-17,CLI0006,PROD0032,VEN016,SUC001,Telefónico,7,316200,186500
VTA006862,2026-06-25,CLI0001,PROD0041,VEN017,SUC009,Presencial,10,216800,138000
VTA006863,2025-04-21,CLI0093,PROD0030,VEN009,SUC006,Web,12,608000,458200
VTA006864,2026-03-11,CLI0038,PROD0007,VEN014,SUC003,Web,2,562700,454400
VTA006865,2025-04-20,CLI0076,PROD0013,VEN004,SUC002,Presencial,1,496800,398400
VTA006866,2026-07-08,CLI0026,PROD0032,VEN010,SUC010,Web,2,308200,185000
VTA006867,2026-01-12,CLI0074,PROD0037,VEN010,SUC002,Web,1,245800,162400
VTA006868,2026-05-12,CLI0092,PROD0009,VEN006,SUC008,Presencial,4,786000,476100
VTA006869,2026-03-29,CLI0002,PROD0021,VEN019,SUC005,Presencial,4,823600,662500
VTA006870,2026-03-18,CLI0097,PROD0035,VEN020,SUC002,Web,6,727600,439300
VTA006871,2026-05-24,CLI0081,PROD0031,VEN018,SUC004,Presencial,9,250200,201800
VTA006872,2025-04-03,CLI0004,PROD0039,VEN016,SUC006,Presencial,8,335300,210800
VTA006873,2025-09-05,CLI0018,PROD0021,VEN001,SUC010,Web,7,791500,658000
VTA006874,2026-04-17,CLI0006,PROD0003,VEN012,SUC004,Web,7,83600,60400
VTA006875,2025-09-09,CLI0054,PROD0021,VEN018,SUC004,Web,2,784700,660800
VTA006876,2025-09-29,CLI0060,PROD0040,VEN002,SUC008,Presencial,4,217500,152800
VTA006877,2026-05-14,CLI0058,PROD0035,VEN016,SUC007,Presencial,2,759900,450000
VTA006878,2026-05-17,CLI0048,PROD0049,VEN018,SUC003,Web,11,317100,247100
VTA006879,2026-03-18,CLI0036,PROD0043,VEN014,SUC003,Telefónico,5,461100,356100
VTA006880,2025-07-23,CLI0034,PROD0020,VEN016,SUC001,Telefónico,9,525800,402700
VTA006881,2026-03-14,CLI0069,PROD0005,VEN018,SUC008,Web,10,460600,305600
VTA006882,2025-06-13,CLI0062,PROD0035,VEN011,SUC002,Telefónico,5,673900,460400
VTA006883,2025-06-08,CLI0075,PROD0004,VEN006,SUC007,Web,6,354000,295900
VTA006884,2026-07-16,CLI0091,PROD0028,VEN008,SUC004,Presencial,5,465100,268700
VTA006885,2025-06-12,CLI0083,PROD0023,VEN006,SUC006,Web,8,576500,403900
VTA006886,2025-09-28,CLI0082,PROD0047,VEN013,SUC008,Presencial,7,407800,357300
VTA006887,2026-07-15,CLI0076,PROD0046,VEN013,SUC002,Presencial,5,542400,362300
VTA006888,2025-06-04,CLI0094,PROD0011,VEN004,SUC005,Web,9,873400,682700
VTA006889,2026-03-06,CLI0003,PROD0018,VEN006,SUC009,Telefónico,2,190900,149300
VTA006890,2026-01-10,CLI0004,PROD0002,VEN003,SUC007,Telefónico,2,461300,235200
VTA006891,2025-01-13,CLI0023,PROD0048,VEN013,SUC005,Presencial,11,20900,13300
VTA006892,2025-01-25,CLI0019,PROD0004,VEN015,SUC006,Web,7,386000,297200
VTA006893,2025-04-12,CLI0057,PROD0006,VEN011,SUC005,Web,2,293900,178500
VTA006894,2025-07-08,CLI0055,PROD0039,VEN020,SUC010,Presencial,2,308200,213100
VTA006895,2026-07-12,CLI0065,PROD0039,VEN019,SUC010,Web,7,322600,217400
VTA006896,2026-05-23,CLI0053,PROD0002,VEN017,SUC003,Web,7,421700,235700
VTA006897,2026-03-27,CLI0027,PROD0020,VEN014,SUC010,Telefónico,7,557800,407000
VTA006898,2025-04-28,CLI0057,PROD0035,VEN014,SUC005,Web,4,743000,459500
VTA006899,2026-01-01,CLI0023,PROD0039,VEN010,SUC009,Presencial,9,324500,211100
VTA006900,2026-05-05,CLI0058,PROD0011,VEN004,SUC010,Presencial,10,878000,680400
VTA006901,2025-09-09,CLI0100,PROD0038,VEN015,SUC005,Presencial,4,89600,58800
VTA006902,2025-07-06,CLI0100,PROD0040,VEN008,SUC004,Web,9,211500,149500
VTA006903,2025-10-15,CLI0080,PROD0008,VEN017,SUC009,Presencial,9,628400,387700
VTA006904,2025-10-11,CLI0050,PROD0047,VEN012,SUC007,Presencial,10,400200,363300
VTA006905,2026-03-21,CLI0052,PROD0007,VEN011,SUC001,Presencial,5,607200,464600
VTA006906,2025-09-25,CLI0015,PROD0032,VEN013,SUC010,Presencial,3,304900,181000
VTA006907,2025-07-06,CLI0059,PROD0003,VEN019,SUC006,Telefónico,4,84900,62200
VTA006908,2025-10-31,CLI0054,PROD0039,VEN019,SUC003,Web,7,321900,216700
VTA006909,2025-01-08,CLI0061,PROD0004,VEN015,SUC005,Web,10,350900,291800
VTA006910,2025-07-13,CLI0080,PROD0016,VEN007,SUC001,Presencial,4,145000,109700
VTA006911,2026-06-18,CLI0036,PROD0007,VEN010,SUC002,Presencial,6,611700,445500
VTA006912,2026-07-17,CLI0050,PROD0048,VEN013,SUC005,Web,1,19000,12800
VTA006913,2026-05-20,CLI0071,PROD0022,VEN008,SUC009,Presencial,7,484400,324100
VTA006914,2026-01-14,CLI0038,PROD0010,VEN017,SUC008,Presencial,2,346200,230400
VTA006915,2025-04-24,CLI0005,PROD0004,VEN012,SUC003,Web,8,374400,295900
VTA006916,2026-01-03,CLI0039,PROD0002,VEN014,SUC004,Presencial,12,418400,236700
VTA006917,2025-12-22,CLI0002,PROD0029,VEN020,SUC005,Presencial,10,652000,433000
VTA006918,2025-01-22,CLI0092,PROD0005,VEN005,SUC006,Telefónico,4,453900,304700
VTA006919,2026-03-31,CLI0027,PROD0010,VEN006,SUC004,Presencial,9,316200,226400
VTA006920,2025-12-09,CLI0051,PROD0036,VEN009,SUC002,Presencial,10,514600,317500
VTA006921,2025-04-18,CLI0051,PROD0027,VEN010,SUC005,Presencial,12,114300,75300
VTA006922,2025-08-23,CLI0027,PROD0033,VEN011,SUC007,Telefónico,5,264900,174200
VTA006923,2025-03-17,CLI0005,PROD0001,VEN010,SUC005,Telefónico,11,398200,253500
VTA006924,2026-06-29,CLI0059,PROD0006,VEN004,SUC010,Web,4,274600,182400
VTA006925,2026-03-28,CLI0094,PROD0022,VEN011,SUC009,Web,8,535900,314300
VTA006926,2026-01-24,CLI0008,PROD0024,VEN011,SUC007,Presencial,5,707900,584600
VTA006927,2025-01-01,CLI0033,PROD0039,VEN003,SUC004,Web,12,349100,214300
VTA006928,2025-08-02,CLI0034,PROD0022,VEN009,SUC005,Presencial,11,534500,311300
VTA006929,2025-04-09,CLI0032,PROD0038,VEN007,SUC003,Telefónico,6,91800,59100
VTA006930,2025-06-18,CLI0091,PROD0038,VEN010,SUC001,Presencial,12,94700,59300
VTA006931,2025-08-23,CLI0005,PROD0047,VEN018,SUC005,Presencial,10,456600,358300
VTA006932,2025-08-15,CLI0032,PROD0044,VEN007,SUC002,Telefónico,11,828300,591600
VTA006933,2025-11-25,CLI0063,PROD0031,VEN005,SUC006,Web,7,253200,198300
VTA006934,2025-10-02,CLI0056,PROD0043,VEN010,SUC006,Presencial,5,479600,366000
VTA006935,2025-08-26,CLI0033,PROD0022,VEN020,SUC001,Web,1,470400,311000
VTA006936,2025-04-23,CLI0035,PROD0046,VEN008,SUC002,Web,5,584100,363400
VTA006937,2026-05-27,CLI0054,PROD0028,VEN008,SUC001,Presencial,3,441700,272500
VTA006938,2026-04-09,CLI0062,PROD0035,VEN020,SUC002,Presencial,2,761100,457000
VTA006939,2025-12-31,CLI0095,PROD0034,VEN020,SUC008,Presencial,11,543800,412200
VTA006940,2025-05-06,CLI0081,PROD0034,VEN019,SUC001,Telefónico,10,569100,405500
VTA006941,2025-10-19,CLI0085,PROD0043,VEN006,SUC003,Presencial,4,487200,366100
VTA006942,2025-05-04,CLI0027,PROD0018,VEN005,SUC008,Web,6,187000,152300
VTA006943,2025-04-19,CLI0037,PROD0031,VEN012,SUC002,Telefónico,4,288200,198200
VTA006944,2026-05-18,CLI0058,PROD0006,VEN010,SUC008,Presencial,3,283500,186000
VTA006945,2025-03-13,CLI0087,PROD0031,VEN008,SUC007,Presencial,12,279100,203800
VTA006946,2025-12-14,CLI0098,PROD0043,VEN019,SUC001,Telefónico,1,467700,355700
VTA006947,2025-10-17,CLI0088,PROD0033,VEN017,SUC002,Telefónico,4,257000,175500
VTA006948,2025-01-27,CLI0067,PROD0048,VEN006,SUC008,Presencial,12,20500,13000
VTA006949,2025-11-01,CLI0008,PROD0010,VEN002,SUC006,Telefónico,11,318700,234400
VTA006950,2025-08-03,CLI0084,PROD0037,VEN018,SUC005,Web,8,260400,167900
VTA006951,2026-01-30,CLI0077,PROD0014,VEN010,SUC003,Web,4,57900,43400
VTA006952,2025-04-24,CLI0045,PROD0006,VEN004,SUC002,Presencial,10,274400,186600
VTA006953,2025-04-20,CLI0062,PROD0042,VEN009,SUC003,Web,2,380000,283700
VTA006954,2026-04-21,CLI0089,PROD0004,VEN003,SUC005,Web,11,392600,291700
VTA006955,2026-07-12,CLI0001,PROD0011,VEN015,SUC010,Telefónico,3,822200,667900
VTA006956,2025-07-01,CLI0092,PROD0045,VEN007,SUC005,Web,5,123900,93700
VTA006957,2025-11-28,CLI0075,PROD0020,VEN001,SUC010,Telefónico,6,500700,410200
VTA006958,2025-08-27,CLI0035,PROD0023,VEN020,SUC002,Presencial,9,651400,406800
VTA006959,2026-07-24,CLI0034,PROD0006,VEN019,SUC001,Presencial,7,293800,179500
VTA006960,2025-07-01,CLI0094,PROD0039,VEN005,SUC004,Web,6,349900,211500
VTA006961,2025-05-08,CLI0050,PROD0040,VEN001,SUC001,Web,5,215100,151700
VTA006962,2025-05-09,CLI0011,PROD0022,VEN002,SUC003,Web,5,534800,309600
VTA006963,2026-05-13,CLI0034,PROD0048,VEN016,SUC006,Presencial,5,18700,13200
VTA006964,2025-01-22,CLI0062,PROD0008,VEN012,SUC004,Presencial,5,639400,389300
VTA006965,2025-02-07,CLI0004,PROD0020,VEN007,SUC002,Presencial,4,522500,411400
VTA006966,2025-06-07,CLI0037,PROD0042,VEN004,SUC003,Presencial,4,376200,286200
VTA006967,2026-07-06,CLI0027,PROD0031,VEN005,SUC006,Presencial,3,270100,200600
VTA006968,2025-04-21,CLI0020,PROD0049,VEN011,SUC008,Presencial,9,324700,243500
VTA006969,2025-07-27,CLI0021,PROD0031,VEN017,SUC010,Telefónico,3,287000,205100
VTA006970,2026-03-14,CLI0068,PROD0034,VEN013,SUC010,Web,1,549400,420500
VTA006971,2025-01-16,CLI0061,PROD0030,VEN012,SUC001,Web,3,628100,442100
VTA006972,2026-06-24,CLI0018,PROD0007,VEN011,SUC004,Web,1,565200,447500
VTA006973,2025-04-22,CLI0056,PROD0049,VEN010,SUC005,Telefónico,1,319400,252700
VTA006974,2026-06-30,CLI0031,PROD0042,VEN001,SUC007,Web,11,415000,279700
VTA006975,2025-06-27,CLI0001,PROD0036,VEN014,SUC007,Web,5,560100,313800
VTA006976,2025-06-08,CLI0041,PROD0014,VEN009,SUC005,Web,2,59300,44100
VTA006977,2026-07-25,CLI0035,PROD0023,VEN018,SUC005,Presencial,11,568100,395700
VTA006978,2025-07-26,CLI0099,PROD0017,VEN008,SUC001,Presencial,11,220900,148700
VTA006979,2025-07-23,CLI0004,PROD0015,VEN003,SUC002,Web,4,165100,111100
VTA006980,2025-11-15,CLI0078,PROD0024,VEN006,SUC003,Web,9,687000,587100
VTA006981,2025-01-10,CLI0038,PROD0027,VEN019,SUC001,Telefónico,11,115100,75000
VTA006982,2026-07-26,CLI0079,PROD0007,VEN009,SUC007,Presencial,9,603900,458400
VTA006983,2025-01-19,CLI0085,PROD0024,VEN009,SUC002,Telefónico,10,777300,573000
VTA006984,2025-12-10,CLI0067,PROD0027,VEN013,SUC001,Presencial,4,113100,74800
VTA006985,2025-09-10,CLI0069,PROD0049,VEN008,SUC008,Web,11,355000,253200
VTA006986,2025-09-19,CLI0083,PROD0016,VEN016,SUC007,Web,5,140100,108700
VTA006987,2025-10-24,CLI0015,PROD0035,VEN009,SUC007,Presencial,6,708200,457000
VTA006988,2025-07-02,CLI0048,PROD0033,VEN019,SUC002,Web,9,242500,174600
VTA006989,2026-06-01,CLI0054,PROD0008,VEN009,SUC001,Web,4,592300,383500
VTA006990,2025-04-16,CLI0089,PROD0039,VEN018,SUC005,Telefónico,8,319600,215900
VTA006991,2026-04-10,CLI0028,PROD0003,VEN018,SUC001,Presencial,5,91000,60600
VTA006992,2025-12-05,CLI0028,PROD0011,VEN014,SUC008,Web,8,839500,668800
VTA006993,2025-01-03,CLI0029,PROD0030,VEN013,SUC001,Presencial,1,597500,438400
VTA006994,2026-02-16,CLI0017,PROD0007,VEN007,SUC002,Presencial,4,579400,452700
VTA006995,2025-10-16,CLI0053,PROD0049,VEN011,SUC004,Presencial,11,344500,248800
VTA006996,2026-03-30,CLI0097,PROD0030,VEN020,SUC007,Web,7,602300,453500
VTA006997,2026-02-07,CLI0062,PROD0045,VEN006,SUC010,Telefónico,1,113700,92000
VTA006998,2026-03-09,CLI0025,PROD0050,VEN009,SUC006,Presencial,6,266900,200300
VTA006999,2025-08-05,CLI0065,PROD0025,VEN015,SUC001,Presencial,8,70400,59400
VTA007000,2026-01-30,CLI0096,PROD0003,VEN010,SUC007,Web,10,91500,61100
VTA007001,2026-02-19,CLI0012,PROD0023,VEN009,SUC006,Telefónico,2,606300,413800
VTA007002,2025-10-17,CLI0028,PROD0014,VEN002,SUC008,Presencial,6,56100,42400
VTA007003,2026-07-10,CLI0007,PROD0026,VEN013,SUC004,Web,5,503200,385200
VTA007004,2025-05-30,CLI0008,PROD0027,VEN006,SUC009,Presencial,10,98800,77400
VTA007005,2025-04-02,CLI0036,PROD0045,VEN005,SUC008,Presencial,5,128200,92100
VTA007006,2026-02-08,CLI0030,PROD0015,VEN011,SUC002,Presencial,11,176900,106700
VTA007007,2026-03-04,CLI0087,PROD0022,VEN017,SUC003,Presencial,6,536500,317900
VTA007008,2026-05-24,CLI0080,PROD0040,VEN019,SUC004,Presencial,7,227200,148900
VTA007009,2025-11-10,CLI0024,PROD0034,VEN020,SUC008,Presencial,5,525700,404200
VTA007010,2026-06-14,CLI0089,PROD0019,VEN016,SUC001,Presencial,8,698400,468200
VTA007011,2025-10-02,CLI0078,PROD0028,VEN013,SUC005,Presencial,8,419500,272600
VTA007012,2025-07-16,CLI0052,PROD0012,VEN013,SUC003,Presencial,3,419100,286700
VTA007013,2025-09-28,CLI0065,PROD0026,VEN002,SUC005,Web,6,563500,392300
VTA007014,2025-09-28,CLI0060,PROD0031,VEN006,SUC004,Presencial,7,269000,197800
VTA007015,2025-05-26,CLI0019,PROD0012,VEN006,SUC006,Web,3,394800,280900
VTA007016,2025-06-10,CLI0053,PROD0028,VEN017,SUC009,Web,9,427100,271800
VTA007017,2025-05-02,CLI0023,PROD0003,VEN006,SUC009,Web,10,90000,60600
VTA007018,2026-07-30,CLI0015,PROD0023,VEN016,SUC008,Web,12,579700,401600
VTA007019,2026-02-12,CLI0011,PROD0013,VEN010,SUC005,Presencial,5,473800,400200
VTA007020,2026-02-11,CLI0028,PROD0002,VEN019,SUC002,Web,1,418700,241900
VTA007021,2025-02-25,CLI0007,PROD0030,VEN006,SUC001,Web,10,577900,439000
VTA007022,2025-11-04,CLI0003,PROD0049,VEN008,SUC002,Presencial,8,332700,248000
VTA007023,2025-04-13,CLI0018,PROD0034,VEN014,SUC003,Telefónico,12,544100,409100
VTA007024,2025-12-19,CLI0099,PROD0007,VEN009,SUC010,Presencial,6,594800,445800
VTA007025,2026-03-23,CLI0094,PROD0039,VEN015,SUC004,Presencial,7,349400,210300
VTA007026,2026-07-04,CLI0099,PROD0023,VEN002,SUC010,Web,6,599800,397500
VTA007027,2025-10-25,CLI0035,PROD0050,VEN009,SUC007,Web,11,276200,208000
VTA007028,2025-03-25,CLI0034,PROD0003,VEN013,SUC001,Web,11,81700,61400
VTA007029,2025-08-25,CLI0018,PROD0012,VEN012,SUC007,Presencial,12,416800,276000
VTA007030,2026-05-07,CLI0090,PROD0038,VEN001,SUC007,Presencial,6,94900,58800
VTA007031,2026-01-29,CLI0096,PROD0013,VEN008,SUC008,Web,7,491200,405000
VTA007032,2025-02-22,CLI0095,PROD0038,VEN010,SUC008,Web,3,97200,58700
VTA007033,2026-02-03,CLI0011,PROD0035,VEN001,SUC001,Presencial,6,778600,441000
VTA007034,2025-01-09,CLI0011,PROD0021,VEN010,SUC010,Web,10,876800,679500
VTA007035,2025-06-11,CLI0065,PROD0050,VEN007,SUC006,Presencial,9,254200,202100
VTA007036,2026-04-02,CLI0021,PROD0004,VEN012,SUC003,Presencial,7,355300,292100
VTA007037,2026-04-08,CLI0002,PROD0033,VEN008,SUC009,Telefónico,4,261800,172500
VTA007038,2026-05-20,CLI0085,PROD0019,VEN019,SUC009,Presencial,2,651700,472300
VTA007039,2025-05-21,CLI0001,PROD0017,VEN019,SUC004,Telefónico,11,213800,149600
VTA007040,2026-05-02,CLI0029,PROD0032,VEN007,SUC004,Presencial,4,312900,185200
VTA007041,2025-10-11,CLI0068,PROD0010,VEN008,SUC010,Telefónico,12,322500,233800
VTA007042,2025-02-26,CLI0026,PROD0028,VEN001,SUC003,Telefónico,6,480100,270200
VTA007043,2026-03-08,CLI0086,PROD0008,VEN016,SUC010,Web,11,607600,385100
VTA007044,2026-06-02,CLI0095,PROD0047,VEN016,SUC007,Web,12,407600,356500
VTA007045,2026-06-01,CLI0001,PROD0007,VEN013,SUC002,Web,2,619100,450500
VTA007046,2026-07-20,CLI0006,PROD0007,VEN018,SUC005,Telefónico,3,558000,455400
VTA007047,2025-02-02,CLI0048,PROD0048,VEN002,SUC008,Web,4,21200,12900
VTA007048,2025-01-30,CLI0018,PROD0037,VEN007,SUC007,Web,5,255500,166400
VTA007049,2025-08-07,CLI0068,PROD0008,VEN012,SUC010,Presencial,9,656600,387600
VTA007050,2025-02-12,CLI0031,PROD0024,VEN009,SUC001,Web,10,699500,593400
VTA007051,2026-02-12,CLI0097,PROD0047,VEN007,SUC002,Presencial,6,463700,352100
VTA007052,2026-01-17,CLI0045,PROD0008,VEN017,SUC007,Presencial,12,584900,383700
VTA007053,2025-02-10,CLI0026,PROD0039,VEN004,SUC010,Presencial,8,326700,211600
VTA007054,2026-01-03,CLI0014,PROD0043,VEN004,SUC009,Presencial,10,442000,350300
VTA007055,2026-01-13,CLI0044,PROD0018,VEN013,SUC005,Telefónico,5,207500,153200
VTA007056,2025-12-17,CLI0025,PROD0013,VEN005,SUC003,Presencial,4,489900,401500
VTA007057,2025-04-25,CLI0035,PROD0042,VEN006,SUC005,Web,11,364600,278500
VTA007058,2025-11-14,CLI0032,PROD0021,VEN012,SUC010,Presencial,5,788300,669700
VTA007059,2025-12-12,CLI0080,PROD0025,VEN018,SUC008,Presencial,1,77000,60100
VTA007060,2025-12-11,CLI0054,PROD0035,VEN016,SUC010,Web,1,727300,444800
VTA007061,2026-02-14,CLI0054,PROD0013,VEN018,SUC008,Web,12,535300,390700
VTA007062,2025-11-08,CLI0011,PROD0031,VEN014,SUC010,Presencial,3,254500,198200
VTA007063,2026-07-06,CLI0098,PROD0049,VEN008,SUC008,Presencial,1,358300,250200
VTA007064,2025-12-05,CLI0098,PROD0021,VEN015,SUC003,Presencial,12,810900,656100
VTA007065,2025-04-11,CLI0022,PROD0048,VEN012,SUC007,Presencial,7,18700,13100
VTA007066,2025-08-05,CLI0072,PROD0035,VEN012,SUC005,Presencial,11,771800,447100
VTA007067,2025-11-19,CLI0035,PROD0013,VEN009,SUC010,Telefónico,3,461600,397600
VTA007068,2025-02-18,CLI0074,PROD0032,VEN017,SUC004,Presencial,2,322000,185700
VTA007069,2026-02-02,CLI0077,PROD0019,VEN003,SUC010,Presencial,7,693700,476900
VTA007070,2026-07-24,CLI0042,PROD0018,VEN011,SUC007,Web,2,212700,151600
VTA007071,2025-03-10,CLI0041,PROD0031,VEN015,SUC010,Web,6,280900,205900
VTA007072,2026-07-19,CLI0021,PROD0016,VEN001,SUC005,Web,6,147500,111600
VTA007073,2025-06-07,CLI0035,PROD0012,VEN007,SUC007,Presencial,4,439800,276700
VTA007074,2025-06-07,CLI0014,PROD0039,VEN009,SUC002,Web,2,336300,209800
VTA007075,2026-02-02,CLI0059,PROD0007,VEN017,SUC006,Telefónico,4,540900,460500
VTA007076,2025-11-20,CLI0001,PROD0020,VEN020,SUC004,Web,10,493000,414300
VTA007077,2026-06-22,CLI0028,PROD0024,VEN009,SUC005,Presencial,6,698300,574700
VTA007078,2026-06-10,CLI0098,PROD0034,VEN009,SUC008,Presencial,5,599600,410100
VTA007079,2025-02-24,CLI0057,PROD0043,VEN008,SUC001,Web,8,478800,363500
VTA007080,2025-01-26,CLI0084,PROD0019,VEN010,SUC010,Presencial,4,671900,468100
VTA007081,2026-06-29,CLI0072,PROD0002,VEN020,SUC009,Presencial,3,460900,241300
VTA007082,2026-06-18,CLI0030,PROD0018,VEN017,SUC002,Web,12,200700,151600
VTA007083,2026-05-15,CLI0003,PROD0047,VEN018,SUC005,Presencial,11,414700,364900
VTA007084,2025-03-04,CLI0050,PROD0004,VEN014,SUC001,Presencial,2,400300,291400
VTA007085,2025-01-23,CLI0057,PROD0039,VEN014,SUC010,Telefónico,10,350500,217100
VTA007086,2026-02-26,CLI0026,PROD0038,VEN014,SUC007,Presencial,6,99000,58500
VTA007087,2025-01-26,CLI0050,PROD0019,VEN017,SUC003,Presencial,4,715700,459500
VTA007088,2026-05-31,CLI0014,PROD0027,VEN003,SUC009,Web,8,110600,76200
VTA007089,2026-06-26,CLI0037,PROD0044,VEN001,SUC007,Web,5,807000,585400
VTA007090,2025-10-08,CLI0074,PROD0048,VEN015,SUC004,Presencial,9,19000,13200
VTA007091,2025-12-06,CLI0039,PROD0016,VEN011,SUC008,Presencial,12,133700,114100
VTA007092,2025-03-15,CLI0010,PROD0045,VEN001,SUC005,Presencial,1,117900,93100
VTA007093,2025-09-22,CLI0025,PROD0031,VEN011,SUC003,Presencial,2,267600,201300
VTA007094,2025-03-01,CLI0009,PROD0022,VEN014,SUC007,Presencial,9,469500,317000
VTA007095,2026-01-14,CLI0004,PROD0031,VEN020,SUC003,Web,7,249300,202200
VTA007096,2025-09-19,CLI0081,PROD0014,VEN011,SUC009,Presencial,10,57300,42800
VTA007097,2025-12-14,CLI0022,PROD0003,VEN015,SUC004,Presencial,11,88900,61500
VTA007098,2026-05-07,CLI0006,PROD0014,VEN005,SUC001,Presencial,4,62200,42400
VTA007099,2026-03-29,CLI0070,PROD0034,VEN014,SUC008,Presencial,9,594800,412300
VTA007100,2025-06-14,CLI0026,PROD0049,VEN007,SUC010,Presencial,8,344000,246700
VTA007101,2025-07-14,CLI0017,PROD0010,VEN005,SUC002,Telefónico,4,301000,230400
VTA007102,2025-05-29,CLI0075,PROD0027,VEN002,SUC002,Presencial,7,106200,77800
VTA007103,2025-04-01,CLI0004,PROD0032,VEN001,SUC010,Presencial,8,310400,185500
VTA007104,2026-07-30,CLI0085,PROD0003,VEN017,SUC004,Web,2,85700,61500
VTA007105,2025-07-24,CLI0033,PROD0050,VEN009,SUC009,Presencial,1,251800,202500
VTA007106,2025-05-25,CLI0070,PROD0023,VEN019,SUC008,Web,1,593800,401100
VTA007107,2025-01-30,CLI0021,PROD0003,VEN001,SUC010,Web,5,83000,60400
VTA007108,2025-09-09,CLI0022,PROD0003,VEN006,SUC003,Telefónico,1,90900,61700
VTA007109,2026-01-29,CLI0015,PROD0024,VEN007,SUC005,Web,4,784100,574600
VTA007110,2026-03-17,CLI0059,PROD0003,VEN019,SUC010,Presencial,1,86900,61300
VTA007111,2025-03-28,CLI0088,PROD0008,VEN015,SUC001,Web,12,653600,389000
VTA007112,2026-04-11,CLI0074,PROD0021,VEN015,SUC004,Presencial,4,889600,667000
VTA007113,2025-12-19,CLI0054,PROD0017,VEN001,SUC002,Web,4,210700,149900
VTA007114,2026-06-14,CLI0037,PROD0038,VEN019,SUC003,Presencial,4,92400,59800
VTA007115,2026-05-29,CLI0004,PROD0003,VEN004,SUC003,Telefónico,11,92200,59700
VTA007116,2025-10-11,CLI0019,PROD0039,VEN002,SUC009,Telefónico,2,303900,214200
VTA007117,2025-02-10,CLI0072,PROD0024,VEN007,SUC006,Web,9,750800,586800
VTA007118,2025-05-18,CLI0022,PROD0047,VEN004,SUC007,Presencial,1,463700,353700
VTA007119,2025-02-12,CLI0078,PROD0030,VEN004,SUC007,Presencial,7,646900,444000
VTA007120,2025-10-03,CLI0075,PROD0038,VEN020,SUC003,Web,8,90400,59100
VTA007121,2026-05-16,CLI0099,PROD0035,VEN007,SUC008,Presencial,4,675000,447900
VTA007122,2025-11-03,CLI0100,PROD0039,VEN010,SUC002,Web,1,305400,212700
VTA007123,2026-03-10,CLI0078,PROD0044,VEN002,SUC009,Presencial,2,777000,580500
VTA007124,2025-06-09,CLI0023,PROD0047,VEN020,SUC002,Web,5,458500,358100
VTA007125,2025-01-20,CLI0038,PROD0045,VEN018,SUC009,Telefónico,3,116900,93000
VTA007126,2026-06-20,CLI0010,PROD0036,VEN002,SUC008,Presencial,2,535700,320900
VTA007127,2026-05-07,CLI0030,PROD0027,VEN013,SUC005,Web,6,103900,77700
VTA007128,2025-01-24,CLI0016,PROD0004,VEN001,SUC004,Web,12,381000,299900
VTA007129,2026-07-10,CLI0026,PROD0037,VEN012,SUC004,Presencial,1,253100,168200
VTA007130,2026-06-01,CLI0050,PROD0010,VEN015,SUC008,Telefónico,8,302600,227900
VTA007131,2026-03-20,CLI0036,PROD0021,VEN011,SUC005,Web,11,871400,652200
VTA007132,2025-02-10,CLI0043,PROD0022,VEN010,SUC006,Web,10,480300,313000
VTA007133,2025-07-10,CLI0086,PROD0012,VEN003,SUC004,Presencial,2,400500,282800
VTA007134,2026-04-05,CLI0050,PROD0029,VEN010,SUC002,Presencial,7,626900,417500
VTA007135,2026-03-01,CLI0051,PROD0034,VEN008,SUC006,Presencial,10,538100,404900
VTA007136,2025-08-22,CLI0080,PROD0035,VEN012,SUC006,Web,2,767400,459400
VTA007137,2025-06-25,CLI0083,PROD0012,VEN006,SUC003,Telefónico,10,447800,289800
VTA007138,2025-11-14,CLI0072,PROD0010,VEN002,SUC005,Web,3,318500,229400
VTA007139,2025-06-17,CLI0050,PROD0022,VEN006,SUC008,Presencial,9,534200,309300
VTA007140,2026-02-08,CLI0078,PROD0006,VEN019,SUC007,Presencial,9,294500,180500
VTA007141,2026-03-16,CLI0095,PROD0003,VEN016,SUC006,Presencial,3,87100,62300
VTA007142,2026-03-02,CLI0007,PROD0001,VEN018,SUC007,Web,10,418400,253500
VTA007143,2026-05-06,CLI0019,PROD0047,VEN019,SUC005,Presencial,4,427600,364100
VTA007144,2025-04-20,CLI0011,PROD0013,VEN005,SUC010,Web,1,512500,400700
VTA007145,2025-05-12,CLI0069,PROD0045,VEN017,SUC009,Presencial,6,121100,91100
VTA007146,2025-03-04,CLI0086,PROD0048,VEN005,SUC001,Presencial,1,19700,13200
VTA007147,2025-11-20,CLI0053,PROD0049,VEN006,SUC001,Presencial,9,340900,246700
VTA007148,2025-09-07,CLI0040,PROD0014,VEN016,SUC006,Web,9,54800,42700
VTA007149,2025-03-15,CLI0030,PROD0026,VEN017,SUC004,Web,1,567600,392000
VTA007150,2026-05-11,CLI0016,PROD0043,VEN010,SUC003,Web,4,466200,361800
VTA007151,2025-10-31,CLI0008,PROD0031,VEN009,SUC004,Presencial,12,284700,202400
VTA007152,2025-12-27,CLI0080,PROD0050,VEN003,SUC004,Presencial,3,251300,201000
VTA007153,2025-12-06,CLI0003,PROD0011,VEN012,SUC010,Presencial,4,823500,681600
VTA007154,2025-01-23,CLI0047,PROD0010,VEN001,SUC004,Presencial,10,339500,228600
VTA007155,2025-01-20,CLI0089,PROD0012,VEN005,SUC005,Telefónico,4,434500,287900
VTA007156,2025-10-03,CLI0012,PROD0017,VEN014,SUC003,Telefónico,2,218700,145700
VTA007157,2025-12-03,CLI0053,PROD0046,VEN018,SUC006,Presencial,6,597900,351200
VTA007158,2025-08-23,CLI0039,PROD0022,VEN006,SUC010,Telefónico,9,474900,318700
VTA007159,2025-07-09,CLI0083,PROD0017,VEN012,SUC003,Presencial,3,227300,152100
VTA007160,2026-05-30,CLI0043,PROD0017,VEN003,SUC009,Presencial,6,209200,147900
VTA007161,2026-06-16,CLI0028,PROD0041,VEN016,SUC005,Presencial,9,219000,140600
VTA007162,2025-07-17,CLI0015,PROD0029,VEN010,SUC004,Telefónico,6,684500,430800
VTA007163,2025-06-14,CLI0007,PROD0008,VEN020,SUC004,Web,10,628700,392800
VTA007164,2025-09-24,CLI0017,PROD0048,VEN003,SUC002,Presencial,5,18800,13200
VTA007165,2025-10-18,CLI0008,PROD0001,VEN001,SUC002,Presencial,10,439000,246500
VTA007166,2025-03-10,CLI0093,PROD0039,VEN020,SUC008,Web,5,323700,216100
VTA007167,2025-01-29,CLI0032,PROD0023,VEN016,SUC004,Web,2,599300,408900
VTA007168,2026-01-05,CLI0041,PROD0013,VEN003,SUC004,Presencial,4,468700,400500
VTA007169,2025-08-13,CLI0008,PROD0036,VEN017,SUC007,Web,10,533400,318800
VTA007170,2025-12-22,CLI0098,PROD0042,VEN020,SUC006,Presencial,2,401300,285100
VTA007171,2025-03-31,CLI0071,PROD0007,VEN009,SUC004,Presencial,10,567400,453100
VTA007172,2025-07-30,CLI0046,PROD0021,VEN016,SUC007,Presencial,11,793200,661000
VTA007173,2026-07-23,CLI0013,PROD0003,VEN016,SUC005,Web,8,80100,61000
VTA007174,2025-06-21,CLI0075,PROD0036,VEN011,SUC010,Web,6,544400,318600
VTA007175,2025-09-21,CLI0088,PROD0048,VEN002,SUC004,Web,9,19300,13100
VTA007176,2025-06-20,CLI0046,PROD0047,VEN003,SUC009,Presencial,8,461800,358400
VTA007177,2026-02-05,CLI0100,PROD0005,VEN018,SUC005,Web,10,415600,301200
VTA007178,2025-05-18,CLI0054,PROD0007,VEN006,SUC007,Presencial,3,629600,453500
VTA007179,2025-10-24,CLI0006,PROD0021,VEN006,SUC009,Web,6,903200,668100
VTA007180,2025-08-22,CLI0036,PROD0012,VEN019,SUC005,Presencial,2,407300,276700
VTA007181,2026-06-08,CLI0083,PROD0040,VEN018,SUC007,Web,7,236000,152000
VTA007182,2025-01-25,CLI0095,PROD0026,VEN004,SUC010,Presencial,8,536800,394100
VTA007183,2025-02-18,CLI0093,PROD0019,VEN015,SUC001,Telefónico,3,636600,472000
VTA007184,2026-07-22,CLI0065,PROD0048,VEN003,SUC009,Presencial,3,21400,13000
VTA007185,2025-10-05,CLI0040,PROD0047,VEN017,SUC010,Web,4,405700,360600
VTA007186,2026-05-24,CLI0004,PROD0050,VEN006,SUC010,Web,10,259000,204500
VTA007187,2025-06-29,CLI0093,PROD0013,VEN013,SUC004,Presencial,12,532200,392800
VTA007188,2026-02-22,CLI0040,PROD0007,VEN016,SUC008,Web,2,622100,455300
VTA007189,2025-01-11,CLI0097,PROD0030,VEN012,SUC003,Presencial,7,622000,452400
VTA007190,2026-01-11,CLI0049,PROD0032,VEN013,SUC002,Presencial,8,313200,182000
VTA007191,2025-03-11,CLI0090,PROD0011,VEN017,SUC006,Web,8,840700,695800
VTA007192,2025-12-19,CLI0096,PROD0025,VEN019,SUC002,Presencial,12,78300,61500
VTA007193,2026-03-18,CLI0016,PROD0046,VEN020,SUC007,Web,10,569400,358400
VTA007194,2026-02-26,CLI0006,PROD0011,VEN012,SUC004,Web,7,786100,678200
VTA007195,2025-05-26,CLI0001,PROD0002,VEN017,SUC005,Presencial,11,428500,239800
VTA007196,2025-01-18,CLI0071,PROD0001,VEN007,SUC010,Web,6,436900,246100
VTA007197,2025-06-02,CLI0064,PROD0029,VEN002,SUC007,Presencial,4,629900,416200
VTA007198,2025-11-27,CLI0027,PROD0042,VEN011,SUC009,Presencial,1,418700,286600
VTA007199,2026-05-03,CLI0011,PROD0032,VEN003,SUC007,Telefónico,8,310000,178500
VTA007200,2025-05-12,CLI0048,PROD0011,VEN012,SUC001,Presencial,3,844400,692600
VTA007201,2025-02-19,CLI0033,PROD0008,VEN007,SUC008,Presencial,5,626900,387500
VTA007202,2025-09-07,CLI0061,PROD0015,VEN011,SUC004,Telefónico,4,161200,107400
VTA007203,2025-05-20,CLI0065,PROD0015,VEN010,SUC008,Presencial,3,175800,111200
VTA007204,2026-06-24,CLI0086,PROD0031,VEN019,SUC009,Web,8,262100,205800
VTA007205,2025-07-14,CLI0035,PROD0007,VEN012,SUC004,Telefónico,8,627000,465800
VTA007206,2025-11-25,CLI0010,PROD0025,VEN008,SUC005,Web,12,77200,59200
VTA007207,2026-07-07,CLI0074,PROD0033,VEN012,SUC003,Web,6,259000,171000
VTA007208,2025-12-09,CLI0027,PROD0037,VEN012,SUC008,Web,10,248100,167300
VTA007209,2026-02-28,CLI0028,PROD0003,VEN012,SUC002,Presencial,3,92600,59800
VTA007210,2026-04-15,CLI0098,PROD0031,VEN020,SUC005,Telefónico,1,277900,200400
VTA007211,2025-05-28,CLI0050,PROD0037,VEN006,SUC008,Web,7,242300,161700
VTA007212,2025-07-30,CLI0035,PROD0033,VEN016,SUC005,Web,6,255200,173800
VTA007213,2025-07-28,CLI0046,PROD0039,VEN020,SUC008,Presencial,5,342500,210300
VTA007214,2025-07-22,CLI0054,PROD0018,VEN001,SUC010,Web,1,208800,146500
VTA007215,2025-04-04,CLI0034,PROD0017,VEN008,SUC007,Presencial,6,203600,148600
VTA007216,2026-04-13,CLI0016,PROD0025,VEN016,SUC005,Telefónico,3,70800,60200
VTA007217,2025-10-13,CLI0060,PROD0029,VEN011,SUC002,Web,7,649600,425800
VTA007218,2025-07-08,CLI0055,PROD0032,VEN017,SUC005,Presencial,8,308900,184400
VTA007219,2025-06-29,CLI0050,PROD0029,VEN017,SUC007,Web,12,661600,434400
VTA007220,2026-01-02,CLI0068,PROD0010,VEN008,SUC003,Presencial,11,312400,225500
VTA007221,2025-07-01,CLI0031,PROD0008,VEN004,SUC010,Presencial,3,589900,392800
VTA007222,2025-08-13,CLI0053,PROD0038,VEN007,SUC003,Web,5,91000,58300
VTA007223,2025-07-10,CLI0048,PROD0017,VEN019,SUC001,Web,7,207200,148000
VTA007224,2026-04-11,CLI0064,PROD0016,VEN005,SUC002,Presencial,12,135000,110900
VTA007225,2025-05-03,CLI0008,PROD0036,VEN005,SUC007,Web,1,551800,326500
VTA007226,2025-10-28,CLI0037,PROD0017,VEN013,SUC009,Telefónico,8,195100,150600
VTA007227,2025-02-01,CLI0072,PROD0033,VEN012,SUC003,Web,6,265300,173500
VTA007228,2025-03-30,CLI0012,PROD0041,VEN017,SUC008,Presencial,6,203700,138000
VTA007229,2026-07-03,CLI0081,PROD0032,VEN004,SUC007,Presencial,1,330100,179200
VTA007230,2026-03-01,CLI0001,PROD0031,VEN009,SUC007,Presencial,12,274400,198000
VTA007231,2025-12-26,CLI0007,PROD0038,VEN001,SUC005,Web,2,95300,57800
VTA007232,2026-05-10,CLI0015,PROD0050,VEN014,SUC003,Telefónico,10,285200,203100
VTA007233,2025-01-10,CLI0098,PROD0039,VEN015,SUC004,Presencial,6,345000,215100
VTA007234,2026-06-17,CLI0003,PROD0027,VEN012,SUC004,Web,3,103800,76200
VTA007235,2025-07-04,CLI0034,PROD0047,VEN003,SUC008,Presencial,6,435400,360900
VTA007236,2025-04-16,CLI0030,PROD0036,VEN008,SUC005,Presencial,12,494900,317100
VTA007237,2025-12-12,CLI0050,PROD0040,VEN009,SUC001,Presencial,9,208700,148100
VTA007238,2025-01-25,CLI0012,PROD0019,VEN020,SUC002,Presencial,10,706000,468200
VTA007239,2025-12-06,CLI0076,PROD0016,VEN014,SUC008,Presencial,3,132800,112600
VTA007240,2025-10-17,CLI0029,PROD0025,VEN015,SUC010,Presencial,9,78900,60300
VTA007241,2025-04-29,CLI0089,PROD0022,VEN018,SUC008,Web,11,507500,323000
VTA007242,2025-04-28,CLI0002,PROD0034,VEN012,SUC009,Web,9,568400,404800
VTA007243,2025-07-22,CLI0022,PROD0038,VEN007,SUC001,Presencial,8,98800,59200
VTA007244,2025-02-11,CLI0026,PROD0024,VEN015,SUC007,Web,1,775800,593000
VTA007245,2025-05-10,CLI0045,PROD0022,VEN017,SUC003,Telefónico,11,488300,314200
VTA007246,2026-06-04,CLI0078,PROD0015,VEN011,SUC004,Presencial,1,174300,106800
VTA007247,2025-09-01,CLI0076,PROD0048,VEN015,SUC008,Presencial,9,18500,12700
VTA007248,2025-08-20,CLI0069,PROD0031,VEN002,SUC002,Presencial,1,290600,202300
VTA007249,2025-01-19,CLI0054,PROD0015,VEN007,SUC007,Web,7,188700,107600
VTA007250,2026-03-03,CLI0074,PROD0015,VEN003,SUC001,Web,3,163000,106600
VTA007251,2025-05-07,CLI0093,PROD0018,VEN017,SUC003,Web,8,208400,149700
VTA007252,2025-04-06,CLI0044,PROD0043,VEN008,SUC010,Web,4,493200,362300
VTA007253,2025-06-18,CLI0063,PROD0046,VEN001,SUC001,Presencial,10,586400,357200
VTA007254,2025-06-15,CLI0065,PROD0039,VEN002,SUC007,Presencial,11,342200,209500
VTA007255,2026-01-10,CLI0085,PROD0006,VEN019,SUC005,Web,8,291800,186300
VTA007256,2025-08-14,CLI0019,PROD0006,VEN009,SUC010,Web,1,266600,179100
VTA007257,2025-07-02,CLI0003,PROD0023,VEN011,SUC002,Presencial,6,560000,398000
VTA007258,2026-05-04,CLI0067,PROD0008,VEN007,SUC008,Web,7,587200,392100
VTA007259,2025-01-01,CLI0038,PROD0047,VEN005,SUC009,Presencial,5,446500,361900
VTA007260,2025-10-04,CLI0061,PROD0015,VEN015,SUC008,Telefónico,12,174500,106600
VTA007261,2026-06-10,CLI0087,PROD0044,VEN003,SUC007,Presencial,1,727300,591000
VTA007262,2025-01-22,CLI0051,PROD0004,VEN010,SUC005,Telefónico,4,408000,287400
VTA007263,2026-02-09,CLI0038,PROD0021,VEN004,SUC004,Web,11,864400,657600
VTA007264,2025-02-01,CLI0014,PROD0012,VEN010,SUC009,Web,6,417800,285800
VTA007265,2026-01-29,CLI0067,PROD0043,VEN014,SUC004,Presencial,5,493300,361400
VTA007266,2025-04-11,CLI0021,PROD0026,VEN018,SUC010,Web,7,571600,391600
VTA007267,2026-01-10,CLI0076,PROD0050,VEN009,SUC005,Presencial,7,287400,204700
VTA007268,2025-04-30,CLI0094,PROD0001,VEN007,SUC010,Presencial,3,433900,246000
VTA007269,2025-02-27,CLI0013,PROD0012,VEN020,SUC002,Web,4,399800,287800
VTA007270,2025-05-15,CLI0022,PROD0029,VEN009,SUC009,Presencial,1,669500,418700
VTA007271,2026-07-19,CLI0015,PROD0031,VEN009,SUC006,Telefónico,12,250900,199300
VTA007272,2026-01-16,CLI0086,PROD0042,VEN008,SUC002,Web,6,411900,280500
VTA007273,2026-02-27,CLI0036,PROD0015,VEN015,SUC003,Presencial,5,167300,108400
VTA007274,2026-07-06,CLI0096,PROD0008,VEN010,SUC007,Web,1,629200,388500
VTA007275,2026-03-18,CLI0013,PROD0026,VEN020,SUC002,Presencial,6,522300,381000
VTA007276,2025-03-23,CLI0082,PROD0037,VEN007,SUC006,Presencial,3,254900,167600
VTA007277,2026-01-20,CLI0066,PROD0041,VEN011,SUC004,Telefónico,3,199700,140300
VTA007278,2026-07-06,CLI0027,PROD0037,VEN012,SUC003,Web,10,257100,163300
VTA007279,2025-11-01,CLI0029,PROD0001,VEN004,SUC001,Presencial,10,402600,243100
VTA007280,2026-03-17,CLI0038,PROD0044,VEN007,SUC007,Telefónico,3,721600,592500
VTA007281,2026-07-12,CLI0034,PROD0036,VEN017,SUC010,Web,9,557900,321000
VTA007282,2025-12-24,CLI0079,PROD0007,VEN003,SUC007,Telefónico,3,547800,448500
VTA007283,2026-06-16,CLI0011,PROD0024,VEN018,SUC005,Telefónico,4,711700,576100
VTA007284,2026-02-19,CLI0062,PROD0002,VEN019,SUC006,Presencial,2,400700,242800
VTA007285,2025-04-14,CLI0009,PROD0012,VEN014,SUC007,Presencial,5,398300,280700
VTA007286,2026-02-21,CLI0003,PROD0009,VEN004,SUC009,Presencial,12,769700,470600
VTA007287,2026-01-20,CLI0063,PROD0017,VEN011,SUC007,Presencial,10,197000,147500
VTA007288,2026-01-18,CLI0096,PROD0039,VEN018,SUC008,Web,7,330400,219200
VTA007289,2025-12-13,CLI0014,PROD0003,VEN018,SUC007,Presencial,1,86300,61500
VTA007290,2025-11-26,CLI0048,PROD0036,VEN011,SUC005,Presencial,9,482600,312500
VTA007291,2026-05-31,CLI0089,PROD0049,VEN003,SUC002,Presencial,2,349100,243000
VTA007292,2025-03-13,CLI0015,PROD0014,VEN013,SUC004,Presencial,7,53500,43500
VTA007293,2026-07-02,CLI0034,PROD0035,VEN012,SUC005,Presencial,9,723800,454600
VTA007294,2026-07-04,CLI0075,PROD0025,VEN015,SUC007,Web,9,71200,61200
VTA007295,2026-02-28,CLI0011,PROD0019,VEN003,SUC010,Presencial,2,732700,469100
VTA007296,2025-04-26,CLI0062,PROD0007,VEN003,SUC001,Web,3,617600,460900
VTA007297,2026-01-01,CLI0072,PROD0019,VEN011,SUC002,Telefónico,10,700800,468000
VTA007298,2025-10-15,CLI0080,PROD0027,VEN008,SUC001,Web,4,107300,75800
VTA007299,2025-11-02,CLI0026,PROD0025,VEN018,SUC004,Telefónico,9,77700,60900
VTA007300,2026-04-07,CLI0023,PROD0010,VEN011,SUC002,Web,5,329600,228100
VTA007301,2026-05-21,CLI0015,PROD0047,VEN010,SUC007,Presencial,4,456600,355600
VTA007302,2025-12-07,CLI0004,PROD0012,VEN003,SUC003,Presencial,5,419000,289100
VTA007303,2025-07-23,CLI0053,PROD0033,VEN016,SUC003,Telefónico,7,243500,169500
VTA007304,2025-10-17,CLI0086,PROD0015,VEN018,SUC009,Telefónico,7,187400,108400
VTA007305,2026-03-21,CLI0040,PROD0048,VEN018,SUC004,Presencial,7,18800,12700
VTA007306,2026-04-19,CLI0037,PROD0003,VEN013,SUC009,Web,2,90400,59400
VTA007307,2026-04-22,CLI0079,PROD0016,VEN004,SUC005,Web,1,142800,111100
VTA007308,2026-03-05,CLI0099,PROD0011,VEN008,SUC004,Presencial,1,855900,673000
VTA007309,2025-08-04,CLI0044,PROD0002,VEN003,SUC004,Web,10,413800,245700
VTA007310,2025-12-13,CLI0071,PROD0017,VEN004,SUC007,Web,1,198000,146500
VTA007311,2025-08-29,CLI0093,PROD0002,VEN013,SUC009,Web,2,405900,241200
VTA007312,2026-04-28,CLI0091,PROD0007,VEN005,SUC009,Web,3,576200,450400
VTA007313,2026-04-23,CLI0082,PROD0021,VEN003,SUC005,Presencial,6,878800,667100
VTA007314,2025-12-16,CLI0025,PROD0023,VEN013,SUC007,Web,5,561600,412700
VTA007315,2026-07-05,CLI0039,PROD0016,VEN019,SUC004,Presencial,6,151200,110000
VTA007316,2025-05-24,CLI0009,PROD0017,VEN012,SUC010,Presencial,6,226800,149600
VTA007317,2026-01-20,CLI0044,PROD0040,VEN003,SUC005,Presencial,12,213900,148700
VTA007318,2026-04-22,CLI0040,PROD0047,VEN001,SUC009,Web,9,450700,353100
VTA007319,2025-11-13,CLI0017,PROD0010,VEN020,SUC005,Web,5,302400,230600
VTA007320,2025-01-27,CLI0069,PROD0009,VEN010,SUC007,Web,9,756000,475200
VTA007321,2025-12-21,CLI0009,PROD0023,VEN015,SUC010,Telefónico,12,582800,397400
VTA007322,2025-04-06,CLI0025,PROD0025,VEN013,SUC001,Web,1,68400,59600
VTA007323,2025-10-25,CLI0017,PROD0044,VEN019,SUC005,Web,10,732700,592200
VTA007324,2025-12-24,CLI0013,PROD0041,VEN009,SUC003,Web,12,221500,142500
VTA007325,2025-05-09,CLI0039,PROD0009,VEN011,SUC006,Web,7,779600,476800
VTA007326,2026-03-28,CLI0065,PROD0015,VEN001,SUC003,Web,5,165500,108400
VTA007327,2026-01-03,CLI0069,PROD0029,VEN007,SUC008,Presencial,11,712400,425500
VTA007328,2026-04-06,CLI0078,PROD0024,VEN004,SUC004,Web,7,760100,592200
VTA007329,2026-05-10,CLI0079,PROD0020,VEN008,SUC009,Presencial,8,478800,404600
VTA007330,2026-04-30,CLI0024,PROD0027,VEN019,SUC003,Web,10,106400,75400
VTA007331,2025-01-28,CLI0049,PROD0046,VEN002,SUC004,Presencial,11,592500,350600
VTA007332,2025-03-23,CLI0065,PROD0006,VEN015,SUC005,Web,8,254200,184800
VTA007333,2025-06-28,CLI0075,PROD0026,VEN004,SUC010,Presencial,10,539300,394500
VTA007334,2025-12-24,CLI0030,PROD0019,VEN005,SUC007,Web,10,701000,467200
VTA007335,2025-08-04,CLI0075,PROD0002,VEN006,SUC003,Web,3,463500,245300
VTA007336,2025-06-10,CLI0003,PROD0018,VEN009,SUC003,Telefónico,12,197700,153000
VTA007337,2026-01-08,CLI0013,PROD0025,VEN012,SUC007,Web,1,69300,60400
VTA007338,2025-09-08,CLI0019,PROD0030,VEN009,SUC001,Web,3,620700,445100
VTA007339,2025-07-06,CLI0096,PROD0011,VEN020,SUC001,Presencial,6,868500,666400
VTA007340,2026-02-20,CLI0007,PROD0025,VEN017,SUC007,Presencial,4,69700,61100
VTA007341,2025-06-09,CLI0008,PROD0039,VEN015,SUC008,Presencial,1,344700,210500
VTA007342,2026-02-17,CLI0041,PROD0007,VEN009,SUC009,Web,6,555400,450900
VTA007343,2025-08-19,CLI0004,PROD0048,VEN010,SUC008,Web,1,19000,12800
VTA007344,2025-10-28,CLI0088,PROD0012,VEN017,SUC002,Web,6,434800,276700
VTA007345,2025-05-22,CLI0055,PROD0037,VEN009,SUC010,Telefónico,10,256500,168900
VTA007346,2025-07-01,CLI0065,PROD0022,VEN013,SUC010,Web,10,521500,313100
VTA007347,2026-04-02,CLI0074,PROD0020,VEN011,SUC001,Web,8,540100,405600
VTA007348,2026-02-21,CLI0077,PROD0002,VEN005,SUC003,Presencial,12,403400,237800
VTA007349,2025-06-17,CLI0090,PROD0035,VEN017,SUC005,Presencial,7,683400,441400
VTA007350,2026-05-03,CLI0002,PROD0014,VEN017,SUC002,Presencial,1,60600,43500
VTA007351,2026-04-18,CLI0005,PROD0029,VEN002,SUC006,Web,5,707200,414600
VTA007352,2025-06-11,CLI0014,PROD0031,VEN003,SUC007,Presencial,9,284000,197800
VTA007353,2026-04-24,CLI0072,PROD0020,VEN015,SUC005,Web,3,515700,406700
VTA007354,2026-07-11,CLI0020,PROD0015,VEN007,SUC009,Web,10,167600,110900
VTA007355,2025-04-03,CLI0026,PROD0041,VEN015,SUC004,Telefónico,12,211700,138700
VTA007356,2026-02-21,CLI0045,PROD0043,VEN007,SUC010,Web,5,450300,357300
VTA007357,2026-04-28,CLI0039,PROD0026,VEN004,SUC006,Web,6,510600,377400
VTA007358,2026-05-23,CLI0036,PROD0044,VEN007,SUC005,Web,11,818800,584500
VTA007359,2025-10-14,CLI0087,PROD0034,VEN004,SUC004,Presencial,7,525000,420800
VTA007360,2026-02-24,CLI0061,PROD0031,VEN013,SUC005,Web,1,289700,200600
VTA007361,2025-11-27,CLI0038,PROD0046,VEN010,SUC002,Telefónico,2,533600,356300
VTA007362,2026-06-17,CLI0059,PROD0015,VEN002,SUC003,Presencial,10,178800,107300
VTA007363,2026-03-05,CLI0094,PROD0026,VEN019,SUC002,Telefónico,7,499200,375700
VTA007364,2026-06-14,CLI0043,PROD0024,VEN013,SUC008,Web,11,693100,575400
VTA007365,2026-06-13,CLI0044,PROD0042,VEN001,SUC003,Presencial,2,385400,285700
VTA007366,2025-07-11,CLI0006,PROD0026,VEN011,SUC009,Telefónico,1,549400,383500
VTA007367,2025-11-03,CLI0036,PROD0008,VEN020,SUC010,Web,9,610600,375300
VTA007368,2025-08-14,CLI0032,PROD0037,VEN002,SUC009,Telefónico,4,243900,166500
VTA007369,2026-07-20,CLI0083,PROD0032,VEN005,SUC010,Telefónico,11,319700,179100
VTA007370,2026-02-27,CLI0070,PROD0013,VEN015,SUC005,Presencial,1,495000,390700
VTA007371,2025-02-17,CLI0065,PROD0017,VEN013,SUC002,Presencial,3,209100,147900
VTA007372,2025-11-29,CLI0029,PROD0042,VEN002,SUC007,Presencial,5,414200,274600
VTA007373,2025-12-01,CLI0058,PROD0036,VEN013,SUC010,Telefónico,7,529700,318000
VTA007374,2025-11-02,CLI0057,PROD0008,VEN017,SUC010,Presencial,7,607700,382100
VTA007375,2025-08-05,CLI0073,PROD0032,VEN013,SUC003,Presencial,12,299400,183000
VTA007376,2025-07-04,CLI0012,PROD0025,VEN008,SUC007,Web,8,71500,61400
VTA007377,2025-01-05,CLI0087,PROD0038,VEN009,SUC008,Web,8,94500,60000
VTA007378,2025-07-11,CLI0081,PROD0025,VEN008,SUC004,Presencial,9,76800,61000
VTA007379,2026-02-27,CLI0032,PROD0002,VEN005,SUC006,Telefónico,5,417100,235200
VTA007380,2025-05-27,CLI0096,PROD0032,VEN014,SUC009,Telefónico,8,331200,185200
VTA007381,2026-05-26,CLI0100,PROD0001,VEN008,SUC004,Web,7,404200,252100
VTA007382,2025-08-20,CLI0038,PROD0031,VEN017,SUC005,Telefónico,10,287100,203100
VTA007383,2025-11-12,CLI0048,PROD0034,VEN015,SUC009,Web,6,598800,405000
VTA007384,2025-10-12,CLI0039,PROD0034,VEN001,SUC002,Presencial,9,516400,419200
VTA007385,2026-03-05,CLI0009,PROD0045,VEN019,SUC009,Telefónico,5,115800,94600
VTA007386,2025-08-17,CLI0044,PROD0019,VEN017,SUC009,Telefónico,11,743800,475600
VTA007387,2026-01-01,CLI0079,PROD0008,VEN019,SUC008,Web,11,648200,389700
VTA007388,2025-07-14,CLI0080,PROD0024,VEN001,SUC004,Telefónico,1,777800,592000
VTA007389,2025-05-28,CLI0060,PROD0050,VEN017,SUC003,Telefónico,10,273700,207300
VTA007390,2025-11-09,CLI0028,PROD0016,VEN013,SUC006,Web,4,152800,112100
VTA007391,2025-05-19,CLI0089,PROD0019,VEN010,SUC002,Web,8,728700,482100
VTA007392,2025-06-14,CLI0002,PROD0018,VEN015,SUC010,Telefónico,12,189300,147700
VTA007393,2025-06-18,CLI0100,PROD0048,VEN019,SUC010,Web,9,19100,13000
VTA007394,2025-02-19,CLI0047,PROD0044,VEN004,SUC001,Presencial,6,817500,607700
VTA007395,2026-06-11,CLI0099,PROD0036,VEN017,SUC005,Presencial,3,526800,322200
VTA007396,2026-07-29,CLI0039,PROD0017,VEN004,SUC009,Telefónico,12,222600,145700
VTA007397,2025-11-03,CLI0008,PROD0003,VEN011,SUC003,Presencial,12,88100,60100
VTA007398,2026-04-27,CLI0087,PROD0029,VEN010,SUC005,Web,12,689100,435000
VTA007399,2025-08-27,CLI0062,PROD0015,VEN013,SUC006,Web,9,179500,108700
VTA007400,2025-06-24,CLI0099,PROD0013,VEN001,SUC009,Web,9,471800,397600
VTA007401,2025-11-16,CLI0052,PROD0030,VEN008,SUC007,Presencial,4,595000,457700
VTA007402,2026-03-18,CLI0006,PROD0017,VEN004,SUC004,Telefónico,10,212700,145900
VTA007403,2025-02-23,CLI0080,PROD0009,VEN014,SUC004,Telefónico,7,804600,456400
VTA007404,2025-09-16,CLI0047,PROD0001,VEN005,SUC001,Presencial,11,436300,244800
VTA007405,2025-10-11,CLI0088,PROD0039,VEN016,SUC006,Presencial,11,344300,217300
VTA007406,2025-08-05,CLI0021,PROD0010,VEN011,SUC009,Presencial,10,312400,233600
VTA007407,2025-05-17,CLI0059,PROD0042,VEN019,SUC004,Web,11,371800,285400
VTA007408,2025-09-21,CLI0092,PROD0013,VEN016,SUC001,Web,1,498000,400000
VTA007409,2025-11-05,CLI0091,PROD0047,VEN014,SUC002,Web,9,457500,355800
VTA007410,2025-10-24,CLI0021,PROD0038,VEN016,SUC004,Presencial,3,92000,57700
VTA007411,2026-02-25,CLI0049,PROD0004,VEN009,SUC009,Presencial,4,395600,287800
VTA007412,2025-12-31,CLI0016,PROD0030,VEN016,SUC009,Web,10,622300,454600
VTA007413,2025-08-21,CLI0008,PROD0017,VEN004,SUC004,Web,8,215800,148200
VTA007414,2025-04-18,CLI0046,PROD0050,VEN002,SUC007,Telefónico,2,264700,200500
VTA007415,2026-01-17,CLI0064,PROD0007,VEN001,SUC007,Telefónico,10,625500,463800
VTA007416,2025-10-06,CLI0017,PROD0013,VEN018,SUC005,Web,5,518500,391500
VTA007417,2025-02-10,CLI0069,PROD0049,VEN018,SUC001,Telefónico,2,353900,241700
VTA007418,2025-09-27,CLI0024,PROD0026,VEN015,SUC007,Presencial,1,507500,381700
VTA007419,2025-08-04,CLI0010,PROD0004,VEN018,SUC001,Web,9,362100,287200
VTA007420,2025-05-07,CLI0041,PROD0019,VEN016,SUC009,Telefónico,11,657300,478300
VTA007421,2025-01-18,CLI0045,PROD0001,VEN017,SUC009,Web,3,433500,247900
VTA007422,2026-07-16,CLI0059,PROD0001,VEN010,SUC007,Web,9,383700,244900
VTA007423,2025-06-21,CLI0015,PROD0003,VEN010,SUC003,Presencial,9,81200,61300
VTA007424,2025-04-28,CLI0007,PROD0013,VEN019,SUC009,Presencial,10,478100,390800
VTA007425,2026-03-02,CLI0043,PROD0043,VEN017,SUC001,Presencial,6,474100,359900
VTA007426,2026-07-28,CLI0077,PROD0046,VEN001,SUC010,Web,1,581400,351600
VTA007427,2025-09-30,CLI0029,PROD0031,VEN001,SUC006,Presencial,10,290200,201600
VTA007428,2025-08-23,CLI0083,PROD0042,VEN006,SUC002,Presencial,8,373900,284400
VTA007429,2025-07-12,CLI0079,PROD0037,VEN002,SUC010,Presencial,3,235800,168700
VTA007430,2026-04-16,CLI0086,PROD0018,VEN003,SUC004,Presencial,11,205800,150200
VTA007431,2025-07-07,CLI0081,PROD0002,VEN008,SUC002,Presencial,4,406300,243800
VTA007432,2025-02-24,CLI0051,PROD0023,VEN013,SUC005,Presencial,9,590300,406800
VTA007433,2026-06-19,CLI0066,PROD0043,VEN006,SUC006,Presencial,11,437300,363500
VTA007434,2025-03-23,CLI0047,PROD0014,VEN006,SUC008,Presencial,4,56800,44100
VTA007435,2026-07-16,CLI0078,PROD0012,VEN014,SUC001,Presencial,8,433800,279500
VTA007436,2026-06-08,CLI0084,PROD0036,VEN013,SUC009,Presencial,7,533000,315500
VTA007437,2025-12-22,CLI0019,PROD0006,VEN015,SUC003,Telefónico,6,279700,184400
VTA007438,2025-05-01,CLI0025,PROD0040,VEN011,SUC002,Presencial,1,216800,153600
VTA007439,2025-07-31,CLI0021,PROD0043,VEN005,SUC003,Web,11,496300,356800
VTA007440,2026-01-18,CLI0090,PROD0023,VEN015,SUC001,Telefónico,6,634100,397500
VTA007441,2025-09-13,CLI0040,PROD0034,VEN010,SUC002,Presencial,5,519400,420300
VTA007442,2026-06-18,CLI0062,PROD0024,VEN019,SUC002,Web,7,711900,594400
VTA007443,2025-06-08,CLI0022,PROD0034,VEN014,SUC003,Presencial,1,524100,411800
VTA007444,2025-05-09,CLI0084,PROD0049,VEN017,SUC004,Presencial,4,316800,250800
VTA007445,2026-01-07,CLI0091,PROD0019,VEN016,SUC001,Presencial,10,677200,481700
VTA007446,2026-07-29,CLI0019,PROD0029,VEN013,SUC006,Presencial,3,671300,434400
VTA007447,2025-11-01,CLI0026,PROD0030,VEN014,SUC006,Presencial,8,624700,454000
VTA007448,2025-04-05,CLI0080,PROD0001,VEN004,SUC004,Presencial,2,424000,250100
VTA007449,2025-06-30,CLI0017,PROD0033,VEN006,SUC008,Telefónico,4,244800,170100
VTA007450,2026-04-09,CLI0009,PROD0049,VEN004,SUC001,Web,5,339300,249500
VTA007451,2025-02-17,CLI0090,PROD0044,VEN001,SUC009,Web,8,748600,604700
VTA007452,2025-11-29,CLI0042,PROD0025,VEN009,SUC007,Web,4,68500,61600
VTA007453,2025-09-16,CLI0037,PROD0031,VEN016,SUC002,Presencial,3,286100,202000
VTA007454,2025-07-07,CLI0020,PROD0023,VEN007,SUC001,Web,4,575700,395200
VTA007455,2026-02-03,CLI0029,PROD0030,VEN019,SUC010,Presencial,2,608200,444500
VTA007456,2025-08-08,CLI0018,PROD0034,VEN008,SUC005,Presencial,7,595000,404800
VTA007457,2025-11-19,CLI0021,PROD0044,VEN001,SUC006,Web,6,769400,579900
VTA007458,2025-06-13,CLI0060,PROD0023,VEN013,SUC006,Presencial,8,588600,398300
VTA007459,2025-01-19,CLI0029,PROD0044,VEN007,SUC001,Presencial,4,835500,602400
VTA007460,2026-06-10,CLI0045,PROD0016,VEN014,SUC008,Web,1,143300,108900
VTA007461,2025-12-12,CLI0077,PROD0004,VEN005,SUC007,Presencial,2,383000,288900
VTA007462,2025-09-17,CLI0006,PROD0044,VEN016,SUC006,Presencial,3,761400,599000
VTA007463,2025-08-12,CLI0038,PROD0007,VEN008,SUC005,Web,12,577300,456000
VTA007464,2026-03-13,CLI0062,PROD0011,VEN019,SUC004,Web,12,791200,689000
VTA007465,2025-05-29,CLI0081,PROD0007,VEN015,SUC009,Web,9,549800,448200
VTA007466,2026-04-01,CLI0042,PROD0048,VEN010,SUC002,Web,1,19000,13100
VTA007467,2025-01-13,CLI0082,PROD0050,VEN010,SUC003,Web,11,274500,205000
VTA007468,2026-07-05,CLI0017,PROD0013,VEN017,SUC006,Web,9,530600,401200
VTA007469,2025-07-19,CLI0071,PROD0020,VEN005,SUC002,Presencial,4,484400,398600
VTA007470,2026-07-25,CLI0094,PROD0050,VEN016,SUC006,Presencial,3,262100,205900
VTA007471,2026-07-14,CLI0034,PROD0004,VEN010,SUC007,Presencial,11,373800,288200
VTA007472,2026-02-10,CLI0097,PROD0002,VEN016,SUC004,Presencial,11,456700,246400
VTA007473,2025-07-01,CLI0054,PROD0026,VEN003,SUC007,Web,1,523700,393500
VTA007474,2025-03-04,CLI0098,PROD0025,VEN002,SUC009,Telefónico,9,75500,59800
VTA007475,2026-02-26,CLI0063,PROD0002,VEN003,SUC008,Presencial,1,423200,242600
VTA007476,2026-01-26,CLI0053,PROD0038,VEN012,SUC001,Telefónico,12,96300,58600
VTA007477,2025-02-26,CLI0023,PROD0036,VEN007,SUC003,Telefónico,5,523500,321800
VTA007478,2025-09-04,CLI0061,PROD0049,VEN001,SUC002,Presencial,6,368000,250000
VTA007479,2025-01-01,CLI0008,PROD0037,VEN019,SUC004,Telefónico,11,252000,166800
VTA007480,2025-10-19,CLI0019,PROD0027,VEN009,SUC002,Presencial,12,112200,75200
VTA007481,2026-03-21,CLI0051,PROD0015,VEN009,SUC005,Telefónico,4,183700,109800
VTA007482,2026-07-07,CLI0076,PROD0003,VEN008,SUC002,Web,9,91700,60600
VTA007483,2025-09-24,CLI0010,PROD0014,VEN019,SUC004,Presencial,2,57100,44300
VTA007484,2025-05-05,CLI0004,PROD0034,VEN012,SUC002,Presencial,1,515500,417300
VTA007485,2025-01-08,CLI0004,PROD0018,VEN015,SUC007,Web,5,209600,150800
VTA007486,2025-04-22,CLI0070,PROD0011,VEN014,SUC008,Web,11,894800,690800
VTA007487,2026-03-10,CLI0016,PROD0025,VEN014,SUC009,Web,11,73600,61400
VTA007488,2025-09-28,CLI0038,PROD0006,VEN016,SUC007,Telefónico,4,283500,179200
VTA007489,2025-05-27,CLI0048,PROD0027,VEN004,SUC006,Web,1,103300,76400
VTA007490,2026-07-12,CLI0041,PROD0008,VEN007,SUC007,Presencial,5,593500,377100
VTA007491,2025-08-10,CLI0075,PROD0044,VEN014,SUC003,Web,10,760400,606800
VTA007492,2026-05-28,CLI0077,PROD0032,VEN005,SUC001,Presencial,1,320500,186800
VTA007493,2025-02-11,CLI0097,PROD0015,VEN008,SUC006,Telefónico,10,170100,108200
VTA007494,2025-02-13,CLI0063,PROD0008,VEN006,SUC010,Presencial,4,676300,389000
VTA007495,2025-01-12,CLI0027,PROD0007,VEN009,SUC001,Telefónico,4,568600,456700
VTA007496,2025-04-03,CLI0027,PROD0035,VEN013,SUC002,Web,7,708800,448700
VTA007497,2025-02-21,CLI0072,PROD0003,VEN011,SUC005,Telefónico,5,82100,59700
VTA007498,2025-07-26,CLI0044,PROD0039,VEN003,SUC008,Web,9,315800,214500
VTA007499,2025-07-05,CLI0086,PROD0003,VEN016,SUC003,Presencial,5,92700,59600
VTA007500,2025-04-02,CLI0070,PROD0001,VEN015,SUC006,Telefónico,4,417200,244300
VTA007501,2026-07-21,CLI0044,PROD0027,VEN006,SUC005,Web,12,113200,75000
VTA007502,2025-12-19,CLI0066,PROD0001,VEN007,SUC009,Web,5,406400,246100
VTA007503,2025-01-30,CLI0045,PROD0032,VEN002,SUC002,Presencial,7,314300,180300
VTA007504,2025-02-01,CLI0025,PROD0025,VEN017,SUC004,Presencial,1,78200,60700
VTA007505,2026-03-18,CLI0066,PROD0002,VEN010,SUC004,Presencial,6,431500,238500
VTA007506,2025-02-06,CLI0087,PROD0009,VEN008,SUC006,Web,7,849900,466400
VTA007507,2025-07-07,CLI0011,PROD0008,VEN005,SUC003,Presencial,3,589600,379000
VTA007508,2025-09-13,CLI0083,PROD0039,VEN007,SUC005,Presencial,2,349800,213900
VTA007509,2025-08-22,CLI0025,PROD0014,VEN019,SUC010,Web,6,62500,42300
VTA007510,2025-09-12,CLI0051,PROD0021,VEN017,SUC003,Web,11,781300,654500
VTA007511,2025-06-13,CLI0051,PROD0017,VEN013,SUC004,Telefónico,11,204200,145400
VTA007512,2026-02-07,CLI0067,PROD0011,VEN002,SUC010,Web,2,865800,687400
VTA007513,2025-12-14,CLI0013,PROD0006,VEN006,SUC005,Presencial,10,281600,184800
VTA007514,2025-08-12,CLI0010,PROD0011,VEN002,SUC009,Telefónico,2,905600,685500
VTA007515,2026-06-25,CLI0081,PROD0040,VEN015,SUC002,Presencial,7,239800,151400
VTA007516,2025-07-08,CLI0003,PROD0012,VEN006,SUC006,Presencial,5,393300,277500
VTA007517,2025-12-30,CLI0068,PROD0032,VEN014,SUC006,Telefónico,8,313900,181600
VTA007518,2025-10-27,CLI0019,PROD0023,VEN016,SUC001,Telefónico,7,622000,406300
VTA007519,2025-05-24,CLI0089,PROD0031,VEN018,SUC003,Presencial,6,267300,199000
VTA007520,2025-10-28,CLI0001,PROD0048,VEN001,SUC003,Presencial,4,20000,12900
VTA007521,2026-07-04,CLI0010,PROD0016,VEN014,SUC003,Presencial,1,147800,109500
VTA007522,2025-06-26,CLI0093,PROD0022,VEN016,SUC003,Presencial,3,493300,310300
VTA007523,2025-01-22,CLI0022,PROD0048,VEN009,SUC004,Telefónico,7,21100,12900
VTA007524,2025-10-02,CLI0087,PROD0022,VEN005,SUC004,Presencial,4,534400,314800
VTA007525,2025-07-08,CLI0099,PROD0050,VEN016,SUC007,Web,10,254000,207800
VTA007526,2025-09-05,CLI0046,PROD0019,VEN014,SUC005,Presencial,9,635400,468900
VTA007527,2025-10-12,CLI0034,PROD0018,VEN009,SUC007,Presencial,1,196300,151300
VTA007528,2025-05-01,CLI0076,PROD0015,VEN019,SUC001,Web,7,162600,106800
VTA007529,2026-07-01,CLI0084,PROD0009,VEN020,SUC002,Presencial,1,863700,455800
VTA007530,2026-01-11,CLI0049,PROD0028,VEN006,SUC008,Presencial,1,457400,275900
VTA007531,2025-01-21,CLI0001,PROD0014,VEN016,SUC005,Presencial,12,62000,42400
VTA007532,2026-05-15,CLI0020,PROD0016,VEN008,SUC004,Presencial,6,140600,110900
VTA007533,2026-01-19,CLI0031,PROD0043,VEN015,SUC007,Web,7,428500,352100
VTA007534,2025-09-14,CLI0062,PROD0007,VEN005,SUC010,Web,9,554400,454300
VTA007535,2025-03-08,CLI0031,PROD0043,VEN008,SUC005,Presencial,1,486800,358900
VTA007536,2026-02-20,CLI0082,PROD0037,VEN004,SUC010,Web,3,255100,166100
VTA007537,2026-05-19,CLI0093,PROD0027,VEN001,SUC010,Presencial,1,100900,76000
VTA007538,2025-11-06,CLI0039,PROD0006,VEN014,SUC009,Web,4,267300,185000
VTA007539,2026-06-16,CLI0006,PROD0036,VEN019,SUC004,Telefónico,7,535600,317300
VTA007540,2026-04-17,CLI0026,PROD0021,VEN014,SUC009,Presencial,6,903200,666600
VTA007541,2026-07-22,CLI0052,PROD0036,VEN015,SUC004,Presencial,10,524800,322300
VTA007542,2026-03-04,CLI0070,PROD0005,VEN015,SUC006,Presencial,8,409400,308900
VTA007543,2025-02-13,CLI0071,PROD0008,VEN019,SUC005,Presencial,8,613600,386400
VTA007544,2025-02-15,CLI0091,PROD0040,VEN018,SUC004,Telefónico,11,228200,153400
VTA007545,2025-05-10,CLI0072,PROD0043,VEN018,SUC010,Presencial,11,448700,350000
VTA007546,2025-12-29,CLI0039,PROD0044,VEN020,SUC003,Presencial,8,775000,585900
VTA007547,2025-11-10,CLI0003,PROD0028,VEN011,SUC006,Presencial,2,445000,276700
VTA007548,2026-01-18,CLI0070,PROD0049,VEN020,SUC003,Telefónico,9,358200,247500
VTA007549,2026-02-04,CLI0036,PROD0001,VEN012,SUC004,Presencial,12,416200,247300
VTA007550,2025-07-08,CLI0084,PROD0022,VEN016,SUC010,Presencial,10,477000,322300
VTA007551,2026-07-27,CLI0087,PROD0039,VEN009,SUC010,Presencial,12,348800,211800
VTA007552,2025-06-20,CLI0026,PROD0004,VEN011,SUC008,Presencial,6,349800,291400
VTA007553,2025-07-01,CLI0003,PROD0001,VEN016,SUC003,Presencial,3,397600,251600
VTA007554,2026-01-19,CLI0001,PROD0044,VEN009,SUC004,Presencial,1,806800,583300
VTA007555,2025-12-22,CLI0058,PROD0042,VEN001,SUC004,Presencial,10,410000,286800
VTA007556,2025-02-03,CLI0098,PROD0013,VEN013,SUC009,Web,1,500300,402000
VTA007557,2026-05-10,CLI0035,PROD0027,VEN019,SUC007,Web,12,114900,75800
VTA007558,2025-02-18,CLI0054,PROD0044,VEN017,SUC001,Web,9,712300,598200
VTA007559,2026-06-27,CLI0078,PROD0024,VEN018,SUC003,Presencial,7,754400,582800
VTA007560,2026-03-07,CLI0051,PROD0017,VEN011,SUC004,Presencial,11,218400,149200
VTA007561,2025-01-19,CLI0025,PROD0039,VEN012,SUC002,Presencial,4,303100,210600
VTA007562,2026-06-29,CLI0034,PROD0022,VEN020,SUC010,Presencial,11,488400,324000
VTA007563,2026-01-15,CLI0036,PROD0028,VEN014,SUC010,Web,2,462300,279400
VTA007564,2025-06-25,CLI0065,PROD0015,VEN013,SUC009,Presencial,8,181600,111300
VTA007565,2025-11-09,CLI0060,PROD0023,VEN019,SUC007,Web,7,637300,411900
VTA007566,2026-07-20,CLI0059,PROD0035,VEN014,SUC010,Telefónico,6,718600,452600
VTA007567,2025-05-30,CLI0062,PROD0042,VEN011,SUC008,Presencial,4,395400,276300
VTA007568,2025-05-21,CLI0080,PROD0049,VEN003,SUC003,Presencial,10,341300,251600
VTA007569,2025-08-25,CLI0076,PROD0019,VEN017,SUC006,Presencial,6,678100,466100
VTA007570,2025-05-31,CLI0073,PROD0031,VEN018,SUC007,Telefónico,8,255300,203900
VTA007571,2025-08-07,CLI0048,PROD0022,VEN016,SUC010,Presencial,5,470600,319100
VTA007572,2025-09-03,CLI0016,PROD0025,VEN013,SUC003,Web,9,77700,59100
VTA007573,2025-03-25,CLI0006,PROD0003,VEN008,SUC006,Web,6,80700,60900
VTA007574,2026-04-21,CLI0008,PROD0021,VEN005,SUC006,Web,9,873800,652500
VTA007575,2025-11-24,CLI0092,PROD0018,VEN005,SUC006,Web,1,194000,148900
VTA007576,2025-12-20,CLI0009,PROD0049,VEN019,SUC002,Web,3,320000,242400
VTA007577,2025-10-20,CLI0076,PROD0028,VEN003,SUC001,Presencial,1,472000,272600
VTA007578,2026-04-05,CLI0033,PROD0010,VEN005,SUC004,Presencial,9,348900,227900
VTA007579,2025-12-11,CLI0002,PROD0043,VEN007,SUC002,Presencial,5,468800,353100
VTA007580,2025-08-05,CLI0024,PROD0005,VEN006,SUC003,Web,11,456600,301000
VTA007581,2025-07-08,CLI0095,PROD0034,VEN018,SUC008,Telefónico,7,513400,409800
VTA007582,2026-07-23,CLI0095,PROD0019,VEN020,SUC002,Web,3,715400,473600
VTA007583,2026-01-09,CLI0025,PROD0029,VEN017,SUC003,Telefónico,3,693700,421600
VTA007584,2025-01-23,CLI0022,PROD0016,VEN003,SUC004,Presencial,10,139000,111600
VTA007585,2026-07-04,CLI0074,PROD0031,VEN015,SUC001,Web,11,276100,201100
VTA007586,2025-02-22,CLI0077,PROD0010,VEN014,SUC006,Presencial,4,332900,231200
VTA007587,2025-06-30,CLI0051,PROD0015,VEN019,SUC007,Presencial,2,165600,109100
VTA007588,2025-01-01,CLI0072,PROD0046,VEN002,SUC004,Telefónico,4,562000,356600
VTA007589,2025-03-15,CLI0100,PROD0039,VEN001,SUC005,Presencial,12,339600,214400
VTA007590,2026-01-13,CLI0060,PROD0004,VEN003,SUC009,Web,10,378400,292200
VTA007591,2025-06-13,CLI0079,PROD0046,VEN012,SUC010,Telefónico,7,551400,356200
VTA007592,2025-01-05,CLI0014,PROD0028,VEN013,SUC007,Presencial,5,479900,274600
VTA007593,2025-06-16,CLI0080,PROD0027,VEN019,SUC004,Presencial,7,112000,75100
VTA007594,2025-02-01,CLI0093,PROD0035,VEN019,SUC005,Web,9,757600,459400
VTA007595,2025-08-14,CLI0023,PROD0022,VEN009,SUC010,Web,12,513400,309500
VTA007596,2025-01-09,CLI0031,PROD0035,VEN009,SUC002,Presencial,12,759000,451600
VTA007597,2025-04-07,CLI0005,PROD0002,VEN002,SUC004,Presencial,7,412400,241400
VTA007598,2026-07-25,CLI0093,PROD0047,VEN020,SUC010,Telefónico,10,443200,349200
VTA007599,2025-02-13,CLI0063,PROD0003,VEN015,SUC009,Presencial,8,87100,62100
VTA007600,2025-10-05,CLI0010,PROD0033,VEN013,SUC007,Presencial,12,258400,171800
VTA007601,2025-06-24,CLI0083,PROD0008,VEN016,SUC009,Presencial,3,652600,383500
VTA007602,2025-05-30,CLI0018,PROD0041,VEN010,SUC005,Telefónico,4,204200,139000
VTA007603,2025-04-18,CLI0059,PROD0048,VEN008,SUC001,Presencial,5,20600,13000
VTA007604,2025-12-05,CLI0016,PROD0007,VEN007,SUC005,Web,3,560700,458900
VTA007605,2026-01-19,CLI0027,PROD0049,VEN004,SUC008,Telefónico,3,363000,246200
VTA007606,2025-10-28,CLI0037,PROD0033,VEN008,SUC003,Presencial,5,242300,172100
VTA007607,2026-07-16,CLI0012,PROD0046,VEN004,SUC004,Web,2,590600,364000
VTA007608,2026-04-17,CLI0018,PROD0028,VEN007,SUC006,Telefónico,7,432100,280200
VTA007609,2025-10-11,CLI0086,PROD0032,VEN013,SUC004,Presencial,5,287700,182300
VTA007610,2026-05-30,CLI0058,PROD0003,VEN009,SUC007,Web,1,91200,59500
VTA007611,2026-06-15,CLI0011,PROD0028,VEN009,SUC010,Web,12,477100,277100
VTA007612,2026-02-11,CLI0032,PROD0045,VEN014,SUC004,Web,11,122500,94700
VTA007613,2025-01-31,CLI0079,PROD0049,VEN004,SUC005,Web,6,365300,252700
VTA007614,2026-07-07,CLI0012,PROD0013,VEN014,SUC003,Presencial,5,509400,390000
VTA007615,2025-02-22,CLI0032,PROD0018,VEN015,SUC003,Presencial,7,211800,146500
VTA007616,2025-11-21,CLI0080,PROD0024,VEN015,SUC001,Presencial,7,696800,592700
VTA007617,2025-08-31,CLI0053,PROD0036,VEN005,SUC007,Web,5,503100,313300
VTA007618,2025-03-23,CLI0020,PROD0040,VEN020,SUC006,Web,8,227700,152500
VTA007619,2025-01-05,CLI0086,PROD0030,VEN008,SUC001,Presencial,4,598700,455400
VTA007620,2025-02-11,CLI0017,PROD0005,VEN017,SUC008,Presencial,11,439200,301600
VTA007621,2026-07-16,CLI0007,PROD0033,VEN004,SUC007,Web,10,249100,169700
VTA007622,2026-04-04,CLI0005,PROD0021,VEN003,SUC003,Web,7,855200,651500
VTA007623,2026-04-23,CLI0036,PROD0022,VEN013,SUC004,Web,7,537000,313300
VTA007624,2025-11-05,CLI0070,PROD0050,VEN016,SUC009,Presencial,4,251500,203600
VTA007625,2025-01-30,CLI0080,PROD0026,VEN020,SUC006,Web,5,536400,376000
VTA007626,2025-12-11,CLI0078,PROD0042,VEN014,SUC009,Web,3,385000,280300
VTA007627,2025-08-15,CLI0047,PROD0018,VEN002,SUC001,Presencial,3,208200,152300
VTA007628,2025-04-04,CLI0039,PROD0008,VEN017,SUC008,Presencial,4,593600,387200
VTA007629,2025-09-30,CLI0089,PROD0036,VEN015,SUC010,Web,8,519200,315800
VTA007630,2026-03-17,CLI0026,PROD0034,VEN004,SUC005,Presencial,6,525300,408800
VTA007631,2025-03-18,CLI0063,PROD0001,VEN008,SUC001,Presencial,3,411600,247600
VTA007632,2025-06-21,CLI0016,PROD0015,VEN010,SUC008,Web,7,168800,110400
VTA007633,2026-04-20,CLI0004,PROD0040,VEN010,SUC003,Web,11,222500,149800
VTA007634,2025-08-01,CLI0047,PROD0016,VEN002,SUC008,Presencial,7,137000,110400
VTA007635,2025-04-02,CLI0095,PROD0019,VEN011,SUC009,Presencial,3,670500,468000
VTA007636,2025-10-24,CLI0078,PROD0048,VEN008,SUC006,Telefónico,6,20100,12700
VTA007637,2026-06-04,CLI0050,PROD0019,VEN020,SUC004,Telefónico,9,731400,466500
VTA007638,2026-02-05,CLI0013,PROD0032,VEN014,SUC004,Web,11,315600,180100
VTA007639,2026-03-15,CLI0041,PROD0041,VEN007,SUC002,Presencial,2,204100,143000
VTA007640,2026-04-13,CLI0065,PROD0016,VEN009,SUC004,Web,9,132900,112300
VTA007641,2025-11-13,CLI0059,PROD0045,VEN016,SUC007,Presencial,10,124200,93100
VTA007642,2026-01-21,CLI0067,PROD0037,VEN009,SUC007,Presencial,3,253200,164700
VTA007643,2026-07-23,CLI0039,PROD0044,VEN019,SUC003,Presencial,2,723800,579900
VTA007644,2025-01-15,CLI0054,PROD0042,VEN014,SUC005,Presencial,11,400200,285300
VTA007645,2025-11-29,CLI0065,PROD0007,VEN005,SUC005,Web,12,559200,466600
VTA007646,2025-05-10,CLI0081,PROD0033,VEN018,SUC003,Telefónico,2,246000,172600
VTA007647,2026-02-04,CLI0067,PROD0037,VEN009,SUC009,Presencial,1,257500,164800
VTA007648,2025-08-02,CLI0031,PROD0037,VEN003,SUC010,Web,8,228200,165600
VTA007649,2025-06-25,CLI0053,PROD0048,VEN018,SUC009,Web,1,20900,12900
VTA007650,2025-11-20,CLI0060,PROD0005,VEN008,SUC007,Presencial,1,440400,301300
VTA007651,2025-11-06,CLI0065,PROD0011,VEN011,SUC005,Presencial,3,821900,699100
VTA007652,2025-02-08,CLI0038,PROD0045,VEN018,SUC001,Presencial,6,126300,92000
VTA007653,2026-01-19,CLI0047,PROD0033,VEN019,SUC007,Telefónico,8,254300,174700
VTA007654,2025-03-30,CLI0071,PROD0016,VEN005,SUC003,Presencial,6,135000,108800
VTA007655,2026-06-27,CLI0046,PROD0026,VEN014,SUC004,Web,6,549600,379800
VTA007656,2026-03-03,CLI0021,PROD0020,VEN008,SUC008,Presencial,12,531400,414400
VTA007657,2026-05-06,CLI0024,PROD0028,VEN014,SUC009,Presencial,7,455200,271800
VTA007658,2025-03-03,CLI0058,PROD0029,VEN010,SUC008,Presencial,4,711300,430400
VTA007659,2026-01-11,CLI0059,PROD0033,VEN014,SUC004,Web,1,232100,170000
VTA007660,2026-06-30,CLI0022,PROD0045,VEN002,SUC009,Web,9,125000,90800
VTA007661,2025-05-27,CLI0046,PROD0010,VEN002,SUC002,Presencial,4,325300,228000
VTA007662,2025-01-06,CLI0051,PROD0027,VEN015,SUC006,Web,5,100700,77800
VTA007663,2025-07-18,CLI0053,PROD0042,VEN010,SUC005,Telefónico,3,393400,275400
VTA007664,2025-11-17,CLI0048,PROD0033,VEN010,SUC003,Web,5,261700,176200
VTA007665,2025-07-26,CLI0071,PROD0031,VEN005,SUC008,Presencial,5,250700,197700
VTA007666,2026-06-19,CLI0012,PROD0047,VEN008,SUC004,Presencial,1,405000,348900
VTA007667,2026-04-13,CLI0066,PROD0011,VEN014,SUC004,Web,2,836400,690900
VTA007668,2026-06-22,CLI0053,PROD0030,VEN014,SUC003,Telefónico,9,595900,438900
VTA007669,2025-06-27,CLI0007,PROD0050,VEN011,SUC001,Telefónico,4,288300,207700
VTA007670,2026-07-04,CLI0017,PROD0041,VEN012,SUC005,Presencial,2,214300,140800
VTA007671,2026-05-30,CLI0043,PROD0044,VEN016,SUC003,Web,2,783200,609200
VTA007672,2026-03-19,CLI0044,PROD0038,VEN014,SUC006,Presencial,11,101700,57800
VTA007673,2025-01-30,CLI0032,PROD0028,VEN010,SUC004,Presencial,9,429700,280700
VTA007674,2026-05-29,CLI0057,PROD0022,VEN009,SUC005,Web,8,462100,315900
VTA007675,2026-02-05,CLI0060,PROD0020,VEN020,SUC001,Telefónico,10,476000,404800
VTA007676,2025-08-21,CLI0087,PROD0043,VEN013,SUC007,Presencial,7,425100,352000
VTA007677,2026-04-29,CLI0066,PROD0007,VEN001,SUC009,Web,11,628400,467400
VTA007678,2025-02-28,CLI0069,PROD0031,VEN003,SUC009,Web,1,254300,200100
VTA007679,2025-03-18,CLI0057,PROD0020,VEN015,SUC005,Telefónico,7,491600,400400
VTA007680,2026-07-26,CLI0035,PROD0031,VEN012,SUC001,Presencial,1,273800,205700
VTA007681,2025-04-12,CLI0018,PROD0036,VEN018,SUC003,Presencial,10,547700,321200
VTA007682,2025-11-06,CLI0016,PROD0030,VEN014,SUC005,Presencial,1,582800,457400
VTA007683,2026-06-14,CLI0080,PROD0041,VEN015,SUC009,Presencial,11,203500,142300
VTA007684,2025-01-06,CLI0060,PROD0020,VEN007,SUC009,Presencial,2,483300,406100
VTA007685,2025-07-30,CLI0065,PROD0008,VEN002,SUC003,Presencial,7,663200,392300
VTA007686,2026-06-13,CLI0038,PROD0016,VEN008,SUC002,Presencial,1,137000,113700
VTA007687,2025-03-22,CLI0071,PROD0029,VEN003,SUC010,Web,5,653800,430100
VTA007688,2026-06-26,CLI0031,PROD0046,VEN002,SUC002,Presencial,11,535200,359200
VTA007689,2025-06-14,CLI0011,PROD0025,VEN001,SUC004,Telefónico,6,74000,61400
VTA007690,2025-10-06,CLI0024,PROD0043,VEN005,SUC004,Web,3,496500,356800
VTA007691,2026-07-06,CLI0071,PROD0007,VEN012,SUC003,Web,12,566800,445600
VTA007692,2025-08-20,CLI0034,PROD0031,VEN010,SUC006,Presencial,7,255100,198700
VTA007693,2026-02-09,CLI0076,PROD0050,VEN001,SUC001,Web,10,283700,208300
VTA007694,2026-04-06,CLI0046,PROD0023,VEN003,SUC006,Presencial,1,621200,402400
VTA007695,2025-11-13,CLI0089,PROD0032,VEN013,SUC007,Presencial,2,324100,183700
VTA007696,2025-09-11,CLI0062,PROD0031,VEN017,SUC001,Telefónico,2,271900,199500
VTA007697,2025-03-30,CLI0064,PROD0033,VEN009,SUC006,Presencial,7,257300,171800
VTA007698,2025-10-28,CLI0098,PROD0038,VEN019,SUC004,Presencial,8,94100,59400
VTA007699,2025-04-20,CLI0100,PROD0025,VEN004,SUC004,Presencial,7,69100,60800
VTA007700,2026-02-15,CLI0078,PROD0032,VEN013,SUC002,Presencial,2,295800,185700
VTA007701,2026-02-11,CLI0013,PROD0020,VEN017,SUC001,Web,8,504100,403000
VTA007702,2025-09-09,CLI0017,PROD0041,VEN005,SUC004,Web,3,203500,142500
VTA007703,2025-11-07,CLI0040,PROD0009,VEN002,SUC004,Presencial,4,803600,472300
VTA007704,2026-05-06,CLI0082,PROD0011,VEN002,SUC010,Telefónico,6,842600,667700
VTA007705,2026-05-26,CLI0032,PROD0046,VEN020,SUC009,Presencial,2,601600,356900
VTA007706,2025-03-05,CLI0006,PROD0013,VEN018,SUC004,Web,1,472200,402000
VTA007707,2025-05-08,CLI0015,PROD0020,VEN016,SUC002,Presencial,3,541700,404600
VTA007708,2025-12-17,CLI0048,PROD0046,VEN008,SUC004,Telefónico,3,544700,351000
VTA007709,2026-06-07,CLI0074,PROD0042,VEN017,SUC004,Presencial,10,401000,276800
VTA007710,2025-02-13,CLI0039,PROD0042,VEN018,SUC010,Presencial,1,380000,282400
VTA007711,2026-01-08,CLI0056,PROD0047,VEN013,SUC002,Web,6,416800,353500
VTA007712,2026-07-10,CLI0046,PROD0020,VEN012,SUC006,Web,10,536000,408500
VTA007713,2026-04-11,CLI0030,PROD0021,VEN007,SUC001,Presencial,6,899100,647700
VTA007714,2025-12-11,CLI0015,PROD0038,VEN015,SUC005,Presencial,11,94800,60300
VTA007715,2025-03-13,CLI0077,PROD0023,VEN014,SUC005,Presencial,8,568200,396500
VTA007716,2025-05-25,CLI0037,PROD0036,VEN008,SUC010,Presencial,8,495900,319600
VTA007717,2025-10-08,CLI0034,PROD0011,VEN015,SUC006,Web,10,831200,693300
VTA007718,2025-07-15,CLI0089,PROD0013,VEN004,SUC003,Web,11,512800,402500
VTA007719,2026-02-19,CLI0053,PROD0031,VEN017,SUC005,Presencial,4,286500,202200
VTA007720,2025-07-18,CLI0050,PROD0008,VEN001,SUC008,Presencial,9,649700,388800
VTA007721,2026-04-25,CLI0087,PROD0028,VEN007,SUC002,Web,5,481100,277300
VTA007722,2026-03-16,CLI0094,PROD0047,VEN016,SUC003,Presencial,2,431100,355300
VTA007723,2026-03-24,CLI0003,PROD0034,VEN001,SUC003,Presencial,11,552600,415000
VTA007724,2026-05-18,CLI0025,PROD0021,VEN008,SUC005,Presencial,7,892100,660800
VTA007725,2025-02-02,CLI0069,PROD0043,VEN003,SUC010,Presencial,7,449300,354900
VTA007726,2025-09-22,CLI0061,PROD0001,VEN014,SUC010,Presencial,12,385200,249400
VTA007727,2025-07-03,CLI0019,PROD0006,VEN008,SUC004,Presencial,3,263200,185800
VTA007728,2026-05-07,CLI0072,PROD0050,VEN019,SUC001,Presencial,2,250800,209500
VTA007729,2026-02-08,CLI0069,PROD0029,VEN020,SUC010,Web,5,660100,421100
VTA007730,2025-05-12,CLI0043,PROD0013,VEN013,SUC007,Presencial,2,536500,407400
VTA007731,2025-01-05,CLI0046,PROD0032,VEN005,SUC010,Presencial,6,282800,186200
VTA007732,2025-07-10,CLI0050,PROD0012,VEN018,SUC002,Presencial,8,444700,276500
VTA007733,2025-09-06,CLI0073,PROD0012,VEN013,SUC007,Telefónico,7,409500,283000
VTA007734,2026-07-31,CLI0011,PROD0004,VEN018,SUC003,Web,12,357300,291200
VTA007735,2026-05-23,CLI0039,PROD0032,VEN004,SUC007,Presencial,12,306100,181400
VTA007736,2025-11-04,CLI0028,PROD0042,VEN002,SUC002,Web,6,404400,279800
VTA007737,2025-01-20,CLI0004,PROD0029,VEN007,SUC005,Presencial,2,624700,433700
VTA007738,2025-06-17,CLI0100,PROD0028,VEN016,SUC005,Presencial,2,480800,268600
VTA007739,2026-02-13,CLI0042,PROD0001,VEN020,SUC010,Web,5,417100,246200
VTA007740,2026-03-12,CLI0016,PROD0009,VEN007,SUC008,Web,9,827600,467200
VTA007741,2025-06-05,CLI0024,PROD0013,VEN002,SUC008,Presencial,6,531400,398800
VTA007742,2026-03-25,CLI0014,PROD0029,VEN014,SUC008,Telefónico,2,670100,429700
VTA007743,2026-06-21,CLI0006,PROD0047,VEN008,SUC001,Presencial,12,455600,362500
VTA007744,2025-03-26,CLI0053,PROD0016,VEN017,SUC001,Telefónico,7,154300,112500
VTA007745,2026-07-17,CLI0028,PROD0041,VEN013,SUC004,Presencial,11,215900,139300
VTA007746,2026-05-24,CLI0016,PROD0031,VEN014,SUC003,Telefónico,10,252300,199100
VTA007747,2025-06-15,CLI0039,PROD0009,VEN001,SUC003,Presencial,6,824500,467200
VTA007748,2025-07-17,CLI0099,PROD0009,VEN011,SUC008,Web,12,867300,474800
VTA007749,2025-01-16,CLI0079,PROD0021,VEN014,SUC005,Web,5,818100,679500
VTA007750,2025-03-31,CLI0009,PROD0022,VEN002,SUC002,Presencial,1,507900,318500
VTA007751,2025-09-24,CLI0018,PROD0034,VEN014,SUC007,Presencial,8,597400,407100
VTA007752,2025-11-07,CLI0051,PROD0009,VEN016,SUC003,Presencial,5,804000,461000
VTA007753,2025-03-06,CLI0076,PROD0037,VEN008,SUC006,Presencial,4,260000,163400
VTA007754,2025-05-13,CLI0025,PROD0011,VEN012,SUC007,Presencial,2,852300,695500
VTA007755,2025-05-22,CLI0076,PROD0045,VEN008,SUC001,Web,6,118800,93700
VTA007756,2025-09-25,CLI0032,PROD0007,VEN002,SUC002,Telefónico,7,545500,453600
VTA007757,2025-01-29,CLI0009,PROD0010,VEN017,SUC004,Telefónico,8,302200,231300
VTA007758,2025-01-28,CLI0041,PROD0044,VEN002,SUC007,Presencial,5,750900,597600
VTA007759,2026-01-08,CLI0026,PROD0030,VEN019,SUC007,Presencial,6,596900,441900
VTA007760,2025-07-15,CLI0024,PROD0018,VEN012,SUC004,Web,1,191100,149000
VTA007761,2025-07-22,CLI0084,PROD0018,VEN007,SUC007,Web,2,197700,148600
VTA007762,2025-06-01,CLI0080,PROD0028,VEN018,SUC003,Telefónico,7,471400,276500
VTA007763,2026-04-18,CLI0055,PROD0012,VEN008,SUC007,Presencial,11,393300,289800
VTA007764,2025-07-26,CLI0071,PROD0039,VEN013,SUC006,Web,9,326600,217000
VTA007765,2025-04-22,CLI0082,PROD0015,VEN004,SUC007,Presencial,10,164600,110600
VTA007766,2025-11-14,CLI0061,PROD0031,VEN015,SUC005,Web,9,288900,201600
VTA007767,2025-03-28,CLI0040,PROD0009,VEN013,SUC006,Telefónico,2,777200,466200
VTA007768,2025-10-14,CLI0053,PROD0018,VEN018,SUC001,Presencial,5,196600,146300
VTA007769,2025-11-19,CLI0093,PROD0021,VEN013,SUC001,Presencial,9,895500,663100
VTA007770,2026-01-29,CLI0023,PROD0025,VEN002,SUC004,Telefónico,6,71500,58800
VTA007771,2026-03-09,CLI0035,PROD0039,VEN004,SUC001,Telefónico,3,327800,213500
VTA007772,2026-06-09,CLI0001,PROD0035,VEN015,SUC008,Web,11,764000,448400
VTA007773,2026-04-23,CLI0040,PROD0046,VEN006,SUC009,Telefónico,1,539100,354500
VTA007774,2025-06-30,CLI0051,PROD0034,VEN018,SUC004,Presencial,1,545800,411200
VTA007775,2025-07-02,CLI0060,PROD0031,VEN015,SUC001,Web,12,285000,203500
VTA007776,2025-02-27,CLI0046,PROD0038,VEN019,SUC001,Presencial,11,89100,57700
VTA007777,2025-05-30,CLI0089,PROD0048,VEN005,SUC006,Presencial,11,20700,13200
VTA007778,2025-10-24,CLI0056,PROD0049,VEN012,SUC009,Web,6,344300,253100
VTA007779,2025-12-19,CLI0039,PROD0016,VEN013,SUC003,Web,4,152500,109200
VTA007780,2025-07-12,CLI0054,PROD0007,VEN020,SUC009,Web,9,559100,461200
VTA007781,2026-05-23,CLI0072,PROD0048,VEN005,SUC010,Web,1,20300,13100
VTA007782,2025-04-17,CLI0089,PROD0012,VEN008,SUC008,Presencial,12,424600,286500
VTA007783,2025-07-07,CLI0036,PROD0019,VEN009,SUC008,Telefónico,8,670400,461700
VTA007784,2025-01-13,CLI0012,PROD0040,VEN017,SUC008,Telefónico,3,214900,152600
VTA007785,2025-10-09,CLI0001,PROD0035,VEN003,SUC003,Presencial,12,676200,448600
VTA007786,2026-01-02,CLI0036,PROD0015,VEN001,SUC002,Presencial,6,162600,108800
VTA007787,2026-07-18,CLI0046,PROD0020,VEN002,SUC002,Presencial,9,527500,415400
VTA007788,2025-03-28,CLI0049,PROD0040,VEN020,SUC001,Web,8,207200,151100
VTA007789,2025-06-25,CLI0035,PROD0001,VEN015,SUC004,Telefónico,1,389400,245300
VTA007790,2025-12-29,CLI0043,PROD0043,VEN009,SUC001,Web,5,424800,351600
VTA007791,2026-02-01,CLI0095,PROD0043,VEN003,SUC006,Web,9,464300,363000
VTA007792,2025-11-15,CLI0060,PROD0007,VEN017,SUC002,Presencial,2,557600,466100
VTA007793,2025-10-12,CLI0090,PROD0018,VEN003,SUC008,Presencial,3,199000,151700
VTA007794,2025-01-25,CLI0086,PROD0003,VEN006,SUC002,Web,7,86600,60900
VTA007795,2026-03-16,CLI0040,PROD0029,VEN008,SUC008,Presencial,10,663100,427600
VTA007796,2025-10-26,CLI0018,PROD0042,VEN005,SUC010,Web,12,380000,275200
VTA007797,2026-03-09,CLI0074,PROD0039,VEN020,SUC002,Web,1,338800,218600
VTA007798,2025-02-14,CLI0077,PROD0038,VEN005,SUC001,Web,11,91300,59600
VTA007799,2026-05-12,CLI0011,PROD0006,VEN015,SUC004,Presencial,4,283300,181600
VTA007800,2025-04-05,CLI0046,PROD0010,VEN008,SUC010,Presencial,6,314000,227000
VTA007801,2025-05-02,CLI0069,PROD0044,VEN014,SUC007,Web,8,759700,585800
VTA007802,2025-12-20,CLI0075,PROD0029,VEN004,SUC004,Web,8,660100,419600
VTA007803,2025-09-02,CLI0058,PROD0032,VEN001,SUC005,Web,9,301800,184100
VTA007804,2026-03-13,CLI0007,PROD0031,VEN005,SUC001,Presencial,4,258100,201700
VTA007805,2025-08-10,CLI0060,PROD0014,VEN017,SUC006,Web,8,61700,44100
VTA007806,2025-10-09,CLI0028,PROD0015,VEN002,SUC002,Presencial,5,185900,106500
VTA007807,2026-05-02,CLI0018,PROD0025,VEN012,SUC010,Web,12,78200,58900
VTA007808,2026-01-23,CLI0090,PROD0010,VEN018,SUC002,Presencial,4,347200,223300
VTA007809,2025-03-05,CLI0017,PROD0007,VEN005,SUC006,Web,2,600700,461200
VTA007810,2025-04-25,CLI0068,PROD0048,VEN012,SUC001,Telefónico,9,20600,13000
VTA007811,2026-01-01,CLI0094,PROD0003,VEN020,SUC004,Web,11,84000,62300
VTA007812,2026-03-31,CLI0090,PROD0032,VEN004,SUC001,Presencial,9,295700,184300
VTA007813,2026-04-19,CLI0091,PROD0031,VEN020,SUC010,Web,9,274300,205000
VTA007814,2026-07-11,CLI0035,PROD0011,VEN016,SUC010,Presencial,11,857800,683500
VTA007815,2025-03-24,CLI0016,PROD0044,VEN010,SUC008,Web,7,798800,608400
VTA007816,2025-10-06,CLI0097,PROD0036,VEN019,SUC004,Telefónico,3,504900,323000
VTA007817,2026-02-15,CLI0068,PROD0016,VEN019,SUC009,Presencial,3,146800,110300
VTA007818,2026-03-10,CLI0065,PROD0033,VEN012,SUC002,Web,4,252800,176800
VTA007819,2026-05-02,CLI0093,PROD0001,VEN017,SUC002,Web,5,420000,243000
VTA007820,2026-02-27,CLI0079,PROD0021,VEN017,SUC002,Presencial,8,820600,650300
VTA007821,2025-02-06,CLI0044,PROD0019,VEN006,SUC001,Web,6,709400,468100
VTA007822,2026-06-21,CLI0066,PROD0007,VEN012,SUC009,Presencial,12,595800,456900
VTA007823,2026-06-09,CLI0093,PROD0028,VEN003,SUC002,Presencial,9,415100,268300
VTA007824,2025-03-23,CLI0017,PROD0018,VEN009,SUC006,Web,6,187400,152500
VTA007825,2025-11-21,CLI0099,PROD0025,VEN016,SUC010,Presencial,1,75400,59800
VTA007826,2025-05-28,CLI0073,PROD0034,VEN019,SUC010,Web,12,574700,410400
VTA007827,2025-08-20,CLI0031,PROD0019,VEN004,SUC002,Presencial,7,646800,478600
VTA007828,2026-05-24,CLI0077,PROD0009,VEN004,SUC004,Presencial,9,841500,456700
VTA007829,2025-09-20,CLI0039,PROD0021,VEN001,SUC007,Presencial,5,820400,659000
VTA007830,2025-04-27,CLI0057,PROD0029,VEN008,SUC003,Telefónico,11,651500,422500
VTA007831,2025-09-08,CLI0049,PROD0050,VEN020,SUC001,Web,4,264000,204800
VTA007832,2026-03-22,CLI0018,PROD0039,VEN011,SUC003,Web,2,302300,211600
VTA007833,2025-05-31,CLI0007,PROD0048,VEN017,SUC003,Presencial,11,19600,13200
VTA007834,2026-04-26,CLI0051,PROD0048,VEN017,SUC010,Presencial,11,20100,13300
VTA007835,2025-10-17,CLI0082,PROD0044,VEN015,SUC002,Presencial,11,827700,593200
VTA007836,2026-04-25,CLI0073,PROD0002,VEN008,SUC008,Web,8,459000,245300
VTA007837,2025-09-26,CLI0099,PROD0039,VEN016,SUC004,Web,7,352700,214600
VTA007838,2026-01-27,CLI0064,PROD0025,VEN011,SUC001,Web,10,79300,59800
VTA007839,2026-07-06,CLI0030,PROD0036,VEN003,SUC003,Presencial,2,544200,313400
VTA007840,2025-11-12,CLI0004,PROD0025,VEN010,SUC001,Presencial,2,69400,58900
VTA007841,2025-08-07,CLI0082,PROD0018,VEN017,SUC004,Telefónico,2,193000,153100
VTA007842,2025-05-06,CLI0011,PROD0034,VEN008,SUC002,Presencial,12,593600,414800
VTA007843,2026-07-30,CLI0076,PROD0045,VEN006,SUC006,Presencial,5,126500,94100
VTA007844,2025-01-03,CLI0034,PROD0008,VEN002,SUC006,Web,7,654000,379900
VTA007845,2025-05-28,CLI0096,PROD0020,VEN004,SUC010,Web,9,506500,403100
VTA007846,2025-01-13,CLI0071,PROD0019,VEN003,SUC007,Web,5,639100,475300
VTA007847,2025-10-03,CLI0012,PROD0011,VEN009,SUC004,Presencial,5,813400,695000
VTA007848,2025-07-04,CLI0045,PROD0019,VEN006,SUC009,Presencial,4,640200,465400
VTA007849,2025-11-16,CLI0052,PROD0033,VEN018,SUC006,Web,9,269900,174300
VTA007850,2026-02-05,CLI0057,PROD0050,VEN020,SUC003,Web,1,281200,200700
VTA007851,2026-03-17,CLI0019,PROD0030,VEN013,SUC005,Web,5,583300,448400
VTA007852,2025-09-27,CLI0083,PROD0009,VEN001,SUC006,Telefónico,11,855500,475300
VTA007853,2025-04-17,CLI0015,PROD0016,VEN007,SUC003,Web,7,147300,112700
VTA007854,2025-04-14,CLI0040,PROD0032,VEN015,SUC009,Web,11,287200,178200
VTA007855,2025-05-26,CLI0015,PROD0028,VEN007,SUC010,Telefónico,2,468200,276900
VTA007856,2026-03-17,CLI0077,PROD0028,VEN017,SUC005,Web,10,480800,272800
VTA007857,2026-02-05,CLI0091,PROD0035,VEN005,SUC004,Web,3,746500,460900
VTA007858,2026-05-04,CLI0080,PROD0006,VEN020,SUC008,Presencial,10,288300,179600
VTA007859,2025-06-01,CLI0087,PROD0029,VEN009,SUC005,Web,11,665900,414400
VTA007860,2025-04-13,CLI0091,PROD0020,VEN008,SUC005,Telefónico,1,477000,407700
VTA007861,2025-10-08,CLI0029,PROD0022,VEN018,SUC004,Presencial,3,508200,309500
VTA007862,2025-02-21,CLI0072,PROD0047,VEN020,SUC007,Presencial,10,429400,356100
VTA007863,2026-02-18,CLI0054,PROD0049,VEN010,SUC005,Telefónico,6,337800,250300
VTA007864,2026-04-13,CLI0037,PROD0023,VEN020,SUC004,Telefónico,12,558900,407400
VTA007865,2026-02-01,CLI0048,PROD0037,VEN013,SUC005,Web,9,254000,166400
VTA007866,2025-12-24,CLI0026,PROD0003,VEN003,SUC010,Telefónico,4,92600,60000
VTA007867,2025-09-01,CLI0073,PROD0036,VEN011,SUC007,Presencial,6,539600,324900
VTA007868,2025-11-10,CLI0050,PROD0015,VEN012,SUC005,Web,1,185500,108500
VTA007869,2026-03-30,CLI0074,PROD0026,VEN001,SUC004,Web,7,515400,380300
VTA007870,2025-11-02,CLI0079,PROD0030,VEN016,SUC003,Presencial,2,627300,440700
VTA007871,2026-03-30,CLI0078,PROD0028,VEN006,SUC005,Web,9,439000,271300
VTA007872,2025-02-19,CLI0025,PROD0026,VEN006,SUC003,Presencial,9,548500,393800
VTA007873,2025-06-10,CLI0084,PROD0010,VEN005,SUC001,Web,2,346100,228400
VTA007874,2025-12-03,CLI0030,PROD0013,VEN001,SUC002,Presencial,10,511600,406700
VTA007875,2025-11-22,CLI0069,PROD0005,VEN009,SUC010,Web,3,437800,304000
VTA007876,2026-03-05,CLI0098,PROD0003,VEN019,SUC001,Telefónico,11,91400,61400
VTA007877,2025-11-06,CLI0070,PROD0019,VEN006,SUC002,Presencial,11,648400,477200
VTA007878,2025-11-29,CLI0021,PROD0021,VEN017,SUC009,Web,6,894700,658300
VTA007879,2025-02-17,CLI0070,PROD0002,VEN005,SUC008,Web,7,435700,237200
VTA007880,2026-04-07,CLI0019,PROD0011,VEN019,SUC005,Telefónico,4,898500,681000
VTA007881,2025-09-14,CLI0024,PROD0025,VEN015,SUC002,Web,1,75200,59700
VTA007882,2026-02-07,CLI0072,PROD0012,VEN014,SUC008,Telefónico,5,402200,289400
VTA007883,2026-07-22,CLI0013,PROD0011,VEN008,SUC007,Web,5,868500,688100
VTA007884,2026-04-30,CLI0088,PROD0037,VEN010,SUC003,Presencial,2,263100,164900
VTA007885,2025-03-20,CLI0061,PROD0011,VEN011,SUC003,Presencial,12,883200,677700
VTA007886,2025-03-16,CLI0031,PROD0020,VEN013,SUC002,Web,12,523800,416400
VTA007887,2025-11-02,CLI0026,PROD0032,VEN003,SUC006,Presencial,7,284700,184200
VTA007888,2025-05-06,CLI0031,PROD0021,VEN001,SUC004,Presencial,4,829500,656100
VTA007889,2026-02-13,CLI0080,PROD0004,VEN016,SUC007,Presencial,6,382700,298000
VTA007890,2025-12-08,CLI0099,PROD0006,VEN014,SUC008,Telefónico,6,276900,181600
VTA007891,2025-11-18,CLI0036,PROD0033,VEN017,SUC002,Presencial,9,235900,168600
VTA007892,2026-06-28,CLI0080,PROD0049,VEN019,SUC009,Web,6,366100,252300
VTA007893,2026-01-19,CLI0058,PROD0015,VEN017,SUC004,Presencial,7,173100,108500
VTA007894,2025-08-30,CLI0062,PROD0027,VEN020,SUC006,Web,5,115300,76700
VTA007895,2026-02-09,CLI0082,PROD0028,VEN019,SUC007,Presencial,2,443600,275100
VTA007896,2026-01-06,CLI0018,PROD0024,VEN010,SUC005,Telefónico,7,692800,572800
VTA007897,2025-06-29,CLI0031,PROD0048,VEN009,SUC004,Web,1,18600,12900
VTA007898,2026-01-10,CLI0078,PROD0002,VEN012,SUC001,Telefónico,11,405000,237100
VTA007899,2025-02-20,CLI0026,PROD0047,VEN011,SUC007,Web,12,451100,359100
VTA007900,2025-12-02,CLI0097,PROD0041,VEN012,SUC010,Web,5,203800,141400
VTA007901,2025-12-04,CLI0009,PROD0005,VEN016,SUC004,Web,7,426400,310200
VTA007902,2025-01-21,CLI0063,PROD0034,VEN005,SUC006,Web,7,557300,406200
VTA007903,2026-07-09,CLI0067,PROD0008,VEN008,SUC003,Presencial,11,582700,379200
VTA007904,2025-06-24,CLI0049,PROD0001,VEN020,SUC005,Web,12,379900,244700
VTA007905,2025-08-27,CLI0003,PROD0008,VEN009,SUC001,Presencial,4,614600,384200
VTA007906,2025-02-18,CLI0059,PROD0031,VEN012,SUC002,Telefónico,9,257800,198300
VTA007907,2025-05-21,CLI0015,PROD0038,VEN009,SUC004,Telefónico,1,89300,59900
VTA007908,2025-05-03,CLI0033,PROD0029,VEN006,SUC008,Presencial,4,712500,431100
VTA007909,2025-06-04,CLI0054,PROD0007,VEN008,SUC006,Web,12,619700,465700
VTA007910,2025-02-07,CLI0087,PROD0012,VEN020,SUC004,Presencial,7,448200,289300
VTA007911,2026-05-16,CLI0094,PROD0008,VEN006,SUC002,Web,11,656300,387600
VTA007912,2026-02-21,CLI0082,PROD0030,VEN011,SUC006,Presencial,7,630000,440900
VTA007913,2025-08-21,CLI0083,PROD0031,VEN011,SUC005,Presencial,4,252500,202300
VTA007914,2026-03-15,CLI0054,PROD0016,VEN014,SUC002,Web,10,147500,113700
VTA007915,2025-01-10,CLI0085,PROD0023,VEN003,SUC008,Web,11,608800,400900
VTA007916,2026-03-23,CLI0067,PROD0042,VEN012,SUC007,Web,3,366900,285000
VTA007917,2025-04-10,CLI0018,PROD0010,VEN012,SUC005,Presencial,10,352300,232800
VTA007918,2026-06-14,CLI0001,PROD0018,VEN020,SUC003,Web,6,193900,152800
VTA007919,2026-05-09,CLI0100,PROD0025,VEN018,SUC001,Web,8,73500,61500
VTA007920,2026-06-23,CLI0092,PROD0013,VEN005,SUC005,Presencial,11,468300,398000
VTA007921,2025-04-03,CLI0094,PROD0024,VEN006,SUC010,Telefónico,12,723000,582100
VTA007922,2025-04-11,CLI0020,PROD0039,VEN007,SUC003,Web,2,313700,211300
VTA007923,2025-02-13,CLI0072,PROD0030,VEN006,SUC003,Presencial,10,661300,437700
VTA007924,2026-07-09,CLI0081,PROD0048,VEN008,SUC002,Presencial,11,19800,12800
VTA007925,2025-06-03,CLI0041,PROD0048,VEN017,SUC010,Presencial,3,19900,12800
VTA007926,2025-08-18,CLI0064,PROD0002,VEN016,SUC008,Web,7,401600,241100
VTA007927,2026-06-19,CLI0031,PROD0046,VEN017,SUC009,Telefónico,8,533700,359100
VTA007928,2026-05-28,CLI0069,PROD0021,VEN012,SUC010,Web,2,783700,656500
VTA007929,2025-01-28,CLI0055,PROD0013,VEN016,SUC005,Web,6,512800,403300
VTA007930,2025-01-18,CLI0056,PROD0002,VEN006,SUC002,Telefónico,1,456800,243900
VTA007931,2025-01-06,CLI0049,PROD0049,VEN016,SUC002,Web,10,362000,249700
VTA007932,2025-11-27,CLI0046,PROD0039,VEN014,SUC005,Telefónico,8,341400,210700
VTA007933,2025-10-20,CLI0043,PROD0012,VEN016,SUC004,Web,10,424300,280700
VTA007934,2025-12-17,CLI0080,PROD0042,VEN004,SUC001,Web,5,361000,279900
VTA007935,2026-01-04,CLI0047,PROD0019,VEN008,SUC007,Presencial,12,659700,466400
VTA007936,2026-01-02,CLI0067,PROD0022,VEN004,SUC010,Presencial,2,494300,324400
VTA007937,2025-12-30,CLI0088,PROD0041,VEN004,SUC003,Web,8,210000,142800
VTA007938,2026-04-02,CLI0004,PROD0028,VEN014,SUC006,Web,3,436300,276100
VTA007939,2025-10-03,CLI0013,PROD0034,VEN004,SUC004,Web,2,514800,423100
VTA007940,2025-07-02,CLI0068,PROD0023,VEN004,SUC006,Presencial,9,622600,401500
VTA007941,2026-01-15,CLI0059,PROD0012,VEN008,SUC004,Presencial,2,407700,288800
VTA007942,2026-05-07,CLI0014,PROD0006,VEN013,SUC010,Telefónico,9,261200,182700
VTA007943,2025-02-25,CLI0005,PROD0023,VEN010,SUC002,Web,3,629400,412500
VTA007944,2025-07-11,CLI0046,PROD0003,VEN009,SUC010,Presencial,10,87900,61500
VTA007945,2025-04-30,CLI0084,PROD0015,VEN015,SUC001,Presencial,5,180400,110000
VTA007946,2025-11-17,CLI0092,PROD0021,VEN007,SUC005,Web,8,804200,648600
VTA007947,2025-06-05,CLI0023,PROD0046,VEN011,SUC005,Presencial,6,539100,365400
VTA007948,2026-07-27,CLI0022,PROD0033,VEN016,SUC009,Web,5,257900,169500
VTA007949,2025-02-09,CLI0056,PROD0026,VEN003,SUC004,Web,4,554300,391900
VTA007950,2025-02-12,CLI0035,PROD0037,VEN010,SUC003,Presencial,1,246200,163400
VTA007951,2025-09-20,CLI0004,PROD0030,VEN006,SUC009,Presencial,12,624600,457800
VTA007952,2025-06-09,CLI0072,PROD0012,VEN003,SUC010,Presencial,9,429000,281500
VTA007953,2025-05-07,CLI0044,PROD0015,VEN005,SUC008,Web,4,176400,111400
VTA007954,2025-11-01,CLI0060,PROD0026,VEN011,SUC010,Presencial,9,522700,393200
VTA007955,2025-08-12,CLI0023,PROD0050,VEN002,SUC010,Web,12,273700,206900
VTA007956,2026-07-18,CLI0061,PROD0037,VEN014,SUC009,Web,7,228700,163900
VTA007957,2025-11-27,CLI0003,PROD0049,VEN016,SUC008,Web,1,336100,245300
VTA007958,2026-04-19,CLI0072,PROD0046,VEN001,SUC009,Presencial,6,563900,359600
VTA007959,2026-03-07,CLI0064,PROD0044,VEN011,SUC009,Web,5,725500,582100
VTA007960,2025-08-25,CLI0090,PROD0046,VEN011,SUC006,Web,1,545100,356000
VTA007961,2025-07-19,CLI0086,PROD0049,VEN003,SUC007,Web,9,348500,242200
VTA007962,2026-03-03,CLI0058,PROD0002,VEN006,SUC007,Presencial,6,461600,244000
VTA007963,2025-07-18,CLI0058,PROD0013,VEN003,SUC005,Presencial,7,515700,400300
VTA007964,2025-02-07,CLI0084,PROD0049,VEN002,SUC001,Presencial,8,314400,245300
VTA007965,2025-07-08,CLI0016,PROD0044,VEN002,SUC007,Presencial,1,717100,602600
VTA007966,2025-08-23,CLI0064,PROD0013,VEN012,SUC006,Presencial,2,481800,395900
VTA007967,2025-09-08,CLI0007,PROD0007,VEN005,SUC006,Web,3,606800,465100
VTA007968,2025-04-21,CLI0003,PROD0040,VEN004,SUC009,Web,5,223300,152100
VTA007969,2026-04-13,CLI0011,PROD0034,VEN013,SUC007,Telefónico,10,567900,421600
VTA007970,2026-04-17,CLI0015,PROD0047,VEN001,SUC008,Presencial,3,409900,349000
VTA007971,2026-04-24,CLI0023,PROD0017,VEN018,SUC003,Presencial,5,216200,145200
VTA007972,2025-01-12,CLI0070,PROD0049,VEN018,SUC010,Presencial,6,330600,251700
VTA007973,2026-01-07,CLI0037,PROD0027,VEN019,SUC005,Presencial,8,110200,77200
VTA007974,2025-08-25,CLI0038,PROD0002,VEN020,SUC001,Presencial,3,399300,236800
VTA007975,2025-02-02,CLI0055,PROD0009,VEN011,SUC010,Web,9,806700,459100
VTA007976,2025-03-05,CLI0031,PROD0032,VEN011,SUC005,Telefónico,12,313000,179400
VTA007977,2025-06-03,CLI0054,PROD0024,VEN011,SUC008,Presencial,12,704300,571000
VTA007978,2025-08-20,CLI0012,PROD0042,VEN012,SUC004,Presencial,3,392700,279700
VTA007979,2025-06-23,CLI0011,PROD0004,VEN006,SUC005,Presencial,3,367900,292500
VTA007980,2025-11-08,CLI0059,PROD0027,VEN003,SUC006,Telefónico,4,113600,77000
VTA007981,2026-04-23,CLI0069,PROD0018,VEN017,SUC008,Presencial,12,197000,152000
VTA007982,2025-09-13,CLI0004,PROD0015,VEN002,SUC008,Web,6,163900,110000
VTA007983,2025-05-03,CLI0011,PROD0002,VEN014,SUC006,Presencial,2,456100,240100
VTA007984,2026-01-06,CLI0044,PROD0016,VEN003,SUC010,Web,11,135300,111500
VTA007985,2025-11-09,CLI0037,PROD0011,VEN017,SUC008,Presencial,11,893700,698000
VTA007986,2025-11-09,CLI0084,PROD0047,VEN002,SUC003,Presencial,9,402600,351700
VTA007987,2026-03-01,CLI0032,PROD0010,VEN011,SUC009,Presencial,1,345400,224600
VTA007988,2025-01-20,CLI0099,PROD0004,VEN010,SUC003,Web,5,395900,288400
VTA007989,2025-10-10,CLI0092,PROD0004,VEN002,SUC010,Web,1,385200,289100
VTA007990,2026-07-24,CLI0075,PROD0003,VEN015,SUC010,Telefónico,10,83500,60100
VTA007991,2025-05-24,CLI0077,PROD0026,VEN019,SUC001,Telefónico,10,544000,377500
VTA007992,2025-06-26,CLI0036,PROD0006,VEN005,SUC009,Web,12,288700,179900
VTA007993,2026-05-20,CLI0001,PROD0031,VEN015,SUC001,Presencial,9,251600,201400
VTA007994,2025-01-16,CLI0063,PROD0047,VEN009,SUC003,Presencial,1,418800,347900
VTA007995,2026-04-30,CLI0096,PROD0024,VEN010,SUC002,Web,9,739900,577800
VTA007996,2025-01-03,CLI0024,PROD0031,VEN013,SUC005,Telefónico,9,281800,201500
VTA007997,2026-02-28,CLI0003,PROD0042,VEN004,SUC001,Web,9,411600,282800
VTA007998,2026-01-11,CLI0074,PROD0048,VEN020,SUC007,Web,5,20400,12700
VTA007999,2025-04-18,CLI0063,PROD0036,VEN010,SUC010,Web,4,536100,322300
VTA008000,2025-05-08,CLI0078,PROD0019,VEN004,SUC007,Presencial,3,718100,475700
VTA008001,2026-01-25,CLI0041,PROD0029,VEN002,SUC010,Presencial,7,707800,425000
VTA008002,2025-03-23,CLI0095,PROD0034,VEN008,SUC007,Presencial,9,586400,414700
VTA008003,2026-03-17,CLI0028,PROD0014,VEN016,SUC003,Web,4,60900,43200
VTA008004,2025-12-07,CLI0033,PROD0049,VEN004,SUC008,Web,10,336200,246600
VTA008005,2025-01-04,CLI0075,PROD0013,VEN012,SUC006,Telefónico,1,501000,391000
VTA008006,2025-05-03,CLI0043,PROD0013,VEN001,SUC006,Web,4,509600,399600
VTA008007,2026-05-31,CLI0064,PROD0026,VEN011,SUC002,Web,2,551100,391500
VTA008008,2026-04-07,CLI0055,PROD0028,VEN015,SUC010,Presencial,5,431000,280000
VTA008009,2025-01-03,CLI0089,PROD0027,VEN013,SUC009,Presencial,2,108400,77600
VTA008010,2025-01-09,CLI0059,PROD0033,VEN014,SUC001,Web,11,254900,176100
VTA008011,2026-04-20,CLI0072,PROD0018,VEN012,SUC001,Presencial,5,208100,146600
VTA008012,2025-03-04,CLI0045,PROD0049,VEN008,SUC003,Web,10,334900,242800
VTA008013,2025-03-13,CLI0083,PROD0015,VEN012,SUC010,Web,8,165200,106800
VTA008014,2025-08-17,CLI0096,PROD0046,VEN007,SUC002,Presencial,10,525000,356000
VTA008015,2025-09-08,CLI0095,PROD0050,VEN014,SUC005,Presencial,11,271600,203800
VTA008016,2025-04-03,CLI0057,PROD0029,VEN014,SUC010,Telefónico,8,680700,419000
VTA008017,2025-12-19,CLI0033,PROD0001,VEN015,SUC005,Presencial,9,415600,245500
VTA008018,2025-04-02,CLI0042,PROD0012,VEN018,SUC003,Presencial,10,396600,278900
VTA008019,2025-04-02,CLI0099,PROD0036,VEN002,SUC009,Presencial,9,485000,323000
VTA008020,2025-05-04,CLI0077,PROD0006,VEN020,SUC002,Presencial,6,294400,178500
VTA008021,2026-05-21,CLI0064,PROD0050,VEN005,SUC007,Web,7,275800,206100
VTA008022,2026-05-29,CLI0062,PROD0045,VEN008,SUC006,Presencial,6,122900,91000
VTA008023,2025-12-23,CLI0013,PROD0042,VEN020,SUC003,Web,7,410100,281900
VTA008024,2025-01-18,CLI0009,PROD0035,VEN007,SUC001,Presencial,11,725000,444600
VTA008025,2025-08-10,CLI0063,PROD0028,VEN006,SUC007,Telefónico,9,421800,270600
VTA008026,2025-11-20,CLI0032,PROD0016,VEN020,SUC005,Web,5,152300,108800
VTA008027,2026-01-31,CLI0088,PROD0034,VEN002,SUC001,Web,5,524400,416700
VTA008028,2026-03-28,CLI0077,PROD0010,VEN008,SUC005,Presencial,6,317700,233900
VTA008029,2026-07-30,CLI0082,PROD0018,VEN019,SUC004,Web,7,201600,150700
VTA008030,2025-02-24,CLI0025,PROD0030,VEN002,SUC009,Presencial,9,617300,454700
VTA008031,2025-10-25,CLI0050,PROD0048,VEN002,SUC007,Web,4,18600,13100
VTA008032,2025-08-23,CLI0018,PROD0013,VEN010,SUC004,Web,5,471300,396400
VTA008033,2025-03-23,CLI0023,PROD0001,VEN013,SUC008,Web,3,385900,251600
VTA008034,2025-10-19,CLI0038,PROD0043,VEN014,SUC006,Web,6,431800,360400
VTA008035,2025-01-17,CLI0061,PROD0016,VEN012,SUC003,Web,2,148900,112400
VTA008036,2026-03-16,CLI0017,PROD0040,VEN008,SUC004,Presencial,11,209400,148600
VTA008037,2026-07-16,CLI0032,PROD0044,VEN016,SUC005,Presencial,8,785600,604200
VTA008038,2026-04-22,CLI0094,PROD0010,VEN001,SUC006,Web,12,335100,232400
VTA008039,2025-03-23,CLI0041,PROD0024,VEN004,SUC002,Web,5,722500,594100
VTA008040,2025-01-21,CLI0027,PROD0018,VEN011,SUC004,Presencial,1,211000,148500
VTA008041,2025-06-25,CLI0065,PROD0001,VEN009,SUC007,Telefónico,4,439600,248900
VTA008042,2025-06-13,CLI0054,PROD0027,VEN016,SUC004,Telefónico,8,112500,77300
VTA008043,2025-11-29,CLI0034,PROD0021,VEN013,SUC010,Presencial,1,828000,659000
VTA008044,2026-06-08,CLI0048,PROD0030,VEN001,SUC008,Telefónico,2,633600,450100
VTA008045,2025-02-27,CLI0016,PROD0026,VEN004,SUC005,Web,12,544800,378600
VTA008046,2026-02-25,CLI0094,PROD0027,VEN004,SUC006,Web,3,106700,78100
VTA008047,2026-04-09,CLI0100,PROD0002,VEN002,SUC005,Web,7,453300,236700
VTA008048,2025-12-23,CLI0068,PROD0010,VEN012,SUC006,Web,1,333000,224500
VTA008049,2025-08-27,CLI0062,PROD0002,VEN012,SUC006,Web,11,410900,246000
VTA008050,2025-05-14,CLI0049,PROD0019,VEN002,SUC007,Presencial,11,731500,476600
VTA008051,2025-10-02,CLI0062,PROD0012,VEN011,SUC004,Telefónico,9,410500,276300
VTA008052,2025-01-10,CLI0095,PROD0019,VEN011,SUC001,Web,7,720400,482200
VTA008053,2026-06-19,CLI0010,PROD0026,VEN007,SUC005,Presencial,8,573400,381500
VTA008054,2025-06-20,CLI0039,PROD0041,VEN010,SUC009,Web,11,219300,136700
VTA008055,2025-09-15,CLI0014,PROD0015,VEN002,SUC005,Telefónico,6,169100,111500
VTA008056,2025-03-10,CLI0050,PROD0043,VEN002,SUC007,Web,12,438800,360900
VTA008057,2026-06-10,CLI0005,PROD0011,VEN020,SUC003,Telefónico,12,897800,692700
VTA008058,2025-10-06,CLI0062,PROD0006,VEN014,SUC001,Presencial,5,284500,187100
VTA008059,2025-11-24,CLI0040,PROD0016,VEN015,SUC009,Web,11,143700,111000
VTA008060,2025-09-19,CLI0031,PROD0034,VEN015,SUC007,Web,2,570400,411800
VTA008061,2025-04-04,CLI0069,PROD0028,VEN012,SUC001,Telefónico,6,439100,270900
VTA008062,2026-03-27,CLI0090,PROD0025,VEN013,SUC009,Web,4,74100,61100
VTA008063,2026-03-09,CLI0011,PROD0036,VEN013,SUC009,Presencial,11,540000,315700
VTA008064,2025-09-04,CLI0006,PROD0009,VEN007,SUC005,Presencial,5,840900,475600
VTA008065,2025-06-29,CLI0058,PROD0045,VEN009,SUC008,Telefónico,12,123200,91500
VTA008066,2025-10-10,CLI0053,PROD0024,VEN010,SUC004,Presencial,3,678500,589200
VTA008067,2026-03-16,CLI0030,PROD0019,VEN012,SUC005,Web,2,744600,481500
VTA008068,2026-07-13,CLI0008,PROD0004,VEN010,SUC010,Presencial,1,374300,294700
VTA008069,2025-05-22,CLI0021,PROD0045,VEN004,SUC009,Telefónico,5,122400,92400
VTA008070,2025-10-03,CLI0065,PROD0025,VEN008,SUC003,Presencial,9,72100,60000
VTA008071,2025-06-27,CLI0090,PROD0004,VEN015,SUC005,Telefónico,8,390100,296500
VTA008072,2026-03-07,CLI0017,PROD0045,VEN009,SUC006,Presencial,1,120300,92000
VTA008073,2025-02-19,CLI0021,PROD0026,VEN005,SUC004,Web,4,504900,387400
VTA008074,2025-02-02,CLI0045,PROD0004,VEN006,SUC007,Web,5,353500,297500
VTA008075,2025-09-27,CLI0047,PROD0011,VEN003,SUC008,Web,4,817400,698300
VTA008076,2026-07-01,CLI0092,PROD0033,VEN004,SUC008,Telefónico,8,267300,171700
VTA008077,2026-05-15,CLI0002,PROD0020,VEN008,SUC009,Web,2,509900,413200
VTA008078,2025-02-20,CLI0079,PROD0026,VEN017,SUC003,Presencial,9,532800,378200
VTA008079,2026-01-27,CLI0009,PROD0029,VEN006,SUC009,Web,9,622400,433100
VTA008080,2025-09-18,CLI0028,PROD0032,VEN016,SUC002,Web,1,290700,185200
VTA008081,2026-04-06,CLI0011,PROD0049,VEN019,SUC004,Web,3,336600,244900
VTA008082,2025-08-07,CLI0083,PROD0024,VEN004,SUC004,Presencial,11,733300,590400
VTA008083,2026-06-05,CLI0029,PROD0029,VEN012,SUC005,Telefónico,10,700900,416400
VTA008084,2025-01-07,CLI0025,PROD0041,VEN003,SUC006,Web,5,198500,137900
VTA008085,2026-05-08,CLI0086,PROD0027,VEN014,SUC008,Telefónico,4,101300,77500
VTA008086,2025-07-03,CLI0074,PROD0014,VEN016,SUC005,Presencial,5,54200,42900
VTA008087,2026-01-28,CLI0012,PROD0017,VEN011,SUC010,Telefónico,2,216200,149100
VTA008088,2025-04-12,CLI0019,PROD0018,VEN017,SUC004,Presencial,8,200500,149400
VTA008089,2025-05-15,CLI0092,PROD0020,VEN009,SUC010,Presencial,4,546500,408800
VTA008090,2025-11-18,CLI0080,PROD0036,VEN014,SUC006,Presencial,11,511600,322400
VTA008091,2025-09-14,CLI0047,PROD0026,VEN008,SUC009,Presencial,1,527600,391600
VTA008092,2026-03-13,CLI0033,PROD0046,VEN019,SUC004,Web,1,587400,363000
VTA008093,2025-06-05,CLI0046,PROD0020,VEN014,SUC006,Presencial,9,508300,409800
VTA008094,2025-06-25,CLI0062,PROD0044,VEN001,SUC008,Presencial,9,776200,590100
VTA008095,2025-12-28,CLI0048,PROD0027,VEN011,SUC002,Web,2,112400,74900
VTA008096,2026-01-11,CLI0003,PROD0045,VEN013,SUC006,Presencial,11,129900,92900
VTA008097,2025-10-31,CLI0039,PROD0047,VEN010,SUC003,Presencial,11,463800,358500
VTA008098,2025-11-08,CLI0033,PROD0050,VEN012,SUC010,Presencial,1,284500,208800
VTA008099,2025-01-10,CLI0082,PROD0020,VEN011,SUC003,Presencial,8,535100,401900
VTA008100,2026-04-05,CLI0016,PROD0026,VEN008,SUC002,Telefónico,3,547200,380400
VTA008101,2025-08-14,CLI0095,PROD0045,VEN002,SUC010,Web,6,123100,92000
VTA008102,2025-03-27,CLI0078,PROD0013,VEN007,SUC007,Presencial,3,522000,409400
VTA008103,2025-09-25,CLI0056,PROD0027,VEN014,SUC003,Web,8,115300,75400
VTA008104,2025-08-31,CLI0005,PROD0039,VEN004,SUC005,Telefónico,7,347100,213800
VTA008105,2026-05-03,CLI0052,PROD0023,VEN010,SUC005,Web,3,649600,402800
VTA008106,2026-01-23,CLI0007,PROD0022,VEN015,SUC008,Web,8,491300,323200
VTA008107,2025-08-27,CLI0038,PROD0021,VEN002,SUC005,Web,11,845600,674300
VTA008108,2025-12-08,CLI0094,PROD0004,VEN002,SUC009,Web,11,367900,290200
VTA008109,2026-04-06,CLI0084,PROD0038,VEN012,SUC003,Presencial,10,90100,57800
VTA008110,2026-05-08,CLI0093,PROD0031,VEN019,SUC004,Web,10,269900,196900
VTA008111,2026-03-14,CLI0086,PROD0030,VEN014,SUC005,Presencial,4,660300,452400
VTA008112,2025-01-16,CLI0073,PROD0021,VEN015,SUC005,Web,3,778000,658700
VTA008113,2025-01-29,CLI0095,PROD0018,VEN016,SUC001,Presencial,4,203700,147900
VTA008114,2026-04-12,CLI0075,PROD0029,VEN001,SUC004,Presencial,1,647500,434100
VTA008115,2025-07-23,CLI0039,PROD0023,VEN003,SUC007,Web,2,589000,398300
VTA008116,2026-03-16,CLI0082,PROD0018,VEN013,SUC007,Presencial,7,208300,151100
VTA008117,2025-03-22,CLI0085,PROD0016,VEN016,SUC001,Web,5,153300,109200
VTA008118,2025-07-29,CLI0060,PROD0017,VEN003,SUC003,Presencial,2,227800,148700
VTA008119,2025-01-18,CLI0048,PROD0020,VEN003,SUC010,Presencial,11,480700,412400
VTA008120,2026-07-30,CLI0084,PROD0031,VEN012,SUC001,Presencial,5,252800,198300
VTA008121,2026-04-11,CLI0041,PROD0034,VEN003,SUC005,Presencial,3,543800,421000
VTA008122,2026-04-05,CLI0058,PROD0025,VEN016,SUC008,Presencial,4,73900,59100
VTA008123,2025-12-19,CLI0045,PROD0032,VEN004,SUC009,Presencial,1,282500,179800
VTA008124,2026-04-28,CLI0012,PROD0038,VEN010,SUC010,Web,9,96600,59000
VTA008125,2025-11-01,CLI0093,PROD0007,VEN011,SUC003,Web,11,542700,463900
VTA008126,2025-06-22,CLI0077,PROD0022,VEN009,SUC003,Web,12,465000,321500
VTA008127,2026-07-23,CLI0047,PROD0041,VEN017,SUC009,Web,2,209500,140500
VTA008128,2025-06-28,CLI0074,PROD0014,VEN009,SUC002,Web,10,60600,43200
VTA008129,2025-07-27,CLI0098,PROD0033,VEN001,SUC005,Telefónico,9,233100,174200
VTA008130,2025-02-24,CLI0009,PROD0001,VEN020,SUC005,Web,12,424900,243300
VTA008131,2026-03-17,CLI0094,PROD0047,VEN015,SUC008,Telefónico,7,449400,355000
VTA008132,2025-01-29,CLI0028,PROD0023,VEN009,SUC008,Web,12,597400,412300
VTA008133,2026-02-27,CLI0063,PROD0041,VEN007,SUC005,Presencial,8,211400,140000
VTA008134,2026-07-05,CLI0073,PROD0003,VEN019,SUC010,Presencial,11,81000,60700
VTA008135,2026-07-06,CLI0051,PROD0033,VEN011,SUC001,Presencial,8,250800,170500
VTA008136,2025-08-29,CLI0085,PROD0022,VEN012,SUC003,Presencial,1,467400,310100
VTA008137,2025-04-27,CLI0096,PROD0007,VEN004,SUC007,Presencial,7,605600,446600
VTA008138,2025-12-26,CLI0057,PROD0047,VEN003,SUC003,Presencial,2,436600,350600
VTA008139,2025-02-17,CLI0099,PROD0024,VEN015,SUC006,Web,11,687100,581500
VTA008140,2026-03-16,CLI0012,PROD0040,VEN016,SUC009,Presencial,3,205800,152000
VTA008141,2025-10-22,CLI0091,PROD0050,VEN010,SUC002,Web,5,271900,203200
VTA008142,2025-04-13,CLI0025,PROD0034,VEN016,SUC008,Presencial,5,545000,414300
VTA008143,2025-10-07,CLI0006,PROD0045,VEN018,SUC010,Telefónico,4,127300,94300
VTA008144,2025-04-24,CLI0087,PROD0002,VEN016,SUC005,Presencial,4,429000,240100
VTA008145,2026-07-07,CLI0018,PROD0037,VEN020,SUC007,Web,4,251500,162700
VTA008146,2025-01-20,CLI0089,PROD0035,VEN006,SUC009,Presencial,8,774900,448900
VTA008147,2025-01-22,CLI0049,PROD0037,VEN014,SUC003,Presencial,12,252400,161600
VTA008148,2026-04-20,CLI0096,PROD0047,VEN011,SUC002,Presencial,9,451200,358900
VTA008149,2025-06-27,CLI0089,PROD0008,VEN010,SUC003,Web,11,667200,386100
VTA008150,2026-02-19,CLI0054,PROD0041,VEN007,SUC006,Web,8,211100,141200
VTA008151,2025-10-09,CLI0073,PROD0040,VEN015,SUC009,Web,9,234800,153400
VTA008152,2025-08-12,CLI0011,PROD0033,VEN003,SUC010,Web,11,232700,172100
VTA008153,2025-05-15,CLI0048,PROD0025,VEN017,SUC007,Presencial,6,70600,59400
VTA008154,2026-07-03,CLI0078,PROD0034,VEN006,SUC009,Web,3,598700,418100
VTA008155,2025-06-19,CLI0085,PROD0007,VEN014,SUC002,Telefónico,1,598100,448700
VTA008156,2026-06-19,CLI0055,PROD0035,VEN011,SUC004,Web,6,764200,446700
VTA008157,2026-01-03,CLI0021,PROD0049,VEN013,SUC001,Telefónico,1,330100,244500
VTA008158,2025-05-06,CLI0064,PROD0005,VEN005,SUC009,Presencial,7,427100,305100
VTA008159,2025-05-10,CLI0092,PROD0001,VEN008,SUC001,Presencial,11,435800,246700
VTA008160,2025-05-02,CLI0001,PROD0049,VEN010,SUC008,Web,11,342100,245900
VTA008161,2026-01-05,CLI0037,PROD0047,VEN018,SUC006,Web,3,442300,360300
VTA008162,2025-08-19,CLI0005,PROD0009,VEN007,SUC005,Presencial,9,793800,473900
VTA008163,2026-01-09,CLI0071,PROD0032,VEN011,SUC002,Web,3,308800,186900
VTA008164,2025-11-05,CLI0039,PROD0002,VEN005,SUC004,Web,2,405900,239400
VTA008165,2025-10-08,CLI0045,PROD0003,VEN019,SUC007,Presencial,7,81600,60300
VTA008166,2026-05-26,CLI0020,PROD0050,VEN019,SUC007,Web,8,247000,210000
VTA008167,2025-10-25,CLI0067,PROD0047,VEN017,SUC002,Presencial,10,400200,362100
VTA008168,2026-02-25,CLI0080,PROD0043,VEN013,SUC006,Presencial,3,462600,365500
VTA008169,2026-04-23,CLI0082,PROD0003,VEN013,SUC008,Telefónico,10,85800,61300
VTA008170,2026-07-23,CLI0099,PROD0012,VEN020,SUC007,Web,9,457000,288500
VTA008171,2026-07-19,CLI0082,PROD0032,VEN012,SUC010,Web,9,303400,180500
VTA008172,2026-04-13,CLI0064,PROD0048,VEN009,SUC003,Presencial,10,18800,12800
VTA008173,2025-05-27,CLI0082,PROD0004,VEN006,SUC006,Web,1,398700,287400
VTA008174,2026-07-11,CLI0072,PROD0033,VEN019,SUC002,Telefónico,6,246100,173700
VTA008175,2025-03-15,CLI0087,PROD0045,VEN016,SUC001,Web,12,112300,93600
VTA008176,2025-05-13,CLI0086,PROD0012,VEN014,SUC006,Telefónico,3,412400,288700
VTA008177,2025-10-18,CLI0040,PROD0038,VEN001,SUC007,Presencial,12,96300,59400
VTA008178,2025-07-18,CLI0055,PROD0035,VEN002,SUC009,Web,12,748000,451100
VTA008179,2026-07-24,CLI0047,PROD0027,VEN008,SUC003,Telefónico,9,107800,77400
VTA008180,2026-05-23,CLI0027,PROD0005,VEN009,SUC006,Web,2,431500,307900
VTA008181,2025-11-09,CLI0081,PROD0029,VEN002,SUC002,Presencial,3,702700,422200
VTA008182,2025-09-15,CLI0089,PROD0008,VEN003,SUC002,Presencial,4,644000,386300
VTA008183,2025-05-28,CLI0002,PROD0025,VEN001,SUC003,Presencial,7,73300,61500
VTA008184,2025-06-01,CLI0076,PROD0033,VEN005,SUC004,Presencial,11,250500,173500
VTA008185,2026-03-19,CLI0014,PROD0021,VEN016,SUC004,Web,7,834500,673100
VTA008186,2026-06-13,CLI0060,PROD0012,VEN006,SUC005,Presencial,6,457700,289000
VTA008187,2025-10-09,CLI0099,PROD0045,VEN019,SUC004,Web,4,115500,90800
VTA008188,2026-01-07,CLI0094,PROD0049,VEN012,SUC001,Web,11,335400,244400
VTA008189,2025-08-29,CLI0029,PROD0036,VEN020,SUC002,Presencial,4,561200,327100
VTA008190,2025-04-07,CLI0061,PROD0017,VEN018,SUC004,Presencial,6,218000,150600
VTA008191,2026-07-26,CLI0033,PROD0003,VEN012,SUC003,Presencial,1,79700,60200
VTA008192,2026-01-07,CLI0012,PROD0027,VEN014,SUC002,Presencial,1,111800,78300
VTA008193,2025-02-02,CLI0044,PROD0018,VEN004,SUC006,Telefónico,6,203700,149300
VTA008194,2025-05-31,CLI0050,PROD0004,VEN011,SUC006,Presencial,1,356000,289900
VTA008195,2025-08-22,CLI0045,PROD0046,VEN011,SUC009,Telefónico,12,560800,361300
VTA008196,2026-04-24,CLI0061,PROD0037,VEN009,SUC007,Web,1,251700,162100
VTA008197,2025-03-02,CLI0090,PROD0012,VEN009,SUC009,Telefónico,11,414600,288100
VTA008198,2026-04-29,CLI0089,PROD0023,VEN012,SUC003,Web,1,608800,403500
VTA008199,2026-04-11,CLI0037,PROD0036,VEN005,SUC007,Web,1,496700,318200
VTA008200,2025-07-23,CLI0078,PROD0025,VEN004,SUC002,Presencial,12,74200,61200
VTA008201,2025-11-06,CLI0022,PROD0047,VEN013,SUC002,Presencial,7,398900,348900
VTA008202,2025-03-29,CLI0073,PROD0023,VEN019,SUC010,Web,10,601700,400400
VTA008203,2026-04-09,CLI0033,PROD0020,VEN020,SUC004,Presencial,11,531600,411900
VTA008204,2026-02-07,CLI0043,PROD0013,VEN007,SUC003,Presencial,11,505000,390000
VTA008205,2025-12-26,CLI0074,PROD0014,VEN016,SUC006,Presencial,8,60200,42900
VTA008206,2025-08-20,CLI0014,PROD0023,VEN020,SUC001,Web,2,590100,409000
VTA008207,2025-06-15,CLI0033,PROD0007,VEN002,SUC006,Web,1,604500,451900
VTA008208,2025-05-01,CLI0020,PROD0046,VEN014,SUC006,Web,1,565300,358600
VTA008209,2026-01-27,CLI0099,PROD0026,VEN002,SUC010,Web,2,499100,376500
VTA008210,2025-08-14,CLI0030,PROD0017,VEN003,SUC001,Presencial,3,223400,148700
VTA008211,2026-07-21,CLI0088,PROD0042,VEN005,SUC007,Presencial,8,398500,275800
VTA008212,2025-03-11,CLI0055,PROD0015,VEN011,SUC008,Presencial,2,178100,106400
VTA008213,2025-04-01,CLI0001,PROD0002,VEN019,SUC006,Web,12,447800,240900
VTA008214,2025-03-15,CLI0092,PROD0002,VEN013,SUC009,Presencial,9,456200,246300
VTA008215,2025-09-07,CLI0027,PROD0019,VEN012,SUC002,Presencial,8,683900,477000
VTA008216,2026-02-21,CLI0024,PROD0021,VEN020,SUC004,Telefónico,11,884800,665200
VTA008217,2026-01-02,CLI0036,PROD0015,VEN020,SUC006,Web,4,171100,107200
VTA008218,2025-04-25,CLI0023,PROD0007,VEN003,SUC004,Presencial,2,540800,456700
VTA008219,2025-11-04,CLI0075,PROD0005,VEN014,SUC004,Web,4,439600,300700
VTA008220,2025-01-15,CLI0065,PROD0045,VEN020,SUC007,Web,10,119000,92700
VTA008221,2025-04-30,CLI0001,PROD0039,VEN018,SUC008,Web,9,308000,211000
VTA008222,2025-02-20,CLI0091,PROD0011,VEN005,SUC004,Presencial,6,871600,673500
VTA008223,2025-11-10,CLI0053,PROD0019,VEN006,SUC008,Presencial,11,657200,481600
VTA008224,2026-05-17,CLI0057,PROD0029,VEN020,SUC001,Presencial,6,651400,422900
VTA008225,2025-12-13,CLI0052,PROD0018,VEN012,SUC002,Web,10,201200,147900
VTA008226,2026-07-05,CLI0028,PROD0037,VEN008,SUC003,Presencial,3,253200,162000
VTA008227,2025-11-19,CLI0037,PROD0047,VEN013,SUC004,Telefónico,3,424500,358800
VTA008228,2025-01-14,CLI0076,PROD0036,VEN012,SUC001,Web,8,549000,323800
VTA008229,2025-09-24,CLI0062,PROD0006,VEN016,SUC009,Presencial,4,268300,183800
VTA008230,2025-04-26,CLI0015,PROD0024,VEN006,SUC006,Web,3,714100,584800
VTA008231,2025-06-28,CLI0081,PROD0026,VEN007,SUC005,Web,4,568400,389300
VTA008232,2025-01-07,CLI0007,PROD0033,VEN015,SUC004,Presencial,5,252300,174900
VTA008233,2025-11-03,CLI0044,PROD0030,VEN002,SUC005,Web,3,656000,456300
VTA008234,2026-02-12,CLI0092,PROD0049,VEN010,SUC003,Presencial,6,335900,249400
VTA008235,2025-09-17,CLI0038,PROD0048,VEN018,SUC007,Web,6,18800,13300
VTA008236,2025-11-14,CLI0028,PROD0005,VEN012,SUC002,Presencial,8,446900,304200
VTA008237,2026-06-18,CLI0065,PROD0048,VEN009,SUC008,Presencial,2,19400,13300
VTA008238,2025-10-05,CLI0054,PROD0005,VEN015,SUC008,Presencial,9,415400,306700
VTA008239,2025-03-25,CLI0088,PROD0031,VEN001,SUC007,Telefónico,5,278400,203900
VTA008240,2026-03-02,CLI0043,PROD0021,VEN003,SUC007,Presencial,5,772000,650800
VTA008241,2025-09-23,CLI0015,PROD0016,VEN011,SUC003,Presencial,8,153400,108800
VTA008242,2025-10-13,CLI0027,PROD0007,VEN019,SUC009,Web,1,602100,456400
VTA008243,2025-08-03,CLI0032,PROD0008,VEN004,SUC004,Web,8,670800,375200
VTA008244,2025-05-27,CLI0074,PROD0041,VEN002,SUC009,Web,6,204000,141700
VTA008245,2025-05-18,CLI0016,PROD0006,VEN019,SUC002,Presencial,8,283800,182900
VTA008246,2026-07-10,CLI0021,PROD0021,VEN019,SUC007,Web,12,852400,661600
VTA008247,2025-05-06,CLI0070,PROD0007,VEN014,SUC009,Web,10,547200,457600
VTA008248,2026-03-12,CLI0029,PROD0035,VEN005,SUC006,Presencial,10,747400,441200
VTA008249,2025-05-15,CLI0068,PROD0033,VEN018,SUC005,Presencial,1,239000,170500
VTA008250,2026-01-03,CLI0051,PROD0015,VEN012,SUC010,Presencial,12,185600,107800
VTA008251,2025-03-07,CLI0085,PROD0001,VEN007,SUC008,Web,12,390600,243700
VTA008252,2026-02-08,CLI0089,PROD0041,VEN011,SUC004,Presencial,9,191600,142800
VTA008253,2025-11-20,CLI0074,PROD0021,VEN019,SUC006,Presencial,10,792200,651700
VTA008254,2026-03-01,CLI0032,PROD0047,VEN014,SUC009,Web,3,467500,351100
VTA008255,2025-04-18,CLI0067,PROD0018,VEN002,SUC008,Web,2,191800,146700
VTA008256,2026-04-13,CLI0076,PROD0005,VEN003,SUC005,Telefónico,3,472100,305500
VTA008257,2026-03-31,CLI0066,PROD0005,VEN004,SUC004,Web,10,427600,297100
VTA008258,2025-07-18,CLI0086,PROD0016,VEN016,SUC006,Presencial,8,143000,113100
VTA008259,2025-02-24,CLI0081,PROD0041,VEN020,SUC001,Web,10,193800,136800
VTA008260,2026-04-19,CLI0056,PROD0021,VEN011,SUC001,Presencial,12,900800,650800
VTA008261,2025-11-13,CLI0064,PROD0025,VEN013,SUC006,Web,11,71100,61000
VTA008262,2026-01-08,CLI0087,PROD0045,VEN016,SUC004,Web,4,125000,91900
VTA008263,2026-01-24,CLI0004,PROD0014,VEN005,SUC004,Presencial,9,54000,42700
VTA008264,2026-03-21,CLI0081,PROD0029,VEN015,SUC001,Presencial,2,689700,434800
VTA008265,2026-06-23,CLI0006,PROD0013,VEN013,SUC002,Presencial,7,522400,408800
VTA008266,2026-03-18,CLI0081,PROD0004,VEN004,SUC005,Telefónico,4,399500,288300
VTA008267,2026-03-09,CLI0042,PROD0049,VEN015,SUC002,Web,4,356600,247500
VTA008268,2026-02-19,CLI0009,PROD0037,VEN009,SUC008,Telefónico,3,255000,165500
VTA008269,2025-03-15,CLI0057,PROD0015,VEN019,SUC010,Presencial,2,179600,108800
VTA008270,2025-11-30,CLI0021,PROD0003,VEN013,SUC004,Web,12,91100,61200
VTA008271,2025-08-26,CLI0065,PROD0039,VEN002,SUC010,Presencial,3,338900,218300
VTA008272,2026-03-05,CLI0003,PROD0028,VEN016,SUC007,Presencial,2,435100,275900
VTA008273,2026-03-27,CLI0083,PROD0035,VEN009,SUC008,Telefónico,4,695000,447300
VTA008274,2025-09-05,CLI0009,PROD0020,VEN007,SUC005,Web,12,498700,401000
VTA008275,2025-11-23,CLI0059,PROD0037,VEN006,SUC005,Presencial,2,230400,162400
VTA008276,2025-11-07,CLI0009,PROD0045,VEN008,SUC004,Presencial,2,112700,93700
VTA008277,2025-07-11,CLI0057,PROD0028,VEN016,SUC005,Presencial,3,450100,275900
VTA008278,2025-05-29,CLI0001,PROD0043,VEN011,SUC007,Web,3,427100,358000
VTA008279,2025-07-29,CLI0027,PROD0017,VEN018,SUC005,Telefónico,2,202300,148500
VTA008280,2026-03-30,CLI0077,PROD0014,VEN003,SUC002,Web,12,60900,43100
VTA008281,2026-02-24,CLI0022,PROD0024,VEN008,SUC005,Web,5,708400,589900
VTA008282,2025-08-15,CLI0087,PROD0033,VEN011,SUC004,Presencial,7,262200,175200
VTA008283,2025-10-01,CLI0076,PROD0031,VEN003,SUC008,Web,9,270300,196700
VTA008284,2025-03-20,CLI0050,PROD0033,VEN009,SUC003,Web,8,263500,174500
VTA008285,2026-03-02,CLI0026,PROD0008,VEN016,SUC004,Telefónico,8,618200,385600
VTA008286,2026-01-12,CLI0088,PROD0042,VEN008,SUC007,Telefónico,9,411700,277200
VTA008287,2025-05-19,CLI0064,PROD0033,VEN010,SUC001,Web,6,256600,170900
VTA008288,2025-03-01,CLI0012,PROD0006,VEN004,SUC003,Presencial,2,257500,179200
VTA008289,2025-11-10,CLI0048,PROD0015,VEN017,SUC004,Telefónico,11,181800,109000
VTA008290,2025-05-31,CLI0001,PROD0036,VEN007,SUC007,Presencial,10,549500,319700
VTA008291,2025-10-20,CLI0044,PROD0024,VEN011,SUC005,Presencial,12,728400,599800
VTA008292,2025-11-02,CLI0088,PROD0011,VEN006,SUC004,Presencial,1,902100,669500
VTA008293,2025-12-16,CLI0067,PROD0048,VEN012,SUC007,Web,10,18700,13200
VTA008294,2025-07-28,CLI0032,PROD0014,VEN009,SUC001,Presencial,4,56900,43900
VTA008295,2026-03-22,CLI0094,PROD0024,VEN006,SUC005,Telefónico,12,764700,591800
VTA008296,2025-11-29,CLI0015,PROD0028,VEN017,SUC001,Telefónico,8,472600,278300
VTA008297,2025-04-30,CLI0008,PROD0045,VEN006,SUC006,Presencial,12,117200,93800
VTA008298,2026-03-07,CLI0017,PROD0001,VEN011,SUC005,Presencial,6,407200,245500
VTA008299,2025-10-28,CLI0020,PROD0032,VEN002,SUC004,Web,12,317000,184600
VTA008300,2025-08-28,CLI0062,PROD0002,VEN001,SUC007,Presencial,12,438200,240800
VTA008301,2025-11-10,CLI0066,PROD0040,VEN008,SUC006,Presencial,6,237500,152200
VTA008302,2025-10-18,CLI0092,PROD0035,VEN017,SUC010,Telefónico,9,671600,443900
VTA008303,2025-08-07,CLI0031,PROD0003,VEN013,SUC008,Telefónico,10,85000,62100
VTA008304,2026-07-09,CLI0004,PROD0039,VEN005,SUC002,Presencial,9,349400,218300
VTA008305,2025-10-05,CLI0090,PROD0025,VEN001,SUC003,Web,11,79900,61000
VTA008306,2026-04-09,CLI0041,PROD0008,VEN011,SUC002,Web,3,581600,390900
VTA008307,2025-09-15,CLI0032,PROD0047,VEN005,SUC003,Presencial,8,419200,358800
VTA008308,2025-09-10,CLI0093,PROD0033,VEN019,SUC002,Web,12,255800,172500
VTA008309,2025-03-27,CLI0097,PROD0033,VEN015,SUC009,Presencial,8,235500,174900
VTA008310,2026-07-24,CLI0072,PROD0048,VEN007,SUC010,Presencial,9,20500,13100
VTA008311,2025-06-18,CLI0084,PROD0007,VEN015,SUC006,Presencial,3,599700,454100
VTA008312,2025-11-21,CLI0086,PROD0019,VEN020,SUC010,Presencial,2,734500,469900
VTA008313,2025-05-12,CLI0081,PROD0037,VEN001,SUC006,Presencial,2,259100,163200
VTA008314,2025-02-13,CLI0066,PROD0041,VEN003,SUC005,Presencial,12,212400,143000
VTA008315,2026-04-09,CLI0048,PROD0037,VEN009,SUC007,Telefónico,5,257300,165900
VTA008316,2026-04-25,CLI0057,PROD0032,VEN002,SUC004,Presencial,8,285500,186100
VTA008317,2026-05-07,CLI0080,PROD0017,VEN006,SUC007,Presencial,6,208900,150800
VTA008318,2026-01-10,CLI0042,PROD0033,VEN007,SUC006,Presencial,2,245900,170700
VTA008319,2025-06-23,CLI0026,PROD0002,VEN002,SUC005,Presencial,8,435300,237800
VTA008320,2025-03-04,CLI0063,PROD0039,VEN018,SUC005,Web,12,326600,215600
VTA008321,2025-09-20,CLI0069,PROD0027,VEN011,SUC008,Presencial,11,101800,75300
VTA008322,2025-07-13,CLI0035,PROD0032,VEN010,SUC007,Presencial,12,329300,178800
VTA008323,2025-02-25,CLI0057,PROD0045,VEN004,SUC006,Presencial,2,113500,91400
VTA008324,2026-02-16,CLI0099,PROD0034,VEN002,SUC001,Telefónico,1,587100,421600
VTA008325,2025-11-12,CLI0038,PROD0023,VEN006,SUC001,Presencial,12,628400,406100
VTA008326,2025-08-29,CLI0022,PROD0033,VEN017,SUC001,Presencial,12,242500,168500
VTA008327,2025-09-19,CLI0081,PROD0021,VEN001,SUC009,Presencial,5,790800,653300
VTA008328,2026-07-07,CLI0077,PROD0019,VEN004,SUC007,Presencial,6,728700,465200
VTA008329,2025-11-30,CLI0037,PROD0002,VEN013,SUC010,Presencial,8,445600,239200
VTA008330,2026-06-27,CLI0082,PROD0049,VEN002,SUC008,Presencial,7,354100,250200
VTA008331,2026-02-23,CLI0046,PROD0045,VEN008,SUC005,Presencial,9,128000,90800
VTA008332,2026-04-30,CLI0024,PROD0046,VEN005,SUC005,Presencial,1,554300,365500
VTA008333,2026-01-21,CLI0073,PROD0014,VEN014,SUC002,Presencial,9,59400,43900
VTA008334,2025-03-06,CLI0058,PROD0014,VEN016,SUC004,Telefónico,7,57500,43800
VTA008335,2025-12-10,CLI0082,PROD0014,VEN007,SUC006,Presencial,5,55800,42700
VTA008336,2025-05-11,CLI0020,PROD0044,VEN007,SUC004,Presencial,1,746700,609000
VTA008337,2025-03-10,CLI0061,PROD0023,VEN007,SUC007,Presencial,8,624700,412700
VTA008338,2026-06-18,CLI0041,PROD0025,VEN018,SUC009,Presencial,2,75500,59700
VTA008339,2025-05-11,CLI0033,PROD0029,VEN006,SUC009,Web,3,642000,416700
VTA008340,2026-04-22,CLI0050,PROD0014,VEN015,SUC002,Presencial,2,61900,44200
VTA008341,2026-04-07,CLI0057,PROD0046,VEN002,SUC010,Presencial,3,571600,360400
VTA008342,2026-03-20,CLI0034,PROD0043,VEN007,SUC010,Web,9,470300,351000
VTA008343,2026-02-03,CLI0016,PROD0039,VEN011,SUC009,Web,8,349300,213700
VTA008344,2025-03-03,CLI0052,PROD0050,VEN003,SUC004,Presencial,11,255200,200300
VTA008345,2025-12-21,CLI0054,PROD0041,VEN002,SUC007,Web,1,221900,142700
VTA008346,2025-05-26,CLI0040,PROD0049,VEN017,SUC009,Telefónico,3,349500,247200
VTA008347,2025-07-03,CLI0041,PROD0044,VEN016,SUC009,Telefónico,2,813800,605700
VTA008348,2026-02-22,CLI0055,PROD0043,VEN011,SUC002,Web,1,474300,354300
VTA008349,2025-11-14,CLI0012,PROD0028,VEN005,SUC001,Presencial,1,433000,274900
VTA008350,2026-05-22,CLI0040,PROD0010,VEN018,SUC010,Presencial,2,308000,230400
VTA008351,2025-05-19,CLI0025,PROD0016,VEN014,SUC005,Web,8,147800,114100
VTA008352,2025-10-18,CLI0071,PROD0022,VEN007,SUC003,Presencial,6,465100,310700
VTA008353,2025-03-23,CLI0008,PROD0019,VEN002,SUC007,Web,1,726400,476800
VTA008354,2025-10-15,CLI0098,PROD0003,VEN006,SUC008,Web,12,91000,61500
VTA008355,2025-04-21,CLI0039,PROD0034,VEN020,SUC002,Telefónico,2,545600,422200
VTA008356,2025-07-15,CLI0065,PROD0024,VEN010,SUC007,Telefónico,12,738300,582400
VTA008357,2025-11-11,CLI0046,PROD0033,VEN019,SUC005,Web,6,246900,175300
VTA008358,2026-03-02,CLI0061,PROD0018,VEN015,SUC003,Web,9,198700,152200
VTA008359,2025-04-28,CLI0045,PROD0022,VEN003,SUC002,Web,6,474600,314800
VTA008360,2026-07-27,CLI0004,PROD0027,VEN013,SUC001,Web,6,114400,75800
VTA008361,2026-02-15,CLI0100,PROD0020,VEN013,SUC006,Presencial,12,484500,406400
VTA008362,2025-04-18,CLI0088,PROD0028,VEN001,SUC009,Web,6,437500,280600
VTA008363,2026-07-28,CLI0087,PROD0012,VEN003,SUC001,Presencial,4,418900,289000
VTA008364,2025-03-17,CLI0012,PROD0003,VEN008,SUC004,Presencial,3,90700,59800
VTA008365,2026-02-10,CLI0084,PROD0031,VEN001,SUC008,Web,1,263600,200400
VTA008366,2025-05-09,CLI0026,PROD0047,VEN005,SUC008,Presencial,6,413500,350900
VTA008367,2026-05-05,CLI0007,PROD0033,VEN007,SUC002,Presencial,6,235100,170100
VTA008368,2025-09-05,CLI0059,PROD0006,VEN004,SUC005,Presencial,1,276700,182000
VTA008369,2026-04-12,CLI0074,PROD0050,VEN018,SUC008,Web,5,274500,206900
VTA008370,2025-07-30,CLI0043,PROD0009,VEN008,SUC002,Web,10,855900,461500
VTA008371,2025-03-18,CLI0062,PROD0030,VEN003,SUC009,Presencial,10,637400,440200
VTA008372,2025-01-01,CLI0059,PROD0010,VEN009,SUC001,Web,7,331300,230200
VTA008373,2025-02-14,CLI0099,PROD0011,VEN006,SUC001,Telefónico,2,796600,699800
VTA008374,2026-01-12,CLI0044,PROD0021,VEN013,SUC005,Telefónico,10,861200,675000
VTA008375,2025-08-03,CLI0001,PROD0041,VEN019,SUC006,Presencial,12,196500,138400
VTA008376,2025-02-17,CLI0087,PROD0025,VEN010,SUC005,Presencial,9,76600,59700
VTA008377,2026-03-06,CLI0085,PROD0014,VEN003,SUC007,Telefónico,3,57000,44300
VTA008378,2025-08-04,CLI0050,PROD0041,VEN019,SUC003,Presencial,2,194000,137500
VTA008379,2026-05-30,CLI0046,PROD0047,VEN014,SUC006,Web,3,419800,360600
VTA008380,2025-05-26,CLI0085,PROD0026,VEN003,SUC006,Web,10,551300,391600
VTA008381,2026-06-27,CLI0015,PROD0039,VEN001,SUC007,Web,10,314800,209400
VTA008382,2026-02-15,CLI0029,PROD0001,VEN017,SUC004,Web,8,388600,246500
VTA008383,2025-07-10,CLI0038,PROD0027,VEN006,SUC008,Web,7,112500,77700
VTA008384,2025-11-13,CLI0015,PROD0026,VEN019,SUC004,Presencial,11,561500,385900
VTA008385,2025-09-30,CLI0007,PROD0028,VEN014,SUC010,Web,7,441700,277500
VTA008386,2025-04-19,CLI0085,PROD0045,VEN018,SUC010,Web,5,125600,91900
VTA008387,2025-01-27,CLI0032,PROD0041,VEN009,SUC008,Presencial,6,224600,141900
VTA008388,2025-05-09,CLI0014,PROD0042,VEN016,SUC007,Presencial,7,401400,281400
VTA008389,2025-03-15,CLI0018,PROD0017,VEN003,SUC007,Presencial,7,201300,151200
VTA008390,2025-06-05,CLI0088,PROD0015,VEN014,SUC009,Web,4,167700,107100
VTA008391,2026-03-27,CLI0001,PROD0013,VEN009,SUC006,Presencial,3,512800,407700
VTA008392,2026-02-24,CLI0076,PROD0022,VEN007,SUC010,Web,9,478300,309000
VTA008393,2025-12-22,CLI0082,PROD0015,VEN012,SUC007,Web,7,172500,109900
VTA008394,2025-12-03,CLI0093,PROD0004,VEN001,SUC006,Presencial,8,396400,299000
VTA008395,2026-05-26,CLI0042,PROD0007,VEN013,SUC008,Presencial,12,583600,459800
VTA008396,2025-09-19,CLI0018,PROD0045,VEN004,SUC003,Web,1,121700,91500
VTA008397,2025-07-24,CLI0009,PROD0031,VEN019,SUC001,Web,1,290000,204000
VTA008398,2025-07-04,CLI0020,PROD0003,VEN018,SUC010,Presencial,4,79700,61300
VTA008399,2025-10-14,CLI0049,PROD0025,VEN016,SUC005,Web,12,73800,59400
VTA008400,2025-08-13,CLI0064,PROD0018,VEN019,SUC008,Presencial,12,186400,148100
VTA008401,2025-11-17,CLI0043,PROD0007,VEN014,SUC010,Presencial,5,583700,455000
VTA008402,2025-04-26,CLI0040,PROD0044,VEN001,SUC003,Telefónico,2,805100,592900
VTA008403,2025-03-20,CLI0021,PROD0021,VEN014,SUC004,Presencial,10,770100,660500
VTA008404,2026-05-15,CLI0044,PROD0036,VEN018,SUC003,Web,10,508500,319200
VTA008405,2025-02-19,CLI0094,PROD0021,VEN015,SUC004,Presencial,1,818800,650400
VTA008406,2025-06-26,CLI0069,PROD0009,VEN019,SUC009,Presencial,5,837700,466400
VTA008407,2025-12-06,CLI0059,PROD0038,VEN019,SUC007,Web,4,96000,58200
VTA008408,2025-04-19,CLI0007,PROD0041,VEN016,SUC009,Presencial,7,220900,141800
VTA008409,2026-06-26,CLI0013,PROD0037,VEN007,SUC004,Presencial,7,228500,162400
VTA008410,2026-07-09,CLI0080,PROD0018,VEN017,SUC003,Telefónico,7,208500,147100
VTA008411,2025-01-10,CLI0099,PROD0004,VEN014,SUC002,Presencial,7,386200,298200
VTA008412,2025-12-20,CLI0074,PROD0045,VEN020,SUC001,Web,5,117100,92500
VTA008413,2026-05-26,CLI0056,PROD0038,VEN016,SUC002,Web,4,95800,59400
VTA008414,2025-01-20,CLI0021,PROD0018,VEN007,SUC010,Telefónico,7,184200,147800
VTA008415,2026-04-11,CLI0068,PROD0046,VEN011,SUC010,Telefónico,11,552700,352200
VTA008416,2025-08-02,CLI0094,PROD0014,VEN010,SUC010,Web,4,56600,43200
VTA008417,2025-01-11,CLI0066,PROD0004,VEN017,SUC006,Presencial,2,398700,293400
VTA008418,2026-05-24,CLI0091,PROD0002,VEN014,SUC006,Web,6,438500,246800
VTA008419,2026-07-27,CLI0077,PROD0009,VEN019,SUC003,Telefónico,10,807100,472100
VTA008420,2025-05-04,CLI0019,PROD0022,VEN018,SUC002,Presencial,9,491300,319100
VTA008421,2025-09-28,CLI0082,PROD0041,VEN018,SUC007,Web,7,203500,139800
VTA008422,2025-07-12,CLI0064,PROD0016,VEN016,SUC010,Telefónico,9,137100,114200
VTA008423,2026-03-05,CLI0068,PROD0036,VEN005,SUC008,Web,11,503900,316700
VTA008424,2025-02-08,CLI0030,PROD0044,VEN006,SUC010,Web,10,764600,583900
VTA008425,2026-06-01,CLI0054,PROD0043,VEN001,SUC005,Telefónico,11,462700,365400
VTA008426,2025-02-16,CLI0033,PROD0042,VEN004,SUC008,Presencial,2,392500,279100
VTA008427,2026-04-03,CLI0074,PROD0036,VEN014,SUC004,Web,8,511500,320000
VTA008428,2025-04-25,CLI0014,PROD0026,VEN012,SUC006,Web,1,520800,378700
VTA008429,2026-07-28,CLI0046,PROD0008,VEN009,SUC005,Presencial,9,657400,383300
VTA008430,2025-03-23,CLI0055,PROD0019,VEN020,SUC004,Presencial,3,693400,478500
VTA008431,2026-04-13,CLI0063,PROD0031,VEN018,SUC001,Presencial,11,271200,197200
VTA008432,2025-06-16,CLI0008,PROD0002,VEN013,SUC007,Presencial,10,450400,235700
VTA008433,2025-09-20,CLI0036,PROD0018,VEN017,SUC008,Web,5,191500,150300
VTA008434,2026-03-12,CLI0046,PROD0007,VEN010,SUC002,Web,3,584100,464800
VTA008435,2026-01-24,CLI0029,PROD0026,VEN018,SUC010,Presencial,6,500800,390700
VTA008436,2025-11-10,CLI0097,PROD0016,VEN017,SUC005,Presencial,7,144900,110200
VTA008437,2026-03-18,CLI0099,PROD0016,VEN018,SUC001,Web,6,147000,113100
VTA008438,2025-11-24,CLI0039,PROD0031,VEN020,SUC003,Web,10,284000,206000
VTA008439,2026-02-01,CLI0070,PROD0019,VEN001,SUC009,Presencial,2,730400,468100
VTA008440,2026-01-23,CLI0041,PROD0034,VEN015,SUC008,Telefónico,3,567800,409900
VTA008441,2025-04-17,CLI0031,PROD0006,VEN013,SUC007,Presencial,6,275900,182900
VTA008442,2025-09-27,CLI0018,PROD0014,VEN020,SUC006,Presencial,1,59500,43100
VTA008443,2025-05-17,CLI0053,PROD0002,VEN001,SUC004,Web,1,411900,245400
VTA008444,2025-05-13,CLI0045,PROD0005,VEN012,SUC005,Web,4,435100,298700
VTA008445,2026-01-29,CLI0018,PROD0042,VEN002,SUC005,Presencial,10,388100,274800
VTA008446,2026-04-15,CLI0019,PROD0007,VEN007,SUC001,Presencial,4,546000,449200
VTA008447,2025-04-30,CLI0036,PROD0043,VEN017,SUC006,Web,2,443300,364200
VTA008448,2026-03-01,CLI0087,PROD0042,VEN011,SUC006,Presencial,3,391900,279200
VTA008449,2026-01-31,CLI0045,PROD0030,VEN016,SUC009,Telefónico,12,610500,451700
VTA008450,2026-02-01,CLI0037,PROD0035,VEN016,SUC007,Web,4,676000,458900
VTA008451,2025-06-22,CLI0064,PROD0023,VEN002,SUC007,Telefónico,4,565100,404000
VTA008452,2026-04-18,CLI0017,PROD0028,VEN007,SUC006,Web,1,478200,278900
VTA008453,2026-06-01,CLI0031,PROD0036,VEN019,SUC009,Presencial,5,529600,320300
VTA008454,2026-01-26,CLI0099,PROD0015,VEN001,SUC007,Web,7,162800,108200
VTA008455,2025-10-31,CLI0081,PROD0010,VEN012,SUC001,Presencial,3,316500,229800
VTA008456,2026-06-30,CLI0067,PROD0015,VEN002,SUC002,Web,3,179600,106600
VTA008457,2026-06-22,CLI0015,PROD0006,VEN014,SUC010,Web,8,284400,180200
VTA008458,2025-11-20,CLI0058,PROD0048,VEN003,SUC010,Web,1,19200,12700
VTA008459,2025-09-16,CLI0099,PROD0033,VEN020,SUC009,Telefónico,11,247000,170900
VTA008460,2026-06-26,CLI0083,PROD0050,VEN009,SUC007,Presencial,8,247100,202700
VTA008461,2026-02-20,CLI0079,PROD0032,VEN018,SUC001,Web,4,286700,183000
VTA008462,2026-05-19,CLI0008,PROD0040,VEN013,SUC004,Presencial,3,231800,150200
VTA008463,2025-03-31,CLI0027,PROD0047,VEN015,SUC010,Presencial,4,459700,360300
VTA008464,2025-04-29,CLI0007,PROD0008,VEN004,SUC003,Telefónico,6,671300,391800
VTA008465,2025-09-28,CLI0040,PROD0002,VEN001,SUC006,Telefónico,9,465300,238000
VTA008466,2025-02-16,CLI0055,PROD0010,VEN020,SUC001,Web,4,322100,232400
VTA008467,2025-09-14,CLI0008,PROD0011,VEN012,SUC009,Telefónico,1,792500,700000
VTA008468,2025-10-13,CLI0087,PROD0048,VEN011,SUC004,Web,7,18800,12900
VTA008469,2025-08-22,CLI0028,PROD0010,VEN016,SUC001,Web,9,312800,233400
VTA008470,2025-09-01,CLI0027,PROD0009,VEN010,SUC002,Telefónico,2,767900,458400
VTA008471,2026-01-12,CLI0020,PROD0018,VEN020,SUC010,Telefónico,12,199400,152500
VTA008472,2025-04-10,CLI0036,PROD0017,VEN004,SUC002,Telefónico,6,216800,145000
VTA008473,2025-05-03,CLI0094,PROD0037,VEN017,SUC008,Presencial,2,253400,166900
VTA008474,2025-06-21,CLI0003,PROD0024,VEN012,SUC006,Web,6,747600,577300
VTA008475,2026-02-08,CLI0048,PROD0013,VEN007,SUC004,Web,2,491400,392700
VTA008476,2026-01-21,CLI0040,PROD0015,VEN011,SUC004,Web,5,167700,109400
VTA008477,2025-04-10,CLI0100,PROD0037,VEN009,SUC008,Presencial,8,256900,168000
VTA008478,2026-03-05,CLI0011,PROD0006,VEN006,SUC001,Telefónico,8,273100,181700
VTA008479,2026-07-31,CLI0019,PROD0031,VEN019,SUC004,Telefónico,9,253200,205000
VTA008480,2025-11-06,CLI0053,PROD0021,VEN015,SUC007,Telefónico,9,856400,657500
VTA008481,2025-08-07,CLI0089,PROD0009,VEN002,SUC005,Web,11,869900,471300
VTA008482,2025-07-23,CLI0069,PROD0023,VEN003,SUC001,Web,8,603200,401600
VTA008483,2025-05-07,CLI0038,PROD0048,VEN003,SUC010,Presencial,9,20600,13300
VTA008484,2025-08-15,CLI0058,PROD0018,VEN009,SUC002,Presencial,3,193400,147400
VTA008485,2025-04-15,CLI0048,PROD0007,VEN004,SUC010,Presencial,10,591900,458600
VTA008486,2025-02-26,CLI0087,PROD0015,VEN004,SUC001,Telefónico,7,188100,107500
VTA008487,2026-03-11,CLI0001,PROD0033,VEN011,SUC001,Presencial,3,254900,169300
VTA008488,2025-05-04,CLI0007,PROD0032,VEN018,SUC003,Telefónico,9,311300,180200
VTA008489,2025-11-09,CLI0011,PROD0043,VEN003,SUC005,Telefónico,9,461600,354700
VTA008490,2025-10-18,CLI0069,PROD0030,VEN011,SUC010,Web,7,591700,453200
VTA008491,2026-05-14,CLI0030,PROD0045,VEN014,SUC008,Web,12,118000,92900
VTA008492,2026-03-16,CLI0045,PROD0027,VEN012,SUC003,Web,7,114600,75300
VTA008493,2026-05-26,CLI0069,PROD0035,VEN019,SUC006,Presencial,11,671200,460100
VTA008494,2025-10-20,CLI0035,PROD0026,VEN016,SUC001,Web,8,495100,379800
VTA008495,2025-08-06,CLI0060,PROD0024,VEN017,SUC010,Presencial,10,704500,598100
VTA008496,2025-09-08,CLI0071,PROD0029,VEN013,SUC005,Presencial,9,669600,419900
VTA008497,2025-06-17,CLI0021,PROD0003,VEN005,SUC001,Telefónico,10,92500,61600
VTA008498,2025-12-20,CLI0053,PROD0040,VEN013,SUC006,Presencial,9,231900,148400
VTA008499,2025-06-12,CLI0047,PROD0001,VEN015,SUC004,Web,2,389400,251000
VTA008500,2025-12-22,CLI0070,PROD0037,VEN007,SUC009,Presencial,10,250500,167600
VTA008501,2025-12-01,CLI0096,PROD0031,VEN002,SUC006,Web,7,285100,200400
VTA008502,2026-01-17,CLI0071,PROD0004,VEN017,SUC001,Web,11,396200,295100
VTA008503,2025-04-08,CLI0034,PROD0014,VEN020,SUC003,Presencial,7,61600,43000
VTA008504,2025-10-21,CLI0026,PROD0041,VEN016,SUC002,Presencial,7,206100,139500
VTA008505,2026-07-04,CLI0074,PROD0031,VEN016,SUC010,Presencial,6,276400,202500
VTA008506,2025-02-13,CLI0002,PROD0044,VEN006,SUC007,Presencial,5,737200,595900
VTA008507,2026-01-10,CLI0058,PROD0011,VEN018,SUC008,Presencial,1,859800,688500
VTA008508,2025-05-05,CLI0018,PROD0045,VEN006,SUC009,Presencial,10,120200,93400
VTA008509,2025-04-18,CLI0002,PROD0049,VEN013,SUC008,Presencial,1,317000,254000
VTA008510,2026-04-28,CLI0012,PROD0018,VEN014,SUC002,Presencial,7,214600,147900
VTA008511,2026-03-10,CLI0020,PROD0004,VEN004,SUC006,Web,1,363200,295400
VTA008512,2026-01-26,CLI0036,PROD0011,VEN006,SUC001,Web,12,809800,697200
VTA008513,2026-01-13,CLI0045,PROD0025,VEN013,SUC009,Web,5,71000,61300
VTA008514,2025-08-27,CLI0075,PROD0032,VEN003,SUC008,Web,10,321000,180300
VTA008515,2025-08-09,CLI0071,PROD0012,VEN011,SUC008,Web,2,418700,287400
VTA008516,2025-11-12,CLI0083,PROD0028,VEN012,SUC001,Web,9,463300,278400
VTA008517,2026-03-06,CLI0034,PROD0012,VEN007,SUC003,Web,8,409700,281000
VTA008518,2026-04-05,CLI0005,PROD0050,VEN004,SUC003,Presencial,9,274300,200300
VTA008519,2025-11-14,CLI0036,PROD0032,VEN007,SUC008,Presencial,10,330800,179400
VTA008520,2025-09-18,CLI0047,PROD0037,VEN013,SUC002,Presencial,9,243700,164100
VTA008521,2026-07-06,CLI0079,PROD0013,VEN006,SUC001,Web,11,520600,399500
VTA008522,2026-01-11,CLI0055,PROD0048,VEN010,SUC005,Presencial,2,20500,12900
VTA008523,2026-07-21,CLI0031,PROD0022,VEN020,SUC002,Telefónico,3,533500,316800
VTA008524,2026-01-10,CLI0083,PROD0032,VEN005,SUC001,Presencial,7,304200,185400
VTA008525,2025-09-23,CLI0011,PROD0049,VEN001,SUC009,Web,3,348200,253300
VTA008526,2026-05-29,CLI0083,PROD0008,VEN012,SUC008,Presencial,10,636100,389300
VTA008527,2025-06-14,CLI0080,PROD0013,VEN016,SUC005,Telefónico,4,504900,403200
VTA008528,2026-05-05,CLI0044,PROD0027,VEN011,SUC002,Web,4,112100,75000
VTA008529,2025-10-03,CLI0020,PROD0017,VEN003,SUC008,Web,3,216500,148100
VTA008530,2025-05-23,CLI0082,PROD0030,VEN013,SUC003,Presencial,1,632600,450000
VTA008531,2025-11-04,CLI0074,PROD0045,VEN007,SUC009,Presencial,8,126700,93300
VTA008532,2025-01-12,CLI0053,PROD0045,VEN007,SUC008,Web,7,128400,94900
VTA008533,2026-03-09,CLI0072,PROD0011,VEN005,SUC010,Web,11,809200,691400
VTA008534,2025-06-18,CLI0009,PROD0035,VEN005,SUC008,Telefónico,6,751600,442100
VTA008535,2026-03-09,CLI0014,PROD0022,VEN006,SUC001,Web,10,526600,318200
VTA008536,2025-08-01,CLI0018,PROD0019,VEN016,SUC002,Presencial,1,697800,476600
VTA008537,2026-07-12,CLI0095,PROD0004,VEN001,SUC004,Presencial,1,390900,288700
VTA008538,2026-05-10,CLI0004,PROD0019,VEN002,SUC007,Telefónico,9,658100,473300
VTA008539,2026-02-13,CLI0030,PROD0015,VEN013,SUC008,Web,11,185700,106500
VTA008540,2025-03-19,CLI0093,PROD0035,VEN013,SUC008,Presencial,11,747900,451200
VTA008541,2026-06-12,CLI0041,PROD0040,VEN011,SUC006,Web,2,207800,150500
VTA008542,2025-07-31,CLI0051,PROD0047,VEN016,SUC006,Telefónico,7,439600,358400
VTA008543,2026-03-27,CLI0060,PROD0005,VEN003,SUC008,Web,1,470300,301700
VTA008544,2026-02-15,CLI0044,PROD0025,VEN012,SUC003,Presencial,6,75700,61500
VTA008545,2025-12-18,CLI0070,PROD0002,VEN009,SUC003,Web,11,446000,235200
VTA008546,2025-10-04,CLI0061,PROD0026,VEN013,SUC005,Web,12,503900,388700
VTA008547,2025-06-26,CLI0067,PROD0043,VEN017,SUC001,Telefónico,7,493500,352400
VTA008548,2025-10-01,CLI0098,PROD0032,VEN009,SUC006,Presencial,2,329900,185200
VTA008549,2025-03-20,CLI0061,PROD0049,VEN011,SUC008,Presencial,2,343100,244400
VTA008550,2026-03-25,CLI0064,PROD0032,VEN017,SUC005,Telefónico,8,308300,184700
VTA008551,2025-08-27,CLI0025,PROD0003,VEN005,SUC007,Presencial,1,83100,59700
VTA008552,2026-01-07,CLI0027,PROD0013,VEN002,SUC010,Telefónico,5,518200,395600
VTA008553,2025-12-22,CLI0093,PROD0032,VEN009,SUC008,Web,7,297800,180600
VTA008554,2025-05-30,CLI0078,PROD0027,VEN016,SUC008,Web,6,115500,74800
VTA008555,2025-02-01,CLI0006,PROD0021,VEN010,SUC004,Web,2,848600,669100
VTA008556,2025-09-20,CLI0047,PROD0018,VEN008,SUC006,Presencial,6,190800,149500
VTA008557,2025-12-26,CLI0054,PROD0008,VEN001,SUC003,Telefónico,11,658300,379300
VTA008558,2025-07-20,CLI0091,PROD0046,VEN008,SUC006,Presencial,6,521200,353400
VTA008559,2025-12-17,CLI0096,PROD0008,VEN018,SUC001,Presencial,10,602500,380000
VTA008560,2025-06-04,CLI0067,PROD0038,VEN018,SUC002,Presencial,9,90000,59900
VTA008561,2026-06-28,CLI0064,PROD0047,VEN007,SUC009,Presencial,3,463900,363500
VTA008562,2025-08-24,CLI0026,PROD0028,VEN005,SUC006,Web,7,437700,272100
VTA008563,2026-02-11,CLI0063,PROD0050,VEN014,SUC009,Web,10,274200,206200
VTA008564,2026-03-11,CLI0055,PROD0003,VEN016,SUC004,Presencial,9,83200,61400
VTA008565,2025-06-11,CLI0039,PROD0023,VEN010,SUC002,Web,7,604400,401700
VTA008566,2025-12-26,CLI0093,PROD0007,VEN017,SUC003,Presencial,8,592300,447100
VTA008567,2026-04-24,CLI0083,PROD0018,VEN015,SUC007,Presencial,1,212000,149600
VTA008568,2026-01-20,CLI0041,PROD0023,VEN001,SUC001,Telefónico,8,580000,404700
VTA008569,2025-06-25,CLI0098,PROD0013,VEN019,SUC008,Web,6,486700,394200
VTA008570,2025-09-21,CLI0036,PROD0004,VEN005,SUC009,Presencial,3,364500,288200
VTA008571,2025-08-24,CLI0033,PROD0047,VEN019,SUC005,Telefónico,3,406600,349000
VTA008572,2026-02-19,CLI0031,PROD0037,VEN010,SUC002,Telefónico,2,244700,165500
VTA008573,2025-10-15,CLI0065,PROD0020,VEN019,SUC008,Presencial,3,483900,406200
VTA008574,2025-03-25,CLI0092,PROD0004,VEN004,SUC006,Web,4,352700,301500
VTA008575,2025-07-06,CLI0013,PROD0022,VEN008,SUC010,Presencial,8,501600,316000
VTA008576,2025-03-28,CLI0045,PROD0032,VEN005,SUC003,Presencial,11,298500,181500
VTA008577,2025-06-28,CLI0061,PROD0042,VEN010,SUC006,Web,10,368300,281300
VTA008578,2026-05-03,CLI0067,PROD0033,VEN016,SUC009,Presencial,4,264500,170600
VTA008579,2025-09-11,CLI0095,PROD0011,VEN014,SUC001,Web,5,853100,684600
VTA008580,2025-10-15,CLI0007,PROD0003,VEN017,SUC006,Web,4,90500,62000
VTA008581,2025-11-19,CLI0064,PROD0029,VEN013,SUC009,Web,10,676900,432900
VTA008582,2025-06-26,CLI0022,PROD0026,VEN010,SUC006,Web,4,531000,386100
VTA008583,2025-05-19,CLI0020,PROD0015,VEN002,SUC009,Presencial,11,177200,107400
VTA008584,2026-06-25,CLI0067,PROD0016,VEN009,SUC007,Web,1,135100,113600
VTA008585,2026-03-20,CLI0013,PROD0016,VEN011,SUC007,Web,12,134900,113400
VTA008586,2026-03-10,CLI0072,PROD0009,VEN015,SUC001,Web,2,839200,469400
VTA008587,2025-03-03,CLI0031,PROD0022,VEN002,SUC002,Presencial,9,515400,317700
VTA008588,2025-04-12,CLI0071,PROD0003,VEN005,SUC009,Web,11,90300,61500
VTA008589,2025-08-03,CLI0019,PROD0002,VEN007,SUC007,Web,8,408300,247100
VTA008590,2025-06-09,CLI0070,PROD0006,VEN006,SUC001,Telefónico,1,291100,181900
VTA008591,2025-11-05,CLI0040,PROD0033,VEN019,SUC001,Telefónico,10,255000,169400
VTA008592,2026-06-20,CLI0087,PROD0032,VEN019,SUC007,Presencial,6,312100,187100
VTA008593,2025-08-31,CLI0024,PROD0037,VEN010,SUC006,Presencial,6,247800,165800
VTA008594,2025-10-17,CLI0067,PROD0050,VEN004,SUC005,Presencial,2,255200,205000
VTA008595,2025-06-23,CLI0046,PROD0050,VEN003,SUC009,Presencial,3,284900,205200
VTA008596,2025-11-21,CLI0039,PROD0046,VEN009,SUC004,Web,6,595000,363200
VTA008597,2025-04-05,CLI0083,PROD0018,VEN004,SUC007,Telefónico,11,192600,153300
VTA008598,2026-01-26,CLI0070,PROD0001,VEN018,SUC005,Web,6,380700,247900
VTA008599,2025-07-24,CLI0060,PROD0026,VEN019,SUC009,Presencial,10,574200,378900
VTA008600,2026-03-19,CLI0094,PROD0038,VEN011,SUC005,Presencial,2,101200,57700
VTA008601,2026-04-28,CLI0089,PROD0005,VEN007,SUC002,Presencial,8,450100,301300
VTA008602,2025-02-02,CLI0008,PROD0018,VEN004,SUC007,Telefónico,11,206000,149600
VTA008603,2025-07-18,CLI0003,PROD0034,VEN008,SUC006,Web,2,596600,411900
VTA008604,2025-06-28,CLI0024,PROD0049,VEN008,SUC008,Presencial,11,321400,248400
VTA008605,2025-09-30,CLI0035,PROD0033,VEN002,SUC009,Presencial,10,235400,176200
VTA008606,2026-04-06,CLI0087,PROD0043,VEN010,SUC001,Telefónico,3,491500,366100
VTA008607,2025-06-07,CLI0051,PROD0025,VEN019,SUC008,Presencial,7,69400,61000
VTA008608,2025-04-09,CLI0049,PROD0014,VEN011,SUC001,Web,11,61800,43200
VTA008609,2026-07-08,CLI0011,PROD0019,VEN016,SUC001,Telefónico,4,639600,473300
VTA008610,2025-05-08,CLI0094,PROD0008,VEN014,SUC009,Presencial,4,662200,388000
VTA008611,2025-11-11,CLI0085,PROD0027,VEN008,SUC002,Telefónico,5,101500,76600
VTA008612,2026-06-08,CLI0052,PROD0009,VEN009,SUC001,Telefónico,12,758400,465700
VTA008613,2025-06-30,CLI0020,PROD0044,VEN017,SUC008,Web,6,742000,592400
VTA008614,2025-07-04,CLI0096,PROD0032,VEN007,SUC007,Presencial,9,323900,186200
VTA008615,2026-05-12,CLI0053,PROD0014,VEN019,SUC009,Presencial,3,56900,43800
VTA008616,2025-11-05,CLI0068,PROD0023,VEN017,SUC005,Presencial,11,591600,397500
VTA008617,2026-02-01,CLI0051,PROD0028,VEN004,SUC008,Presencial,12,481900,273700
VTA008618,2026-02-18,CLI0027,PROD0014,VEN016,SUC009,Presencial,10,61400,44300
VTA008619,2025-11-18,CLI0061,PROD0007,VEN006,SUC002,Web,2,555300,454500
VTA008620,2026-06-08,CLI0054,PROD0001,VEN010,SUC002,Telefónico,6,423200,253700
VTA008621,2025-08-17,CLI0092,PROD0023,VEN019,SUC008,Presencial,10,652700,403600
VTA008622,2025-02-08,CLI0010,PROD0036,VEN007,SUC005,Presencial,6,555900,321400
VTA008623,2025-01-19,CLI0008,PROD0050,VEN014,SUC002,Web,1,276200,210300
VTA008624,2026-05-19,CLI0014,PROD0043,VEN006,SUC010,Presencial,12,480000,367000
VTA008625,2026-07-09,CLI0025,PROD0021,VEN011,SUC004,Web,9,831600,647800
VTA008626,2026-01-25,CLI0056,PROD0050,VEN011,SUC009,Presencial,7,262300,209900
VTA008627,2025-02-16,CLI0067,PROD0020,VEN005,SUC010,Presencial,6,533200,414100
VTA008628,2025-01-21,CLI0015,PROD0023,VEN011,SUC004,Web,1,612300,406700
VTA008629,2025-09-10,CLI0098,PROD0034,VEN008,SUC002,Presencial,8,595100,408900
VTA008630,2025-10-25,CLI0029,PROD0026,VEN015,SUC002,Presencial,7,502500,385200
VTA008631,2025-08-06,CLI0090,PROD0020,VEN005,SUC004,Web,4,537400,406300
VTA008632,2025-09-15,CLI0087,PROD0008,VEN002,SUC005,Presencial,6,639200,382500
VTA008633,2025-01-16,CLI0085,PROD0010,VEN005,SUC007,Presencial,1,301100,234400
VTA008634,2025-11-28,CLI0002,PROD0005,VEN019,SUC006,Web,7,452600,300900
VTA008635,2025-06-14,CLI0027,PROD0001,VEN014,SUC005,Presencial,5,400800,249500
VTA008636,2025-01-24,CLI0047,PROD0011,VEN018,SUC008,Presencial,9,870700,670500
VTA008637,2025-03-01,CLI0058,PROD0047,VEN008,SUC005,Telefónico,6,416300,353900
VTA008638,2025-03-12,CLI0038,PROD0045,VEN011,SUC004,Telefónico,11,121200,91800
VTA008639,2025-03-21,CLI0058,PROD0034,VEN001,SUC007,Presencial,3,543000,420900
VTA008640,2026-02-23,CLI0076,PROD0020,VEN014,SUC001,Presencial,5,556900,415000
VTA008641,2026-03-13,CLI0081,PROD0039,VEN005,SUC009,Presencial,1,309700,209100
VTA008642,2026-07-01,CLI0025,PROD0017,VEN020,SUC006,Web,4,225900,148000
VTA008643,2025-05-25,CLI0053,PROD0033,VEN003,SUC006,Web,7,271000,171600
VTA008644,2025-10-06,CLI0036,PROD0049,VEN007,SUC007,Presencial,4,365800,241700
VTA008645,2025-07-23,CLI0088,PROD0048,VEN013,SUC001,Presencial,1,18700,12800
VTA008646,2026-05-27,CLI0027,PROD0006,VEN017,SUC008,Presencial,2,259800,186700
VTA008647,2025-07-04,CLI0085,PROD0005,VEN018,SUC004,Web,8,446900,308100
VTA008648,2026-05-18,CLI0079,PROD0017,VEN013,SUC005,Presencial,4,200900,149000
VTA008649,2025-02-15,CLI0044,PROD0043,VEN005,SUC003,Web,7,446200,350500
VTA008650,2025-07-06,CLI0082,PROD0035,VEN008,SUC003,Presencial,5,722600,459400
VTA008651,2025-05-26,CLI0076,PROD0018,VEN006,SUC003,Presencial,2,198200,148500
VTA008652,2025-09-13,CLI0054,PROD0023,VEN005,SUC003,Web,7,560200,409000
VTA008653,2025-12-28,CLI0031,PROD0044,VEN017,SUC004,Web,1,741300,588000
VTA008654,2025-01-22,CLI0053,PROD0021,VEN009,SUC005,Presencial,5,809600,651900
VTA008655,2025-11-12,CLI0024,PROD0027,VEN005,SUC003,Web,1,103200,77400
VTA008656,2025-09-27,CLI0060,PROD0021,VEN005,SUC001,Presencial,8,865100,650500
VTA008657,2025-08-23,CLI0096,PROD0032,VEN009,SUC010,Telefónico,7,329600,181900
VTA008658,2025-07-03,CLI0071,PROD0031,VEN020,SUC007,Web,4,251000,201900
VTA008659,2026-03-09,CLI0001,PROD0044,VEN010,SUC005,Telefónico,12,835800,604200
VTA008660,2026-07-03,CLI0097,PROD0031,VEN012,SUC005,Presencial,9,252500,204400
VTA008661,2026-06-11,CLI0096,PROD0001,VEN019,SUC001,Web,3,423800,250700
VTA008662,2025-01-16,CLI0042,PROD0047,VEN003,SUC004,Telefónico,5,448300,358800
VTA008663,2025-04-18,CLI0054,PROD0015,VEN012,SUC009,Web,12,179100,110100
VTA008664,2026-06-12,CLI0027,PROD0018,VEN016,SUC003,Presencial,11,194500,148700
VTA008665,2025-07-30,CLI0084,PROD0026,VEN002,SUC003,Presencial,1,547300,381700
VTA008666,2026-05-21,CLI0055,PROD0030,VEN014,SUC010,Web,1,618300,453000
VTA008667,2025-12-04,CLI0060,PROD0029,VEN020,SUC001,Telefónico,10,680300,427100
VTA008668,2026-03-02,CLI0098,PROD0027,VEN019,SUC010,Presencial,6,106800,75300
VTA008669,2025-04-28,CLI0097,PROD0049,VEN011,SUC009,Presencial,11,359000,250600
VTA008670,2026-05-26,CLI0078,PROD0029,VEN005,SUC006,Web,10,717700,414600
VTA008671,2025-06-23,CLI0046,PROD0046,VEN013,SUC009,Presencial,7,585400,352100
VTA008672,2025-11-05,CLI0037,PROD0027,VEN014,SUC004,Presencial,8,112900,77700
VTA008673,2026-04-14,CLI0006,PROD0013,VEN005,SUC009,Presencial,10,495000,408900
VTA008674,2025-04-30,CLI0066,PROD0001,VEN007,SUC003,Presencial,1,421400,248600
VTA008675,2025-11-25,CLI0037,PROD0036,VEN014,SUC009,Web,4,515200,324400
VTA008676,2025-06-04,CLI0048,PROD0030,VEN010,SUC009,Web,5,662900,445100
VTA008677,2026-05-13,CLI0085,PROD0006,VEN006,SUC004,Telefónico,1,288900,183100
VTA008678,2025-05-28,CLI0079,PROD0018,VEN004,SUC003,Telefónico,10,189600,151500
VTA008679,2026-04-26,CLI0074,PROD0045,VEN003,SUC006,Telefónico,9,118900,93500
VTA008680,2025-11-26,CLI0060,PROD0013,VEN015,SUC001,Web,3,506500,397700
VTA008681,2025-05-27,CLI0071,PROD0044,VEN011,SUC005,Presencial,6,802700,605800
VTA008682,2025-12-29,CLI0001,PROD0013,VEN019,SUC005,Presencial,10,486600,397100
VTA008683,2025-12-19,CLI0070,PROD0046,VEN018,SUC002,Telefónico,2,605800,361900
VTA008684,2025-09-08,CLI0007,PROD0023,VEN006,SUC010,Web,11,589100,396800
VTA008685,2025-06-12,CLI0006,PROD0038,VEN017,SUC003,Presencial,5,90900,58100
VTA008686,2025-09-27,CLI0067,PROD0030,VEN007,SUC005,Web,5,616200,452100
VTA008687,2026-03-14,CLI0067,PROD0030,VEN001,SUC001,Web,11,568000,441200
VTA008688,2026-07-08,CLI0072,PROD0026,VEN017,SUC010,Web,2,496100,384700
VTA008689,2026-03-31,CLI0095,PROD0015,VEN001,SUC005,Web,8,179800,109700
VTA008690,2025-06-11,CLI0084,PROD0014,VEN009,SUC004,Presencial,11,59400,42600
VTA008691,2026-06-30,CLI0043,PROD0008,VEN016,SUC005,Telefónico,1,587300,382700
VTA008692,2026-03-26,CLI0030,PROD0023,VEN019,SUC002,Presencial,3,628800,399200
VTA008693,2025-08-29,CLI0072,PROD0017,VEN012,SUC006,Presencial,5,227000,149000
VTA008694,2025-08-05,CLI0055,PROD0048,VEN002,SUC010,Presencial,2,18600,13000
VTA008695,2026-02-20,CLI0083,PROD0006,VEN003,SUC010,Web,3,267400,185600
VTA008696,2025-09-10,CLI0081,PROD0038,VEN009,SUC004,Presencial,9,98200,60200
VTA008697,2026-01-02,CLI0051,PROD0022,VEN019,SUC007,Presencial,2,465500,318500
VTA008698,2025-10-12,CLI0018,PROD0035,VEN020,SUC006,Presencial,12,708600,439900
VTA008699,2025-08-05,CLI0081,PROD0041,VEN014,SUC004,Web,6,196900,139600
VTA008700,2025-08-06,CLI0048,PROD0028,VEN020,SUC006,Presencial,12,435000,278900
VTA008701,2025-07-05,CLI0057,PROD0013,VEN018,SUC001,Web,2,514200,391000
VTA008702,2025-04-26,CLI0054,PROD0018,VEN011,SUC002,Web,11,204500,150700
VTA008703,2025-11-22,CLI0028,PROD0037,VEN001,SUC002,Web,4,227200,162800
VTA008704,2025-06-01,CLI0047,PROD0014,VEN006,SUC003,Web,9,62500,42900
VTA008705,2026-02-18,CLI0062,PROD0010,VEN001,SUC004,Web,9,326300,228200
VTA008706,2025-12-07,CLI0074,PROD0036,VEN008,SUC003,Web,7,539300,324200
VTA008707,2025-08-10,CLI0011,PROD0009,VEN004,SUC010,Telefónico,1,772600,475300
VTA008708,2025-02-02,CLI0037,PROD0005,VEN002,SUC009,Presencial,11,467000,305200
VTA008709,2025-09-19,CLI0013,PROD0003,VEN006,SUC005,Web,11,84600,61500
VTA008710,2026-05-27,CLI0083,PROD0026,VEN001,SUC008,Web,2,570600,385900
VTA008711,2025-01-05,CLI0027,PROD0043,VEN017,SUC006,Telefónico,9,464300,361200
VTA008712,2025-03-18,CLI0030,PROD0027,VEN014,SUC001,Presencial,4,98800,75000
VTA008713,2025-11-22,CLI0062,PROD0037,VEN014,SUC002,Telefónico,4,255800,165400
VTA008714,2026-04-30,CLI0081,PROD0046,VEN003,SUC006,Web,7,601600,348400
VTA008715,2025-10-19,CLI0043,PROD0030,VEN002,SUC001,Web,8,589300,436700
VTA008716,2025-08-01,CLI0100,PROD0045,VEN008,SUC007,Presencial,9,113600,91100
VTA008717,2026-04-15,CLI0046,PROD0010,VEN018,SUC009,Presencial,8,327200,227100
VTA008718,2025-12-12,CLI0097,PROD0043,VEN017,SUC009,Presencial,3,454700,363300
VTA008719,2026-03-25,CLI0080,PROD0003,VEN020,SUC006,Web,10,86800,59600
VTA008720,2026-06-29,CLI0031,PROD0006,VEN004,SUC009,Web,5,264300,183500
VTA008721,2025-04-10,CLI0003,PROD0037,VEN006,SUC006,Presencial,1,235900,164700
VTA008722,2025-05-29,CLI0006,PROD0038,VEN010,SUC008,Telefónico,9,99900,59900
VTA008723,2025-05-08,CLI0083,PROD0017,VEN009,SUC007,Presencial,6,211600,151100
VTA008724,2026-03-15,CLI0037,PROD0005,VEN008,SUC006,Web,5,451600,298100
VTA008725,2026-01-10,CLI0050,PROD0021,VEN018,SUC001,Presencial,7,903600,654700
VTA008726,2025-07-07,CLI0050,PROD0013,VEN004,SUC003,Telefónico,6,529400,403700
VTA008727,2025-07-28,CLI0076,PROD0047,VEN008,SUC005,Telefónico,11,462300,351400
VTA008728,2025-03-05,CLI0005,PROD0048,VEN001,SUC004,Web,3,20100,13200
VTA008729,2026-01-27,CLI0006,PROD0003,VEN012,SUC010,Presencial,5,82700,60800
VTA008730,2026-05-23,CLI0085,PROD0040,VEN020,SUC007,Web,11,237200,149500
VTA008731,2025-08-21,CLI0020,PROD0017,VEN006,SUC003,Telefónico,9,205900,145700
VTA008732,2026-02-01,CLI0055,PROD0011,VEN010,SUC004,Web,7,876600,674300
VTA008733,2025-03-06,CLI0038,PROD0025,VEN005,SUC009,Web,6,79700,60700
VTA008734,2025-11-05,CLI0096,PROD0019,VEN005,SUC004,Web,11,643700,460900
VTA008735,2025-01-04,CLI0042,PROD0010,VEN019,SUC010,Web,5,339100,226300
VTA008736,2025-12-25,CLI0057,PROD0049,VEN013,SUC006,Presencial,10,352800,244700
VTA008737,2025-11-18,CLI0076,PROD0019,VEN014,SUC008,Web,12,636400,472000
VTA008738,2025-07-04,CLI0018,PROD0027,VEN012,SUC004,Presencial,11,109700,77900
VTA008739,2026-05-09,CLI0066,PROD0048,VEN016,SUC003,Web,1,21600,13200
VTA008740,2025-03-04,CLI0098,PROD0005,VEN003,SUC007,Presencial,2,449300,307500
VTA008741,2025-04-26,CLI0020,PROD0014,VEN009,SUC005,Presencial,1,54900,44400
VTA008742,2025-02-17,CLI0026,PROD0049,VEN017,SUC003,Web,7,331900,244800
VTA008743,2025-03-05,CLI0028,PROD0012,VEN017,SUC004,Presencial,3,430200,278200
VTA008744,2025-10-31,CLI0037,PROD0009,VEN006,SUC002,Presencial,4,772900,471300
VTA008745,2025-07-18,CLI0041,PROD0012,VEN020,SUC004,Presencial,12,410100,279500
VTA008746,2025-07-12,CLI0042,PROD0026,VEN001,SUC007,Web,3,528000,376000
VTA008747,2026-05-29,CLI0031,PROD0025,VEN007,SUC003,Web,9,70500,60500
VTA008748,2026-02-10,CLI0096,PROD0022,VEN010,SUC006,Web,2,472900,315800
VTA008749,2026-02-18,CLI0014,PROD0035,VEN014,SUC005,Web,4,695300,442200
VTA008750,2025-05-29,CLI0035,PROD0020,VEN012,SUC005,Web,7,497300,405600
VTA008751,2026-01-10,CLI0083,PROD0018,VEN004,SUC009,Presencial,6,201700,151700
VTA008752,2026-04-03,CLI0019,PROD0044,VEN005,SUC003,Presencial,9,739600,586800
VTA008753,2026-01-16,CLI0007,PROD0022,VEN018,SUC010,Web,8,514000,310000
VTA008754,2025-09-17,CLI0099,PROD0002,VEN010,SUC010,Presencial,8,438200,236800
VTA008755,2025-01-01,CLI0078,PROD0007,VEN018,SUC005,Presencial,1,630600,445700
VTA008756,2025-07-15,CLI0064,PROD0028,VEN020,SUC001,Web,5,434800,279700
VTA008757,2025-11-22,CLI0018,PROD0007,VEN010,SUC002,Web,2,599300,464200
VTA008758,2025-02-03,CLI0024,PROD0024,VEN001,SUC006,Web,9,701900,573900
VTA008759,2025-05-29,CLI0084,PROD0029,VEN019,SUC002,Presencial,9,659700,430400
VTA008760,2025-11-03,CLI0035,PROD0042,VEN011,SUC001,Presencial,12,411700,286600
VTA008761,2025-03-10,CLI0004,PROD0021,VEN005,SUC008,Presencial,7,816900,667900
VTA008762,2026-02-17,CLI0048,PROD0008,VEN002,SUC006,Web,2,622700,392000
VTA008763,2025-08-21,CLI0019,PROD0026,VEN009,SUC003,Web,1,525600,384000
VTA008764,2025-05-31,CLI0055,PROD0042,VEN013,SUC004,Web,5,400300,285400
VTA008765,2025-09-30,CLI0091,PROD0046,VEN016,SUC002,Web,1,528200,355300
VTA008766,2025-02-28,CLI0056,PROD0005,VEN010,SUC006,Presencial,8,473200,299700
VTA008767,2025-10-14,CLI0052,PROD0040,VEN016,SUC002,Telefónico,9,217700,150200
VTA008768,2025-04-20,CLI0018,PROD0031,VEN006,SUC006,Web,2,259300,199200
VTA008769,2025-06-23,CLI0043,PROD0013,VEN007,SUC003,Presencial,11,480600,398700
VTA008770,2025-09-21,CLI0082,PROD0028,VEN008,SUC007,Presencial,1,471300,279500
VTA008771,2025-10-12,CLI0087,PROD0028,VEN014,SUC002,Telefónico,6,454200,276400
VTA008772,2025-09-02,CLI0100,PROD0002,VEN014,SUC007,Web,11,439800,246800
VTA008773,2026-01-18,CLI0093,PROD0005,VEN006,SUC003,Web,6,471900,301000
VTA008774,2026-05-29,CLI0041,PROD0030,VEN019,SUC008,Presencial,1,584500,452300
VTA008775,2026-07-02,CLI0075,PROD0012,VEN015,SUC002,Web,3,396700,281300
VTA008776,2026-05-01,CLI0045,PROD0025,VEN016,SUC009,Web,9,69900,59000
VTA008777,2025-10-24,CLI0072,PROD0022,VEN003,SUC008,Web,10,473100,317600
VTA008778,2026-01-06,CLI0078,PROD0046,VEN011,SUC010,Web,10,571600,352900
VTA008779,2025-02-10,CLI0052,PROD0049,VEN010,SUC006,Presencial,2,332200,250700
VTA008780,2025-03-31,CLI0077,PROD0006,VEN013,SUC002,Web,12,288000,181400
VTA008781,2026-07-21,CLI0045,PROD0025,VEN015,SUC009,Web,11,77900,58700
VTA008782,2026-01-29,CLI0022,PROD0022,VEN014,SUC009,Web,10,478800,309200
VTA008783,2025-01-30,CLI0070,PROD0018,VEN020,SUC006,Web,2,204000,150000
VTA008784,2025-03-14,CLI0008,PROD0031,VEN016,SUC006,Web,3,288600,197300
VTA008785,2025-03-20,CLI0037,PROD0045,VEN020,SUC006,Presencial,3,131000,94900
VTA008786,2026-04-14,CLI0082,PROD0027,VEN013,SUC001,Presencial,7,99900,78400
VTA008787,2025-08-08,CLI0052,PROD0042,VEN013,SUC004,Web,1,360100,278200
VTA008788,2025-10-23,CLI0050,PROD0044,VEN010,SUC010,Web,10,766900,606400
VTA008789,2026-04-13,CLI0009,PROD0033,VEN013,SUC009,Presencial,5,261200,172900
VTA008790,2025-04-15,CLI0092,PROD0001,VEN006,SUC003,Presencial,10,389400,243200
VTA008791,2026-06-19,CLI0074,PROD0036,VEN017,SUC004,Web,9,523000,323700
VTA008792,2025-04-07,CLI0026,PROD0013,VEN001,SUC006,Presencial,3,509600,405900
VTA008793,2025-02-08,CLI0038,PROD0029,VEN012,SUC006,Presencial,8,651400,434700
VTA008794,2025-08-25,CLI0044,PROD0022,VEN018,SUC007,Presencial,5,532700,321000
VTA008795,2026-03-05,CLI0095,PROD0032,VEN004,SUC005,Presencial,11,318600,180000
VTA008796,2025-11-18,CLI0070,PROD0030,VEN018,SUC003,Presencial,9,606700,436800
VTA008797,2026-06-10,CLI0011,PROD0023,VEN016,SUC007,Web,11,586100,413200
VTA008798,2025-06-08,CLI0080,PROD0035,VEN003,SUC007,Presencial,9,686200,443300
VTA008799,2026-07-20,CLI0003,PROD0012,VEN006,SUC006,Presencial,6,392200,282300
VTA008800,2025-09-08,CLI0019,PROD0050,VEN013,SUC004,Presencial,9,259600,209200
VTA008801,2026-07-19,CLI0066,PROD0033,VEN009,SUC007,Presencial,12,269500,169700
VTA008802,2025-03-25,CLI0058,PROD0024,VEN007,SUC009,Presencial,1,705100,586300
VTA008803,2026-02-16,CLI0080,PROD0011,VEN006,SUC005,Presencial,12,799500,672900
VTA008804,2025-11-03,CLI0001,PROD0004,VEN014,SUC006,Web,10,363800,289800
VTA008805,2025-01-18,CLI0034,PROD0045,VEN002,SUC003,Web,11,123700,94100
VTA008806,2025-06-20,CLI0046,PROD0019,VEN005,SUC010,Telefónico,9,724400,461100
VTA008807,2025-01-31,CLI0005,PROD0017,VEN009,SUC001,Web,4,215900,149200
VTA008808,2025-06-13,CLI0094,PROD0029,VEN014,SUC003,Web,1,654500,420100
VTA008809,2025-12-13,CLI0001,PROD0028,VEN019,SUC001,Presencial,12,427500,278500
VTA008810,2026-06-12,CLI0024,PROD0045,VEN020,SUC009,Presencial,10,120200,94100
VTA008811,2026-02-07,CLI0020,PROD0043,VEN015,SUC009,Telefónico,1,472300,357800
VTA008812,2026-04-27,CLI0091,PROD0041,VEN010,SUC004,Web,12,213000,141100
VTA008813,2026-01-11,CLI0061,PROD0033,VEN002,SUC007,Web,6,263200,176400
VTA008814,2026-03-12,CLI0056,PROD0047,VEN017,SUC006,Telefónico,2,419300,358400
VTA008815,2026-07-11,CLI0012,PROD0007,VEN002,SUC001,Web,3,602700,464100
VTA008816,2026-07-09,CLI0080,PROD0023,VEN006,SUC001,Presencial,2,563400,400400
VTA008817,2025-06-15,CLI0060,PROD0048,VEN012,SUC003,Web,1,21500,13100
VTA008818,2025-05-29,CLI0014,PROD0007,VEN020,SUC010,Web,12,549400,459800
VTA008819,2025-03-26,CLI0095,PROD0034,VEN005,SUC001,Presencial,2,550300,417500
VTA008820,2025-06-24,CLI0037,PROD0007,VEN007,SUC002,Presencial,1,602900,465300
VTA008821,2025-11-19,CLI0027,PROD0036,VEN020,SUC010,Telefónico,10,534800,316200
VTA008822,2025-05-21,CLI0068,PROD0035,VEN018,SUC010,Presencial,12,696500,458400
VTA008823,2026-03-06,CLI0010,PROD0004,VEN015,SUC004,Presencial,5,379500,292500
VTA008824,2025-04-17,CLI0009,PROD0021,VEN006,SUC004,Web,11,781400,656000
VTA008825,2025-02-23,CLI0089,PROD0027,VEN004,SUC005,Web,8,114000,78300
VTA008826,2026-04-11,CLI0093,PROD0002,VEN006,SUC005,Presencial,1,414500,239100
VTA008827,2025-12-18,CLI0063,PROD0041,VEN006,SUC002,Web,2,210500,138100
VTA008828,2025-03-17,CLI0046,PROD0028,VEN016,SUC002,Telefónico,11,465400,272000
VTA008829,2025-06-06,CLI0094,PROD0013,VEN011,SUC005,Presencial,4,516900,404900
VTA008830,2025-09-06,CLI0084,PROD0010,VEN012,SUC010,Web,11,302900,227600
VTA008831,2026-04-10,CLI0066,PROD0008,VEN019,SUC001,Presencial,12,594200,391100
VTA008832,2026-04-25,CLI0051,PROD0003,VEN007,SUC003,Web,6,79600,60000
VTA008833,2025-08-19,CLI0074,PROD0041,VEN005,SUC007,Web,11,204900,140000
VTA008834,2025-11-06,CLI0074,PROD0011,VEN019,SUC009,Presencial,9,893200,692000
VTA008835,2025-11-23,CLI0017,PROD0037,VEN004,SUC007,Telefónico,8,249900,168800
VTA008836,2025-10-16,CLI0020,PROD0049,VEN002,SUC002,Web,11,343400,252800
VTA008837,2025-10-24,CLI0033,PROD0028,VEN003,SUC010,Web,3,423400,278900
VTA008838,2025-03-11,CLI0045,PROD0002,VEN017,SUC010,Presencial,11,441600,244800
VTA008839,2026-02-23,CLI0025,PROD0019,VEN010,SUC004,Web,10,704300,480500
VTA008840,2026-02-27,CLI0052,PROD0022,VEN014,SUC008,Telefónico,9,497200,318900
VTA008841,2025-03-20,CLI0007,PROD0009,VEN008,SUC006,Web,4,861800,458800
VTA008842,2025-04-23,CLI0021,PROD0008,VEN019,SUC004,Presencial,12,677800,384300
VTA008843,2026-07-03,CLI0060,PROD0001,VEN017,SUC008,Presencial,10,376400,250900
VTA008844,2026-04-02,CLI0098,PROD0036,VEN008,SUC008,Web,5,534400,325200
VTA008845,2025-04-18,CLI0017,PROD0030,VEN011,SUC006,Presencial,3,610100,449100
VTA008846,2025-12-29,CLI0028,PROD0032,VEN020,SUC002,Presencial,6,321400,179600
VTA008847,2026-05-30,CLI0017,PROD0016,VEN020,SUC010,Telefónico,10,142200,110900
VTA008848,2026-06-10,CLI0046,PROD0033,VEN001,SUC008,Presencial,1,244400,168600
VTA008849,2025-08-14,CLI0034,PROD0012,VEN009,SUC007,Web,7,417000,279200
VTA008850,2025-02-17,CLI0006,PROD0041,VEN015,SUC003,Presencial,1,195500,142100
VTA008851,2025-05-08,CLI0090,PROD0004,VEN015,SUC009,Presencial,2,348900,301400
VTA008852,2025-08-07,CLI0075,PROD0050,VEN003,SUC008,Web,5,254600,201900
VTA008853,2025-08-12,CLI0057,PROD0037,VEN008,SUC007,Web,10,230200,164600
VTA008854,2025-06-09,CLI0018,PROD0003,VEN001,SUC001,Telefónico,8,90300,61100
VTA008855,2025-09-09,CLI0055,PROD0028,VEN005,SUC001,Web,6,476700,281100
VTA008856,2025-07-17,CLI0030,PROD0029,VEN006,SUC007,Presencial,8,673300,415000
VTA008857,2025-06-23,CLI0055,PROD0041,VEN009,SUC008,Web,5,192100,136800
VTA008858,2025-05-11,CLI0016,PROD0031,VEN013,SUC004,Web,11,262600,196800
VTA008859,2026-07-05,CLI0045,PROD0017,VEN019,SUC008,Presencial,12,209200,145300
VTA008860,2025-01-09,CLI0004,PROD0015,VEN018,SUC005,Presencial,9,162300,108400
VTA008861,2025-02-16,CLI0091,PROD0003,VEN005,SUC002,Presencial,10,83500,60700
VTA008862,2026-03-02,CLI0035,PROD0018,VEN017,SUC007,Web,5,201000,149500
VTA008863,2025-07-25,CLI0034,PROD0009,VEN006,SUC009,Presencial,7,782200,457500
VTA008864,2025-12-09,CLI0072,PROD0022,VEN007,SUC007,Web,1,473500,322100
VTA008865,2025-01-13,CLI0019,PROD0027,VEN008,SUC001,Presencial,7,100400,74900
VTA008866,2025-04-21,CLI0085,PROD0034,VEN010,SUC004,Web,8,580500,413000
VTA008867,2025-01-26,CLI0032,PROD0006,VEN006,SUC009,Web,7,262500,186800
VTA008868,2025-02-17,CLI0088,PROD0005,VEN002,SUC004,Telefónico,10,451400,297900
VTA008869,2025-07-31,CLI0003,PROD0039,VEN010,SUC003,Web,6,351300,212900
VTA008870,2026-05-04,CLI0070,PROD0005,VEN011,SUC005,Web,7,444400,302300
VTA008871,2026-02-19,CLI0009,PROD0045,VEN005,SUC009,Presencial,10,120800,92900
VTA008872,2025-10-22,CLI0071,PROD0035,VEN020,SUC008,Web,11,706500,449900
VTA008873,2025-04-06,CLI0086,PROD0040,VEN016,SUC004,Presencial,9,232200,150900
VTA008874,2026-03-10,CLI0025,PROD0036,VEN020,SUC003,Presencial,9,516200,326600
VTA008875,2025-05-12,CLI0059,PROD0048,VEN009,SUC008,Presencial,7,19100,12700
VTA008876,2025-04-26,CLI0029,PROD0007,VEN015,SUC009,Web,3,591900,461500
VTA008877,2025-01-23,CLI0006,PROD0047,VEN009,SUC007,Presencial,10,433800,360000
VTA008878,2026-05-26,CLI0076,PROD0021,VEN003,SUC010,Web,4,893400,650900
VTA008879,2026-07-16,CLI0098,PROD0021,VEN003,SUC006,Web,10,770400,650000
VTA008880,2025-04-04,CLI0007,PROD0034,VEN005,SUC002,Web,11,552500,420600
VTA008881,2026-03-12,CLI0037,PROD0010,VEN009,SUC005,Presencial,2,349200,233100
VTA008882,2026-04-27,CLI0011,PROD0031,VEN002,SUC007,Web,2,285900,199100
VTA008883,2025-05-02,CLI0073,PROD0034,VEN009,SUC008,Web,11,547400,422400
VTA008884,2025-10-13,CLI0045,PROD0037,VEN011,SUC008,Telefónico,2,240700,167100
VTA008885,2025-07-25,CLI0015,PROD0023,VEN003,SUC003,Web,3,578800,413200
VTA008886,2025-08-13,CLI0069,PROD0028,VEN007,SUC010,Telefónico,8,426600,276100
VTA008887,2026-01-03,CLI0018,PROD0027,VEN019,SUC008,Web,9,105500,76500
VTA008888,2025-02-17,CLI0019,PROD0008,VEN015,SUC005,Presencial,1,671700,387200
VTA008889,2025-03-08,CLI0002,PROD0020,VEN005,SUC005,Presencial,3,478200,409400
VTA008890,2025-04-30,CLI0052,PROD0042,VEN017,SUC003,Web,8,413600,277800
VTA008891,2025-10-23,CLI0097,PROD0033,VEN009,SUC009,Web,8,254100,170300
VTA008892,2025-12-08,CLI0001,PROD0038,VEN002,SUC005,Web,10,90100,57600
VTA008893,2026-02-23,CLI0023,PROD0026,VEN003,SUC006,Web,9,492800,378700
VTA008894,2026-03-28,CLI0068,PROD0049,VEN018,SUC004,Presencial,8,351900,251000
VTA008895,2026-05-08,CLI0015,PROD0026,VEN010,SUC001,Presencial,8,554700,388300
VTA008896,2025-06-22,CLI0066,PROD0005,VEN020,SUC010,Telefónico,6,429500,304500
VTA008897,2025-04-13,CLI0009,PROD0045,VEN001,SUC006,Presencial,4,118000,91700
VTA008898,2026-03-01,CLI0022,PROD0036,VEN005,SUC004,Presencial,5,496000,312600
VTA008899,2026-07-03,CLI0043,PROD0017,VEN005,SUC003,Web,10,201900,149000
VTA008900,2025-11-20,CLI0048,PROD0021,VEN009,SUC007,Presencial,12,867400,672200
VTA008901,2026-03-01,CLI0083,PROD0031,VEN020,SUC003,Telefónico,10,290600,204500
VTA008902,2026-05-08,CLI0079,PROD0002,VEN007,SUC002,Presencial,11,406600,235600
VTA008903,2025-06-24,CLI0086,PROD0002,VEN002,SUC004,Web,5,428500,237000
VTA008904,2026-04-20,CLI0094,PROD0036,VEN006,SUC002,Web,3,521400,321000
VTA008905,2025-09-17,CLI0079,PROD0020,VEN016,SUC004,Web,7,479300,415400
VTA008906,2025-07-24,CLI0086,PROD0001,VEN008,SUC007,Web,2,423900,244000
VTA008907,2026-04-14,CLI0041,PROD0012,VEN007,SUC003,Telefónico,8,401200,278600
VTA008908,2025-08-10,CLI0002,PROD0012,VEN015,SUC005,Presencial,1,444900,279900
VTA008909,2026-01-03,CLI0034,PROD0002,VEN002,SUC004,Presencial,3,432800,236000
VTA008910,2025-10-27,CLI0052,PROD0033,VEN003,SUC005,Web,12,232500,176900
VTA008911,2025-06-07,CLI0021,PROD0013,VEN001,SUC007,Web,4,521800,407400
VTA008912,2025-03-29,CLI0025,PROD0023,VEN007,SUC006,Presencial,8,570800,403100
VTA008913,2025-02-23,CLI0091,PROD0018,VEN015,SUC005,Presencial,12,212000,149000
VTA008914,2026-03-28,CLI0032,PROD0039,VEN013,SUC003,Presencial,1,347000,216900
VTA008915,2026-05-28,CLI0018,PROD0043,VEN004,SUC002,Web,12,485400,350500
VTA008916,2025-11-17,CLI0065,PROD0037,VEN013,SUC001,Presencial,8,250800,165400
VTA008917,2026-02-10,CLI0096,PROD0014,VEN005,SUC001,Presencial,11,58200,43300
VTA008918,2026-06-21,CLI0014,PROD0038,VEN007,SUC003,Telefónico,8,92200,58300
VTA008919,2025-07-04,CLI0055,PROD0014,VEN020,SUC005,Web,12,61900,43700
VTA008920,2026-05-26,CLI0096,PROD0008,VEN016,SUC010,Web,5,635600,375100
VTA008921,2026-07-31,CLI0056,PROD0046,VEN008,SUC008,Presencial,9,579300,362700
VTA008922,2026-06-01,CLI0018,PROD0045,VEN005,SUC010,Telefónico,9,112900,94000
VTA008923,2025-11-15,CLI0067,PROD0005,VEN020,SUC002,Presencial,4,462100,299800
VTA008924,2025-09-10,CLI0056,PROD0050,VEN008,SUC006,Telefónico,10,258100,205300
VTA008925,2025-05-01,CLI0047,PROD0018,VEN005,SUC007,Web,12,199100,149100
VTA008926,2025-04-11,CLI0032,PROD0029,VEN005,SUC008,Presencial,8,687800,415300
VTA008927,2025-09-23,CLI0093,PROD0048,VEN006,SUC005,Web,11,19500,13300
VTA008928,2026-03-03,CLI0004,PROD0031,VEN016,SUC005,Web,1,271900,196700
VTA008929,2025-10-15,CLI0015,PROD0027,VEN004,SUC010,Presencial,1,102400,75000
VTA008930,2025-05-09,CLI0065,PROD0010,VEN019,SUC001,Presencial,5,312200,233300
VTA008931,2025-10-29,CLI0075,PROD0050,VEN010,SUC005,Web,4,272800,202400
VTA008932,2026-07-26,CLI0026,PROD0010,VEN012,SUC003,Presencial,1,341700,232400
VTA008933,2026-02-09,CLI0039,PROD0010,VEN005,SUC006,Presencial,6,328700,228300
VTA008934,2025-09-05,CLI0010,PROD0016,VEN003,SUC006,Presencial,6,153600,112600
VTA008935,2025-04-03,CLI0091,PROD0050,VEN011,SUC006,Presencial,10,283200,200600
VTA008936,2025-09-05,CLI0043,PROD0039,VEN002,SUC004,Presencial,1,349500,213200
VTA008937,2026-05-18,CLI0005,PROD0009,VEN017,SUC004,Presencial,6,784400,461800
VTA008938,2026-02-12,CLI0011,PROD0011,VEN010,SUC007,Telefónico,10,855000,689800
VTA008939,2025-06-13,CLI0053,PROD0014,VEN005,SUC001,Presencial,10,55800,42900
VTA008940,2025-09-27,CLI0055,PROD0039,VEN007,SUC001,Presencial,5,306800,212600
VTA008941,2025-04-10,CLI0080,PROD0047,VEN007,SUC002,Web,4,417300,359200
VTA008942,2025-12-23,CLI0045,PROD0048,VEN005,SUC004,Presencial,2,20600,13000
VTA008943,2026-03-13,CLI0011,PROD0029,VEN011,SUC005,Web,9,688500,434500
VTA008944,2025-03-12,CLI0003,PROD0037,VEN011,SUC005,Presencial,6,244700,161100
VTA008945,2025-02-01,CLI0082,PROD0010,VEN009,SUC001,Web,10,336700,228500
VTA008946,2025-12-02,CLI0046,PROD0018,VEN003,SUC002,Telefónico,4,208800,147600
VTA008947,2025-02-12,CLI0081,PROD0003,VEN007,SUC010,Web,1,84100,59700
VTA008948,2025-11-13,CLI0095,PROD0036,VEN014,SUC006,Web,11,503600,312700
VTA008949,2025-10-07,CLI0021,PROD0025,VEN017,SUC008,Telefónico,11,72000,60000
VTA008950,2026-06-20,CLI0068,PROD0045,VEN014,SUC002,Web,4,113300,90700
VTA008951,2025-08-03,CLI0081,PROD0040,VEN019,SUC010,Presencial,7,209300,154000
VTA008952,2026-05-30,CLI0029,PROD0049,VEN007,SUC006,Web,1,365600,253500
VTA008953,2026-02-08,CLI0090,PROD0017,VEN011,SUC009,Presencial,9,212600,151800
VTA008954,2025-01-22,CLI0073,PROD0001,VEN007,SUC002,Presencial,7,377400,245200
VTA008955,2025-06-18,CLI0086,PROD0012,VEN001,SUC004,Web,1,459400,288600
VTA008956,2026-03-22,CLI0024,PROD0013,VEN018,SUC003,Presencial,9,525700,407300
VTA008957,2026-07-29,CLI0013,PROD0018,VEN015,SUC005,Telefónico,11,214100,152500
VTA008958,2026-04-24,CLI0045,PROD0030,VEN005,SUC003,Presencial,9,660800,442200
VTA008959,2026-02-27,CLI0002,PROD0048,VEN011,SUC002,Web,5,20600,12800
VTA008960,2025-08-10,CLI0052,PROD0050,VEN020,SUC008,Presencial,4,265000,206900
VTA008961,2026-02-04,CLI0084,PROD0039,VEN005,SUC008,Presencial,1,331000,210200
VTA008962,2026-07-25,CLI0089,PROD0035,VEN002,SUC001,Web,9,667000,457600
VTA008963,2025-03-29,CLI0037,PROD0049,VEN003,SUC009,Presencial,5,362100,248200
VTA008964,2025-11-01,CLI0080,PROD0022,VEN008,SUC007,Presencial,1,473000,313100
VTA008965,2025-05-03,CLI0011,PROD0050,VEN013,SUC004,Telefónico,2,246800,205200
VTA008966,2026-02-08,CLI0041,PROD0008,VEN004,SUC008,Presencial,2,670000,388800
VTA008967,2026-02-22,CLI0064,PROD0016,VEN009,SUC007,Presencial,12,137800,113600
VTA008968,2025-06-01,CLI0017,PROD0011,VEN006,SUC005,Presencial,2,814500,671500
VTA008969,2025-03-22,CLI0042,PROD0050,VEN019,SUC002,Web,1,281700,208900
VTA008970,2025-07-19,CLI0037,PROD0024,VEN013,SUC008,Web,12,760400,572400
VTA008971,2026-02-11,CLI0053,PROD0026,VEN003,SUC009,Presencial,1,534900,378700
VTA008972,2025-12-04,CLI0085,PROD0026,VEN014,SUC001,Telefónico,3,556700,379800
VTA008973,2025-09-05,CLI0059,PROD0035,VEN011,SUC008,Presencial,11,753400,440400
VTA008974,2025-05-02,CLI0098,PROD0008,VEN019,SUC009,Presencial,12,660400,378000
VTA008975,2025-08-22,CLI0044,PROD0014,VEN015,SUC006,Telefónico,6,57200,44300
VTA008976,2025-01-16,CLI0032,PROD0004,VEN015,SUC005,Presencial,7,357200,298200
VTA008977,2025-01-03,CLI0014,PROD0011,VEN001,SUC006,Web,4,792300,692500
VTA008978,2025-11-09,CLI0095,PROD0032,VEN007,SUC007,Presencial,6,293900,180000
VTA008979,2026-02-20,CLI0034,PROD0016,VEN005,SUC010,Presencial,7,144800,111400
VTA008980,2026-07-18,CLI0042,PROD0049,VEN009,SUC010,Web,1,325000,244900
VTA008981,2025-11-14,CLI0017,PROD0031,VEN009,SUC004,Presencial,11,280900,196800
VTA008982,2025-07-16,CLI0035,PROD0028,VEN014,SUC002,Presencial,3,464000,274100
VTA008983,2026-02-17,CLI0093,PROD0040,VEN004,SUC002,Web,11,237300,150600
VTA008984,2026-06-01,CLI0098,PROD0047,VEN010,SUC002,Presencial,5,445000,350800
VTA008985,2026-04-04,CLI0079,PROD0045,VEN001,SUC004,Web,6,113000,90600
VTA008986,2026-01-20,CLI0039,PROD0039,VEN019,SUC002,Presencial,4,321300,213700
VTA008987,2025-01-26,CLI0040,PROD0032,VEN011,SUC003,Presencial,6,290900,186400
VTA008988,2026-06-07,CLI0025,PROD0033,VEN016,SUC006,Telefónico,2,265500,176300
VTA008989,2025-01-21,CLI0009,PROD0010,VEN020,SUC005,Web,5,331700,227500
VTA008990,2026-04-03,CLI0041,PROD0028,VEN013,SUC009,Telefónico,11,450500,277500
VTA008991,2025-06-15,CLI0007,PROD0024,VEN007,SUC008,Presencial,7,710600,591400
VTA008992,2025-10-29,CLI0045,PROD0050,VEN004,SUC008,Presencial,5,268900,203500
VTA008993,2025-09-20,CLI0053,PROD0026,VEN010,SUC009,Web,10,492300,380400
VTA008994,2025-01-14,CLI0040,PROD0036,VEN015,SUC003,Presencial,8,527000,321000
VTA008995,2025-09-25,CLI0061,PROD0015,VEN009,SUC002,Web,2,171700,106700
VTA008996,2026-02-27,CLI0074,PROD0042,VEN015,SUC004,Web,5,374100,276300
VTA008997,2026-06-05,CLI0066,PROD0022,VEN007,SUC002,Presencial,9,527400,309100
VTA008998,2026-04-22,CLI0023,PROD0042,VEN011,SUC005,Presencial,12,395700,282300
VTA008999,2025-01-03,CLI0046,PROD0011,VEN002,SUC001,Web,8,844800,667100
VTA009000,2025-01-16,CLI0002,PROD0041,VEN018,SUC001,Presencial,2,222300,143100
VTA009001,2026-05-11,CLI0048,PROD0004,VEN014,SUC007,Presencial,12,369000,292200
VTA009002,2026-04-28,CLI0083,PROD0046,VEN004,SUC005,Presencial,7,580900,349000
VTA009003,2026-05-10,CLI0019,PROD0009,VEN004,SUC003,Web,6,814200,478000
VTA009004,2025-11-01,CLI0013,PROD0049,VEN014,SUC002,Telefónico,4,367200,248000
VTA009005,2025-10-08,CLI0081,PROD0028,VEN002,SUC007,Telefónico,10,420700,274500
VTA009006,2025-01-14,CLI0058,PROD0024,VEN012,SUC001,Presencial,10,745300,597700
VTA009007,2025-05-18,CLI0058,PROD0040,VEN010,SUC006,Web,1,239300,148200
VTA009008,2025-08-24,CLI0040,PROD0015,VEN007,SUC010,Telefónico,11,161300,111000
VTA009009,2025-04-10,CLI0071,PROD0029,VEN011,SUC009,Presencial,2,704200,415400
VTA009010,2025-05-09,CLI0066,PROD0027,VEN013,SUC007,Presencial,12,104600,78200
VTA009011,2026-02-22,CLI0045,PROD0006,VEN019,SUC004,Web,7,260500,180300
VTA009012,2025-04-16,CLI0090,PROD0030,VEN008,SUC006,Web,10,567200,444500
VTA009013,2025-11-23,CLI0053,PROD0022,VEN015,SUC003,Presencial,11,533400,318000
VTA009014,2025-03-08,CLI0025,PROD0035,VEN002,SUC002,Web,5,737300,456200
VTA009015,2026-06-16,CLI0038,PROD0040,VEN009,SUC007,Telefónico,10,217000,148500
VTA009016,2026-07-20,CLI0033,PROD0001,VEN009,SUC008,Telefónico,7,402200,245500
VTA009017,2026-04-02,CLI0084,PROD0032,VEN014,SUC009,Web,12,328000,187200
VTA009018,2025-08-10,CLI0027,PROD0019,VEN011,SUC005,Presencial,1,704500,473200
VTA009019,2026-06-23,CLI0025,PROD0035,VEN019,SUC009,Web,10,676000,439900
VTA009020,2025-11-03,CLI0047,PROD0003,VEN001,SUC004,Presencial,10,81300,61600
VTA009021,2026-05-21,CLI0035,PROD0002,VEN012,SUC006,Web,1,405900,246200
VTA009022,2026-07-28,CLI0088,PROD0018,VEN002,SUC001,Presencial,1,206900,151100
VTA009023,2026-07-06,CLI0054,PROD0026,VEN007,SUC002,Web,3,571300,394100
VTA009024,2025-01-17,CLI0048,PROD0047,VEN004,SUC006,Presencial,8,403000,360900
VTA009025,2025-03-03,CLI0074,PROD0047,VEN017,SUC002,Web,11,399700,353000
VTA009026,2026-06-20,CLI0098,PROD0025,VEN012,SUC008,Web,5,77800,61200
VTA009027,2025-02-13,CLI0064,PROD0034,VEN003,SUC006,Web,11,540500,414000
VTA009028,2025-06-19,CLI0093,PROD0027,VEN019,SUC003,Telefónico,10,99200,77300
VTA009029,2026-06-05,CLI0005,PROD0026,VEN001,SUC002,Web,10,548000,382700
VTA009030,2025-07-26,CLI0073,PROD0040,VEN010,SUC010,Telefónico,3,219300,154000
VTA009031,2025-05-13,CLI0071,PROD0015,VEN002,SUC006,Presencial,1,188700,111500
VTA009032,2026-05-22,CLI0030,PROD0001,VEN012,SUC001,Presencial,11,418700,251100
VTA009033,2025-07-26,CLI0077,PROD0046,VEN005,SUC001,Web,6,535200,352900
VTA009034,2026-07-18,CLI0008,PROD0007,VEN019,SUC005,Presencial,6,567500,450400
VTA009035,2026-06-23,CLI0083,PROD0005,VEN014,SUC008,Web,2,436300,301100
VTA009036,2026-05-06,CLI0023,PROD0040,VEN019,SUC007,Presencial,7,213000,150900
VTA009037,2025-11-03,CLI0092,PROD0029,VEN004,SUC009,Presencial,3,664500,433600
VTA009038,2025-04-02,CLI0011,PROD0041,VEN018,SUC009,Presencial,1,194200,137500
VTA009039,2025-05-05,CLI0044,PROD0022,VEN015,SUC004,Presencial,7,478700,314100
VTA009040,2025-09-28,CLI0084,PROD0041,VEN015,SUC002,Web,1,224000,139900
VTA009041,2025-06-04,CLI0072,PROD0020,VEN009,SUC003,Presencial,5,516500,399900
VTA009042,2025-04-08,CLI0080,PROD0020,VEN008,SUC008,Web,7,552900,406000
VTA009043,2026-02-24,CLI0014,PROD0043,VEN015,SUC006,Web,5,452600,366900
VTA009044,2025-10-04,CLI0035,PROD0025,VEN002,SUC003,Telefónico,1,77400,61600
VTA009045,2025-07-31,CLI0031,PROD0036,VEN018,SUC002,Telefónico,7,514600,324700
VTA009046,2025-11-07,CLI0074,PROD0043,VEN017,SUC002,Presencial,1,464300,360100
VTA009047,2026-01-31,CLI0039,PROD0001,VEN017,SUC008,Presencial,3,419000,245400
VTA009048,2025-11-24,CLI0070,PROD0022,VEN002,SUC006,Web,2,501600,322600
VTA009049,2025-10-17,CLI0088,PROD0029,VEN006,SUC006,Web,11,676100,423000
VTA009050,2025-12-23,CLI0035,PROD0027,VEN015,SUC009,Web,8,105700,75100
VTA009051,2025-11-20,CLI0070,PROD0004,VEN014,SUC007,Web,11,385700,295300
VTA009052,2026-07-20,CLI0026,PROD0041,VEN004,SUC001,Web,8,212600,141200
VTA009053,2025-08-02,CLI0087,PROD0034,VEN002,SUC001,Presencial,10,582900,420100
VTA009054,2025-09-25,CLI0040,PROD0042,VEN020,SUC001,Telefónico,11,359100,280100
VTA009055,2025-01-03,CLI0009,PROD0016,VEN012,SUC007,Web,12,139600,110600
VTA009056,2025-12-24,CLI0056,PROD0025,VEN008,SUC008,Web,10,78500,59800
VTA009057,2026-01-05,CLI0060,PROD0039,VEN019,SUC003,Web,8,352200,212300
VTA009058,2026-05-24,CLI0049,PROD0046,VEN005,SUC006,Web,12,522200,352300
VTA009059,2025-01-04,CLI0011,PROD0044,VEN009,SUC002,Telefónico,2,785000,593100
VTA009060,2025-10-17,CLI0100,PROD0040,VEN016,SUC004,Presencial,7,222100,147500
VTA009061,2026-04-29,CLI0053,PROD0045,VEN017,SUC007,Telefónico,12,119900,93800
VTA009062,2025-03-16,CLI0094,PROD0016,VEN017,SUC006,Telefónico,7,140800,110400
VTA009063,2025-03-04,CLI0059,PROD0015,VEN017,SUC001,Presencial,10,188100,109100
VTA009064,2025-06-01,CLI0052,PROD0023,VEN020,SUC007,Telefónico,2,589200,411100
VTA009065,2025-01-19,CLI0065,PROD0018,VEN008,SUC007,Presencial,12,202600,147400
VTA009066,2025-07-17,CLI0066,PROD0010,VEN016,SUC001,Web,4,312400,227100
VTA009067,2025-10-19,CLI0061,PROD0035,VEN002,SUC008,Web,8,698700,447900
VTA009068,2025-11-21,CLI0044,PROD0029,VEN017,SUC002,Web,7,714500,431100
VTA009069,2026-05-02,CLI0032,PROD0038,VEN016,SUC010,Web,11,98300,60000
VTA009070,2026-04-30,CLI0006,PROD0047,VEN003,SUC007,Web,6,401200,362300
VTA009071,2026-07-08,CLI0036,PROD0025,VEN019,SUC009,Web,10,71100,59600
VTA009072,2025-08-28,CLI0005,PROD0015,VEN003,SUC003,Presencial,9,169700,109900
VTA009073,2026-01-28,CLI0060,PROD0031,VEN003,SUC009,Presencial,6,259500,202900
VTA009074,2025-06-03,CLI0067,PROD0042,VEN017,SUC001,Presencial,7,415000,284100
VTA009075,2026-03-28,CLI0089,PROD0009,VEN003,SUC003,Web,9,815400,458700
VTA009076,2026-02-05,CLI0002,PROD0032,VEN010,SUC008,Web,1,331200,184600
VTA009077,2025-04-16,CLI0053,PROD0044,VEN014,SUC006,Web,12,775900,609200
VTA009078,2026-06-30,CLI0019,PROD0022,VEN012,SUC010,Presencial,9,480600,319900
VTA009079,2025-05-02,CLI0093,PROD0016,VEN011,SUC010,Web,11,136300,111500
VTA009080,2026-07-22,CLI0087,PROD0011,VEN006,SUC007,Web,6,858900,683400
VTA009081,2026-01-23,CLI0006,PROD0023,VEN016,SUC010,Telefónico,10,623700,412600
VTA009082,2026-05-31,CLI0016,PROD0006,VEN002,SUC004,Telefónico,2,267000,186500
VTA009083,2026-02-03,CLI0076,PROD0020,VEN015,SUC007,Presencial,4,500700,407400
VTA009084,2026-04-22,CLI0011,PROD0001,VEN014,SUC002,Presencial,4,429000,252600
VTA009085,2026-05-10,CLI0095,PROD0021,VEN014,SUC006,Presencial,8,866000,677600
VTA009086,2026-05-02,CLI0012,PROD0020,VEN020,SUC007,Web,9,490700,417500
VTA009087,2026-05-05,CLI0011,PROD0048,VEN004,SUC003,Web,4,20800,12800
VTA009088,2026-06-18,CLI0018,PROD0030,VEN004,SUC004,Presencial,2,591700,440500
VTA009089,2026-03-17,CLI0045,PROD0009,VEN020,SUC005,Web,5,856600,461800
VTA009090,2026-03-18,CLI0081,PROD0037,VEN011,SUC001,Presencial,1,230500,164600
VTA009091,2025-09-23,CLI0012,PROD0015,VEN006,SUC002,Presencial,2,175300,111400
VTA009092,2025-10-19,CLI0056,PROD0018,VEN003,SUC001,Web,6,205300,148400
VTA009093,2025-11-28,CLI0011,PROD0016,VEN019,SUC010,Presencial,5,147300,109200
VTA009094,2025-01-30,CLI0091,PROD0038,VEN014,SUC010,Web,6,103200,58700
VTA009095,2025-06-07,CLI0012,PROD0023,VEN010,SUC005,Web,2,601500,414300
VTA009096,2025-12-25,CLI0081,PROD0037,VEN006,SUC002,Web,8,235400,165200
VTA009097,2025-08-19,CLI0100,PROD0042,VEN014,SUC009,Telefónico,9,363500,283100
VTA009098,2025-08-01,CLI0020,PROD0022,VEN001,SUC008,Web,4,472300,315300
VTA009099,2026-04-05,CLI0047,PROD0043,VEN019,SUC002,Presencial,6,478000,360800
VTA009100,2025-04-26,CLI0004,PROD0023,VEN014,SUC008,Presencial,11,611200,397700
VTA009101,2025-02-05,CLI0095,PROD0012,VEN006,SUC001,Presencial,12,414300,281500
VTA009102,2025-10-16,CLI0032,PROD0010,VEN005,SUC008,Presencial,10,316600,230000
VTA009103,2025-02-20,CLI0006,PROD0034,VEN015,SUC005,Presencial,9,537300,403500
VTA009104,2026-07-29,CLI0046,PROD0046,VEN008,SUC003,Presencial,6,574300,366100
VTA009105,2026-03-13,CLI0046,PROD0018,VEN016,SUC005,Web,1,190100,146400
VTA009106,2026-05-12,CLI0018,PROD0036,VEN019,SUC002,Web,2,515500,322600
VTA009107,2025-05-07,CLI0061,PROD0032,VEN016,SUC004,Web,9,324200,185000
VTA009108,2025-07-24,CLI0088,PROD0002,VEN017,SUC009,Presencial,8,438600,238600
VTA009109,2026-02-23,CLI0069,PROD0018,VEN014,SUC008,Presencial,12,200000,153500
VTA009110,2025-05-21,CLI0009,PROD0033,VEN012,SUC006,Presencial,5,259700,173600
VTA009111,2025-10-10,CLI0054,PROD0045,VEN009,SUC002,Web,11,128400,93300
VTA009112,2025-10-19,CLI0026,PROD0029,VEN013,SUC006,Presencial,8,657900,414600
VTA009113,2026-02-24,CLI0054,PROD0041,VEN005,SUC001,Web,3,196400,142900
VTA009114,2025-07-17,CLI0070,PROD0037,VEN011,SUC006,Web,4,253100,166300
VTA009115,2026-04-14,CLI0079,PROD0024,VEN019,SUC006,Web,8,711000,579400
VTA009116,2025-08-06,CLI0074,PROD0028,VEN015,SUC010,Presencial,11,479100,273000
VTA009117,2026-02-25,CLI0080,PROD0045,VEN008,SUC003,Web,2,126500,94400
VTA009118,2026-06-09,CLI0021,PROD0048,VEN007,SUC004,Web,6,18900,13200
VTA009119,2025-01-04,CLI0018,PROD0010,VEN004,SUC003,Web,10,332200,227600
VTA009120,2025-08-20,CLI0093,PROD0027,VEN009,SUC008,Web,4,109000,75700
VTA009121,2026-01-21,CLI0029,PROD0029,VEN012,SUC003,Web,5,631800,417400
VTA009122,2025-04-08,CLI0053,PROD0011,VEN017,SUC006,Telefónico,8,862000,684600
VTA009123,2025-09-12,CLI0019,PROD0014,VEN005,SUC006,Web,11,54200,42700
VTA009124,2025-03-19,CLI0097,PROD0041,VEN009,SUC007,Presencial,8,195400,138700
VTA009125,2025-10-15,CLI0071,PROD0017,VEN011,SUC008,Presencial,1,208800,147300
VTA009126,2025-04-25,CLI0041,PROD0050,VEN020,SUC007,Web,11,257600,205100
VTA009127,2026-04-11,CLI0073,PROD0037,VEN017,SUC006,Presencial,7,227500,168000
VTA009128,2026-03-18,CLI0084,PROD0013,VEN012,SUC007,Telefónico,4,516500,398600
VTA009129,2025-10-05,CLI0076,PROD0032,VEN014,SUC003,Presencial,9,295300,182600
VTA009130,2025-05-31,CLI0008,PROD0046,VEN016,SUC007,Web,5,550500,362900
VTA009131,2026-02-02,CLI0010,PROD0024,VEN016,SUC002,Web,4,688700,576600
VTA009132,2025-02-26,CLI0040,PROD0013,VEN003,SUC004,Presencial,4,537900,400100
VTA009133,2025-12-10,CLI0068,PROD0045,VEN002,SUC005,Telefónico,3,130400,95100
VTA009134,2025-01-14,CLI0056,PROD0035,VEN015,SUC006,Web,11,727200,448700
VTA009135,2025-02-08,CLI0094,PROD0009,VEN001,SUC001,Presencial,1,759700,460800
VTA009136,2026-01-18,CLI0046,PROD0015,VEN003,SUC005,Web,12,163500,106600
VTA009137,2025-09-25,CLI0040,PROD0023,VEN005,SUC010,Presencial,5,646600,408700
VTA009138,2025-02-21,CLI0039,PROD0049,VEN017,SUC002,Presencial,7,331700,241900
VTA009139,2026-06-05,CLI0094,PROD0005,VEN008,SUC009,Presencial,5,463800,302900
VTA009140,2026-07-25,CLI0029,PROD0038,VEN019,SUC002,Presencial,5,94700,58000
VTA009141,2026-03-06,CLI0014,PROD0016,VEN013,SUC004,Telefónico,2,140900,111400
VTA009142,2026-07-08,CLI0037,PROD0002,VEN013,SUC002,Telefónico,1,403600,240200
VTA009143,2025-12-23,CLI0038,PROD0029,VEN011,SUC001,Web,1,654000,431600
VTA009144,2025-09-19,CLI0034,PROD0022,VEN013,SUC002,Web,1,526800,320400
VTA009145,2026-03-20,CLI0051,PROD0011,VEN011,SUC002,Presencial,2,789400,672500
VTA009146,2025-09-06,CLI0007,PROD0038,VEN008,SUC010,Presencial,3,98600,57900
VTA009147,2026-07-01,CLI0028,PROD0015,VEN017,SUC002,Web,6,179100,108900
VTA009148,2025-03-05,CLI0049,PROD0034,VEN018,SUC010,Telefónico,6,532600,406400
VTA009149,2026-04-15,CLI0040,PROD0034,VEN007,SUC001,Web,4,595700,422400
VTA009150,2025-10-30,CLI0094,PROD0047,VEN010,SUC004,Web,5,444500,355600
VTA009151,2025-12-19,CLI0079,PROD0017,VEN007,SUC007,Presencial,1,216100,147600
VTA009152,2025-07-17,CLI0020,PROD0042,VEN018,SUC003,Web,1,362200,273300
VTA009153,2025-02-08,CLI0039,PROD0021,VEN006,SUC004,Presencial,2,800700,667800
VTA009154,2026-07-23,CLI0029,PROD0035,VEN011,SUC006,Presencial,11,688100,447000
VTA009155,2026-07-25,CLI0033,PROD0007,VEN013,SUC009,Presencial,6,623800,453900
VTA009156,2025-06-14,CLI0012,PROD0037,VEN020,SUC002,Presencial,7,233500,167700
VTA009157,2026-02-16,CLI0073,PROD0050,VEN018,SUC002,Web,5,251200,210000
VTA009158,2026-05-14,CLI0028,PROD0010,VEN011,SUC004,Presencial,4,326700,223500
VTA009159,2025-03-22,CLI0016,PROD0003,VEN009,SUC008,Web,2,81100,60700
VTA009160,2026-05-07,CLI0025,PROD0030,VEN020,SUC004,Telefónico,6,601500,450700
VTA009161,2026-07-22,CLI0092,PROD0044,VEN015,SUC001,Presencial,4,769800,603500
VTA009162,2025-09-25,CLI0008,PROD0021,VEN009,SUC004,Web,8,803900,670200
VTA009163,2025-01-14,CLI0088,PROD0033,VEN007,SUC007,Presencial,3,249800,172000
VTA009164,2026-07-19,CLI0013,PROD0003,VEN019,SUC008,Telefónico,2,92700,60900
VTA009165,2025-09-29,CLI0077,PROD0002,VEN003,SUC002,Web,6,421500,239900
VTA009166,2025-08-02,CLI0067,PROD0017,VEN019,SUC009,Web,11,214100,146000
VTA009167,2026-06-12,CLI0096,PROD0028,VEN009,SUC008,Web,2,437400,277300
VTA009168,2025-07-19,CLI0094,PROD0017,VEN008,SUC008,Web,9,221700,149600
VTA009169,2025-06-10,CLI0023,PROD0003,VEN018,SUC009,Web,2,90200,60000
VTA009170,2025-03-29,CLI0009,PROD0036,VEN002,SUC002,Presencial,10,524400,328100
VTA009171,2025-10-22,CLI0037,PROD0027,VEN007,SUC002,Telefónico,1,115500,77800
VTA009172,2026-04-04,CLI0087,PROD0047,VEN012,SUC006,Presencial,9,437700,363100
VTA009173,2026-05-06,CLI0047,PROD0040,VEN014,SUC002,Presencial,10,226000,151900
VTA009174,2025-03-03,CLI0020,PROD0014,VEN010,SUC005,Web,10,62100,43600
VTA009175,2025-08-31,CLI0021,PROD0009,VEN005,SUC006,Presencial,11,788500,464900
VTA009176,2025-12-19,CLI0053,PROD0032,VEN015,SUC010,Web,2,318800,181700
VTA009177,2026-04-01,CLI0025,PROD0036,VEN007,SUC008,Presencial,12,538700,321600
VTA009178,2026-01-01,CLI0097,PROD0041,VEN019,SUC009,Telefónico,11,215800,137800
VTA009179,2025-02-12,CLI0095,PROD0041,VEN019,SUC004,Presencial,9,215500,136900
VTA009180,2026-07-25,CLI0079,PROD0028,VEN017,SUC002,Presencial,12,433600,277800
VTA009181,2026-01-31,CLI0030,PROD0005,VEN013,SUC003,Web,5,419900,306600
VTA009182,2026-07-30,CLI0012,PROD0036,VEN013,SUC004,Presencial,6,516000,312900
VTA009183,2025-11-11,CLI0010,PROD0015,VEN011,SUC002,Telefónico,6,171500,107000
VTA009184,2026-04-09,CLI0022,PROD0031,VEN014,SUC006,Web,6,259200,199500
VTA009185,2025-09-28,CLI0074,PROD0027,VEN016,SUC008,Presencial,9,99000,77600
VTA009186,2025-10-02,CLI0005,PROD0031,VEN005,SUC009,Web,7,268600,204600
VTA009187,2025-01-09,CLI0022,PROD0033,VEN014,SUC004,Telefónico,2,256800,172400
VTA009188,2025-08-19,CLI0010,PROD0008,VEN019,SUC007,Web,9,635100,379500
VTA009189,2026-06-25,CLI0096,PROD0011,VEN007,SUC001,Presencial,7,798400,670100
VTA009190,2026-02-11,CLI0035,PROD0044,VEN003,SUC002,Web,12,745500,584200
VTA009191,2025-08-27,CLI0053,PROD0028,VEN006,SUC008,Presencial,3,453900,278000
VTA009192,2026-04-17,CLI0064,PROD0002,VEN010,SUC006,Presencial,8,449000,236700
VTA009193,2025-12-23,CLI0095,PROD0036,VEN007,SUC007,Presencial,9,535500,327600
VTA009194,2026-07-26,CLI0028,PROD0025,VEN019,SUC003,Web,1,76000,61600
VTA009195,2025-02-23,CLI0079,PROD0037,VEN007,SUC006,Web,12,238800,166700
VTA009196,2026-07-25,CLI0059,PROD0014,VEN001,SUC009,Presencial,12,56000,43900
VTA009197,2025-09-10,CLI0066,PROD0001,VEN002,SUC003,Presencial,12,381700,244500
VTA009198,2025-03-21,CLI0049,PROD0020,VEN019,SUC010,Web,10,522700,409500
VTA009199,2025-09-18,CLI0011,PROD0016,VEN016,SUC005,Web,5,154300,108800
VTA009200,2025-08-08,CLI0028,PROD0016,VEN013,SUC002,Web,10,151100,110300
VTA009201,2026-02-21,CLI0070,PROD0006,VEN015,SUC005,Telefónico,6,294300,184300
VTA009202,2025-01-30,CLI0078,PROD0042,VEN020,SUC009,Web,11,391200,284600
VTA009203,2025-01-02,CLI0097,PROD0035,VEN006,SUC009,Telefónico,8,724000,448400
VTA009204,2025-01-24,CLI0006,PROD0023,VEN016,SUC001,Telefónico,9,610600,408100
VTA009205,2025-04-08,CLI0001,PROD0039,VEN002,SUC002,Web,10,303500,217600
VTA009206,2026-01-19,CLI0033,PROD0050,VEN003,SUC002,Presencial,3,271300,208700
VTA009207,2026-07-11,CLI0074,PROD0019,VEN008,SUC007,Web,6,674000,467500
VTA009208,2025-01-27,CLI0053,PROD0039,VEN010,SUC007,Web,11,316600,218900
VTA009209,2026-01-01,CLI0062,PROD0049,VEN020,SUC008,Presencial,10,335000,245300
VTA009210,2025-09-23,CLI0081,PROD0035,VEN009,SUC005,Web,1,716500,454700
VTA009211,2025-07-02,CLI0080,PROD0041,VEN010,SUC007,Web,4,208800,137000
VTA009212,2025-06-21,CLI0091,PROD0048,VEN007,SUC008,Presencial,6,18500,13200
VTA009213,2025-05-30,CLI0079,PROD0025,VEN006,SUC004,Web,1,74200,59900
VTA009214,2025-09-18,CLI0018,PROD0008,VEN012,SUC007,Web,11,654100,383200
VTA009215,2025-07-31,CLI0029,PROD0048,VEN004,SUC009,Presencial,3,18700,12800
VTA009216,2026-04-10,CLI0058,PROD0048,VEN013,SUC001,Telefónico,2,18500,13100
VTA009217,2025-07-15,CLI0041,PROD0029,VEN015,SUC009,Presencial,7,725600,426500
VTA009218,2025-03-06,CLI0056,PROD0004,VEN018,SUC004,Presencial,1,381200,290100
VTA009219,2025-09-15,CLI0020,PROD0005,VEN008,SUC008,Presencial,3,447200,296800
VTA009220,2025-10-01,CLI0069,PROD0018,VEN006,SUC008,Presencial,6,211300,147900
VTA009221,2026-04-17,CLI0100,PROD0023,VEN002,SUC008,Presencial,1,630300,402500
VTA009222,2025-04-13,CLI0067,PROD0041,VEN018,SUC003,Web,9,220100,138300
VTA009223,2025-07-19,CLI0042,PROD0035,VEN018,SUC005,Presencial,12,723200,439300
VTA009224,2026-02-11,CLI0053,PROD0002,VEN020,SUC008,Web,11,436800,244500
VTA009225,2026-05-03,CLI0067,PROD0006,VEN007,SUC004,Presencial,7,272300,181800
VTA009226,2026-06-14,CLI0058,PROD0047,VEN018,SUC008,Presencial,10,440400,358000
VTA009227,2025-12-28,CLI0075,PROD0045,VEN016,SUC001,Web,6,113400,94500
VTA009228,2026-01-03,CLI0041,PROD0014,VEN016,SUC009,Presencial,5,54300,44300
VTA009229,2025-04-20,CLI0074,PROD0016,VEN012,SUC009,Presencial,9,149200,112600
VTA009230,2026-03-03,CLI0035,PROD0019,VEN018,SUC002,Telefónico,6,692800,480400
VTA009231,2025-11-22,CLI0042,PROD0018,VEN003,SUC005,Presencial,6,198600,149100
VTA009232,2025-08-04,CLI0097,PROD0034,VEN010,SUC004,Telefónico,2,571200,403500
VTA009233,2025-01-19,CLI0090,PROD0022,VEN011,SUC003,Presencial,4,484000,312900
VTA009234,2025-12-23,CLI0019,PROD0043,VEN001,SUC002,Presencial,10,489700,364600
VTA009235,2026-02-14,CLI0012,PROD0003,VEN004,SUC010,Web,4,89200,59900
VTA009236,2025-09-23,CLI0089,PROD0036,VEN005,SUC002,Presencial,5,511000,321400
VTA009237,2025-08-15,CLI0059,PROD0038,VEN001,SUC005,Presencial,5,103400,57900
VTA009238,2025-05-29,CLI0077,PROD0033,VEN012,SUC003,Web,5,261700,169800
VTA009239,2026-02-19,CLI0095,PROD0030,VEN015,SUC009,Web,2,593900,442700
VTA009240,2025-01-16,CLI0079,PROD0012,VEN003,SUC008,Presencial,9,398900,279400
VTA009241,2025-10-23,CLI0041,PROD0013,VEN006,SUC009,Presencial,2,478800,389900
VTA009242,2026-04-27,CLI0036,PROD0044,VEN020,SUC009,Web,5,713200,602800
VTA009243,2025-12-25,CLI0093,PROD0015,VEN008,SUC006,Presencial,11,169900,108600
VTA009244,2025-11-28,CLI0030,PROD0011,VEN020,SUC001,Web,6,787500,677900
VTA009245,2026-03-13,CLI0028,PROD0001,VEN012,SUC004,Web,8,404700,246800
VTA009246,2025-12-29,CLI0007,PROD0010,VEN004,SUC009,Presencial,6,350200,224000
VTA009247,2025-07-21,CLI0010,PROD0031,VEN006,SUC004,Web,12,281300,205800
VTA009248,2025-05-04,CLI0048,PROD0003,VEN017,SUC009,Presencial,2,84300,60400
VTA009249,2025-12-22,CLI0088,PROD0015,VEN006,SUC006,Web,11,188600,109200
VTA009250,2025-02-15,CLI0090,PROD0033,VEN011,SUC005,Presencial,10,266700,169300
VTA009251,2025-11-28,CLI0064,PROD0040,VEN013,SUC010,Web,9,211200,151600
VTA009252,2025-04-01,CLI0016,PROD0008,VEN003,SUC005,Presencial,10,654200,390700
VTA009253,2025-12-30,CLI0086,PROD0049,VEN009,SUC001,Presencial,8,316300,249100
VTA009254,2025-04-09,CLI0097,PROD0030,VEN017,SUC010,Web,8,600000,455000
VTA009255,2026-05-09,CLI0086,PROD0024,VEN016,SUC002,Presencial,12,674000,578200
VTA009256,2025-02-18,CLI0022,PROD0025,VEN003,SUC005,Presencial,10,68300,59800
VTA009257,2025-05-13,CLI0041,PROD0037,VEN003,SUC008,Presencial,6,237400,167400
VTA009258,2025-05-28,CLI0089,PROD0041,VEN011,SUC005,Presencial,12,214000,141900
VTA009259,2025-09-14,CLI0081,PROD0002,VEN004,SUC003,Web,5,419900,241800
VTA009260,2025-05-12,CLI0046,PROD0031,VEN016,SUC001,Presencial,5,282100,196500
VTA009261,2025-10-19,CLI0086,PROD0004,VEN020,SUC002,Presencial,9,395700,291200
VTA009262,2026-07-03,CLI0065,PROD0023,VEN014,SUC005,Presencial,8,585100,397700
VTA009263,2026-06-07,CLI0046,PROD0042,VEN018,SUC005,Presencial,1,395200,284700
VTA009264,2026-05-15,CLI0024,PROD0019,VEN012,SUC007,Presencial,6,663000,479200
VTA009265,2025-11-27,CLI0093,PROD0046,VEN006,SUC010,Presencial,11,580600,353600
VTA009266,2025-11-01,CLI0061,PROD0038,VEN005,SUC001,Presencial,1,91200,60400
VTA009267,2025-07-11,CLI0100,PROD0031,VEN008,SUC009,Web,9,266300,200100
VTA009268,2025-05-17,CLI0051,PROD0048,VEN020,SUC004,Web,2,21400,13100
VTA009269,2025-12-24,CLI0084,PROD0003,VEN007,SUC004,Presencial,8,89400,61300
VTA009270,2025-03-20,CLI0085,PROD0046,VEN006,SUC005,Presencial,12,599000,353300
VTA009271,2026-03-26,CLI0007,PROD0004,VEN006,SUC006,Web,6,396100,300600
VTA009272,2026-06-09,CLI0024,PROD0047,VEN017,SUC010,Web,1,433800,351800
VTA009273,2025-05-19,CLI0021,PROD0024,VEN008,SUC003,Presencial,7,713900,599200
VTA009274,2026-06-13,CLI0024,PROD0043,VEN016,SUC007,Presencial,7,488100,353600
VTA009275,2026-01-09,CLI0068,PROD0016,VEN004,SUC004,Presencial,5,135500,112900
VTA009276,2025-03-18,CLI0064,PROD0035,VEN006,SUC010,Web,9,763200,443100
VTA009277,2026-03-27,CLI0018,PROD0032,VEN015,SUC010,Web,10,317400,179100
VTA009278,2025-05-14,CLI0001,PROD0047,VEN019,SUC007,Web,2,443300,356600
VTA009279,2025-12-13,CLI0015,PROD0043,VEN013,SUC007,Presencial,9,473900,367200
VTA009280,2025-06-04,CLI0023,PROD0009,VEN010,SUC007,Presencial,8,770600,466900
VTA009281,2026-04-10,CLI0024,PROD0027,VEN009,SUC001,Telefónico,11,107700,75400
VTA009282,2026-01-19,CLI0042,PROD0005,VEN006,SUC010,Presencial,4,446300,309800
VTA009283,2025-06-11,CLI0075,PROD0034,VEN003,SUC007,Web,3,575100,414400
VTA009284,2025-06-14,CLI0075,PROD0046,VEN009,SUC001,Web,3,581900,364600
VTA009285,2026-05-25,CLI0089,PROD0009,VEN019,SUC009,Telefónico,1,820700,469400
VTA009286,2025-10-26,CLI0026,PROD0028,VEN011,SUC002,Presencial,12,441300,274800
VTA009287,2026-04-27,CLI0079,PROD0049,VEN014,SUC005,Web,10,347700,244100
VTA009288,2025-05-23,CLI0073,PROD0035,VEN015,SUC010,Presencial,8,765300,450500
VTA009289,2025-09-17,CLI0023,PROD0003,VEN006,SUC009,Presencial,1,92400,60500
VTA009290,2025-02-03,CLI0061,PROD0022,VEN014,SUC003,Presencial,8,501300,319500
VTA009291,2026-03-26,CLI0077,PROD0014,VEN012,SUC002,Presencial,4,55800,43100
VTA009292,2025-12-13,CLI0021,PROD0030,VEN020,SUC009,Presencial,6,627300,442900
VTA009293,2025-08-13,CLI0010,PROD0049,VEN004,SUC008,Presencial,5,350900,252700
VTA009294,2025-01-14,CLI0010,PROD0007,VEN007,SUC010,Presencial,10,612800,454000
VTA009295,2025-12-16,CLI0046,PROD0045,VEN003,SUC008,Presencial,8,128900,94600
VTA009296,2025-08-16,CLI0051,PROD0008,VEN012,SUC004,Telefónico,1,629900,386300
VTA009297,2026-04-14,CLI0089,PROD0021,VEN014,SUC002,Presencial,8,893700,665400
VTA009298,2026-02-16,CLI0052,PROD0027,VEN013,SUC003,Presencial,3,102700,75400
VTA009299,2026-06-30,CLI0063,PROD0032,VEN019,SUC003,Web,9,302000,183400
VTA009300,2025-04-28,CLI0059,PROD0006,VEN015,SUC006,Telefónico,2,272700,186700
VTA009301,2026-04-08,CLI0067,PROD0049,VEN003,SUC003,Presencial,5,365500,249500
VTA009302,2026-06-16,CLI0088,PROD0031,VEN002,SUC006,Web,5,278800,197200
VTA009303,2026-06-24,CLI0074,PROD0025,VEN003,SUC003,Telefónico,7,70800,61300
VTA009304,2026-02-27,CLI0026,PROD0018,VEN001,SUC004,Web,10,213700,148200
VTA009305,2026-04-02,CLI0063,PROD0028,VEN003,SUC007,Web,9,453300,277600
VTA009306,2025-12-19,CLI0065,PROD0021,VEN007,SUC006,Presencial,1,896200,648800
VTA009307,2025-04-23,CLI0062,PROD0026,VEN009,SUC007,Web,3,506900,394600
VTA009308,2025-12-29,CLI0052,PROD0021,VEN009,SUC008,Presencial,7,900300,649500
VTA009309,2025-01-18,CLI0097,PROD0027,VEN019,SUC004,Presencial,8,98800,77200
VTA009310,2025-06-07,CLI0002,PROD0016,VEN004,SUC003,Telefónico,9,132800,111100
VTA009311,2025-01-22,CLI0085,PROD0012,VEN020,SUC007,Presencial,9,444800,285300
VTA009312,2026-06-04,CLI0063,PROD0046,VEN015,SUC006,Telefónico,7,550000,359300
VTA009313,2025-06-10,CLI0062,PROD0009,VEN004,SUC001,Presencial,9,845900,475600
VTA009314,2025-11-27,CLI0019,PROD0042,VEN020,SUC010,Web,9,400400,283600
VTA009315,2025-03-16,CLI0053,PROD0037,VEN014,SUC001,Presencial,5,234100,164200
VTA009316,2025-10-01,CLI0082,PROD0044,VEN005,SUC009,Web,11,759200,590300
VTA009317,2026-05-23,CLI0086,PROD0014,VEN008,SUC001,Presencial,10,60200,42800
VTA009318,2025-03-17,CLI0008,PROD0001,VEN013,SUC003,Telefónico,2,396300,244600
VTA009319,2026-07-23,CLI0069,PROD0037,VEN015,SUC005,Web,4,260800,166800
VTA009320,2026-04-17,CLI0025,PROD0002,VEN014,SUC006,Web,11,462500,243500
VTA009321,2025-09-15,CLI0092,PROD0006,VEN009,SUC001,Presencial,3,258100,184600
VTA009322,2026-07-30,CLI0097,PROD0011,VEN001,SUC005,Web,3,805000,690300
VTA009323,2026-07-02,CLI0001,PROD0043,VEN006,SUC004,Presencial,9,424200,359300
VTA009324,2025-09-16,CLI0095,PROD0046,VEN007,SUC005,Web,9,608400,359200
VTA009325,2026-04-10,CLI0007,PROD0030,VEN016,SUC007,Telefónico,10,612400,454300
VTA009326,2025-12-08,CLI0073,PROD0015,VEN007,SUC006,Presencial,2,183200,110900
VTA009327,2025-03-11,CLI0021,PROD0042,VEN016,SUC007,Telefónico,8,387800,285500
VTA009328,2025-01-01,CLI0070,PROD0007,VEN018,SUC002,Web,8,602300,456300
VTA009329,2025-03-25,CLI0027,PROD0025,VEN011,SUC007,Web,8,77500,60300
VTA009330,2025-04-04,CLI0009,PROD0036,VEN017,SUC005,Presencial,11,537700,315500
VTA009331,2025-10-08,CLI0004,PROD0028,VEN007,SUC010,Web,3,456400,273000
VTA009332,2026-05-12,CLI0061,PROD0039,VEN013,SUC008,Presencial,10,307100,209000
VTA009333,2026-01-20,CLI0035,PROD0007,VEN013,SUC004,Presencial,7,554000,452500
VTA009334,2025-09-04,CLI0086,PROD0011,VEN002,SUC009,Presencial,6,895000,673400
VTA009335,2025-01-01,CLI0007,PROD0040,VEN014,SUC003,Presencial,10,218000,152000
VTA009336,2025-05-07,CLI0100,PROD0050,VEN009,SUC005,Presencial,5,281400,203300
VTA009337,2025-10-04,CLI0011,PROD0028,VEN001,SUC001,Web,11,477000,273000
VTA009338,2025-02-04,CLI0083,PROD0010,VEN019,SUC002,Presencial,8,313700,230900
VTA009339,2025-09-19,CLI0061,PROD0032,VEN014,SUC002,Presencial,10,284000,183900
VTA009340,2025-04-21,CLI0069,PROD0020,VEN018,SUC004,Presencial,10,476000,406200
VTA009341,2026-07-30,CLI0035,PROD0050,VEN014,SUC002,Presencial,2,267400,203500
VTA009342,2026-01-13,CLI0076,PROD0011,VEN020,SUC004,Presencial,3,842600,667400
VTA009343,2025-07-10,CLI0029,PROD0005,VEN005,SUC007,Presencial,3,448400,306100
VTA009344,2025-01-21,CLI0041,PROD0031,VEN016,SUC009,Presencial,7,269600,205000
VTA009345,2025-10-27,CLI0052,PROD0036,VEN017,SUC007,Telefónico,8,514700,314500
VTA009346,2025-01-09,CLI0009,PROD0048,VEN018,SUC009,Presencial,11,20300,12900
VTA009347,2025-04-29,CLI0089,PROD0002,VEN010,SUC009,Web,3,405400,245200
VTA009348,2025-06-24,CLI0077,PROD0045,VEN008,SUC006,Presencial,7,125800,94500
VTA009349,2026-05-03,CLI0098,PROD0016,VEN002,SUC006,Web,2,134300,113000
VTA009350,2025-07-24,CLI0060,PROD0034,VEN013,SUC010,Web,1,524000,408200
VTA009351,2025-09-15,CLI0009,PROD0032,VEN016,SUC002,Telefónico,8,322000,178500
VTA009352,2026-02-25,CLI0055,PROD0008,VEN007,SUC006,Presencial,4,642800,387700
VTA009353,2025-05-30,CLI0018,PROD0006,VEN003,SUC010,Web,6,285100,183700
VTA009354,2025-03-28,CLI0062,PROD0010,VEN002,SUC009,Web,9,352200,231300
VTA009355,2025-08-19,CLI0055,PROD0004,VEN008,SUC001,Presencial,4,375300,300800
VTA009356,2026-01-27,CLI0024,PROD0040,VEN014,SUC006,Presencial,3,214200,154400
VTA009357,2026-01-10,CLI0082,PROD0035,VEN012,SUC010,Presencial,5,753400,449700
VTA009358,2025-03-04,CLI0019,PROD0004,VEN012,SUC006,Web,10,399500,287400
VTA009359,2025-03-18,CLI0038,PROD0037,VEN018,SUC009,Web,3,226500,167700
VTA009360,2026-06-14,CLI0087,PROD0033,VEN005,SUC004,Presencial,7,263800,173600
VTA009361,2025-02-21,CLI0014,PROD0041,VEN009,SUC009,Web,3,203800,137500
VTA009362,2026-05-12,CLI0063,PROD0030,VEN013,SUC008,Telefónico,6,653400,449900
VTA009363,2026-01-10,CLI0028,PROD0026,VEN010,SUC006,Web,9,512300,382400
VTA009364,2026-07-30,CLI0051,PROD0027,VEN014,SUC009,Telefónico,11,106200,75700
VTA009365,2026-04-12,CLI0007,PROD0038,VEN006,SUC005,Web,12,95900,58600
VTA009366,2025-06-21,CLI0046,PROD0034,VEN002,SUC003,Web,1,558800,414300
VTA009367,2025-08-13,CLI0041,PROD0045,VEN014,SUC001,Presencial,2,124200,92900
VTA009368,2026-03-06,CLI0008,PROD0025,VEN004,SUC005,Web,9,72200,61400
VTA009369,2025-09-16,CLI0083,PROD0003,VEN010,SUC003,Telefónico,6,91400,62100
VTA009370,2026-07-08,CLI0040,PROD0027,VEN006,SUC007,Presencial,11,109400,78400
VTA009371,2026-07-01,CLI0019,PROD0028,VEN007,SUC006,Presencial,6,450200,268800
VTA009372,2026-07-29,CLI0001,PROD0011,VEN012,SUC005,Web,5,863800,697600
VTA009373,2025-03-15,CLI0047,PROD0002,VEN013,SUC004,Presencial,2,422900,238100
VTA009374,2026-04-16,CLI0004,PROD0023,VEN017,SUC003,Presencial,11,568600,400200
VTA009375,2025-10-09,CLI0093,PROD0019,VEN010,SUC002,Web,5,639400,474500
VTA009376,2026-07-09,CLI0089,PROD0047,VEN014,SUC010,Web,3,429500,353300
VTA009377,2026-06-29,CLI0005,PROD0009,VEN011,SUC008,Web,10,869600,468100
VTA009378,2026-06-15,CLI0061,PROD0018,VEN011,SUC006,Presencial,11,189100,148900
VTA009379,2026-07-02,CLI0006,PROD0022,VEN003,SUC010,Web,10,514900,313600
VTA009380,2026-04-19,CLI0083,PROD0035,VEN009,SUC006,Web,1,758700,447200
VTA009381,2026-07-11,CLI0007,PROD0009,VEN008,SUC003,Web,2,882200,455700
VTA009382,2025-08-31,CLI0098,PROD0030,VEN018,SUC010,Telefónico,12,646200,441200
VTA009383,2025-01-23,CLI0066,PROD0008,VEN010,SUC005,Presencial,2,675400,389100
VTA009384,2026-07-26,CLI0056,PROD0028,VEN011,SUC005,Telefónico,4,427700,279100
VTA009385,2026-07-31,CLI0029,PROD0023,VEN005,SUC007,Presencial,6,586300,410200
VTA009386,2025-08-24,CLI0006,PROD0049,VEN019,SUC003,Telefónico,4,359900,241800
VTA009387,2025-09-20,CLI0078,PROD0007,VEN020,SUC009,Presencial,9,561500,464000
VTA009388,2025-12-22,CLI0089,PROD0034,VEN009,SUC007,Web,3,544500,414800
VTA009389,2026-07-07,CLI0073,PROD0024,VEN011,SUC003,Presencial,5,721200,581900
VTA009390,2026-01-28,CLI0046,PROD0028,VEN008,SUC008,Telefónico,1,423800,272400
VTA009391,2025-05-15,CLI0010,PROD0004,VEN014,SUC004,Web,2,358200,299600
VTA009392,2026-05-28,CLI0039,PROD0030,VEN002,SUC005,Web,9,656400,437000
VTA009393,2025-07-13,CLI0024,PROD0013,VEN014,SUC009,Web,9,531400,408100
VTA009394,2026-02-10,CLI0053,PROD0008,VEN007,SUC009,Presencial,9,662600,388500
VTA009395,2025-12-24,CLI0075,PROD0025,VEN006,SUC007,Web,4,69200,60200
VTA009396,2025-10-09,CLI0062,PROD0009,VEN008,SUC007,Web,1,814000,471600
VTA009397,2025-12-17,CLI0029,PROD0045,VEN003,SUC004,Presencial,4,119700,91900
VTA009398,2025-06-12,CLI0021,PROD0040,VEN013,SUC001,Presencial,10,221900,149400
VTA009399,2026-06-17,CLI0098,PROD0017,VEN001,SUC007,Telefónico,8,203600,148900
VTA009400,2025-09-28,CLI0059,PROD0011,VEN012,SUC003,Web,2,890800,671400
VTA009401,2025-08-06,CLI0099,PROD0014,VEN009,SUC005,Presencial,9,60400,43200
VTA009402,2026-02-12,CLI0055,PROD0001,VEN020,SUC010,Web,10,440200,250200
VTA009403,2025-06-19,CLI0060,PROD0040,VEN009,SUC007,Presencial,10,224200,149200
VTA009404,2025-12-24,CLI0055,PROD0020,VEN009,SUC002,Presencial,8,557400,400900
VTA009405,2025-07-20,CLI0029,PROD0036,VEN019,SUC006,Telefónico,12,538100,313200
VTA009406,2025-02-03,CLI0044,PROD0011,VEN006,SUC005,Web,8,785000,697400
VTA009407,2026-01-15,CLI0037,PROD0004,VEN015,SUC001,Presencial,7,392000,293900
VTA009408,2026-06-13,CLI0095,PROD0025,VEN020,SUC006,Web,4,68100,60600
VTA009409,2026-04-05,CLI0021,PROD0043,VEN007,SUC006,Presencial,6,447400,351500
VTA009410,2026-02-20,CLI0048,PROD0044,VEN007,SUC008,Web,6,763000,602900
VTA009411,2026-05-04,CLI0068,PROD0031,VEN007,SUC006,Telefónico,7,272600,200700
VTA009412,2025-02-25,CLI0064,PROD0020,VEN003,SUC002,Web,11,543000,398200
VTA009413,2025-12-22,CLI0037,PROD0042,VEN005,SUC006,Telefónico,4,400400,281000
VTA009414,2026-01-04,CLI0077,PROD0031,VEN007,SUC003,Telefónico,1,253600,204400
VTA009415,2025-05-18,CLI0074,PROD0043,VEN018,SUC009,Web,4,484600,355600
VTA009416,2026-03-17,CLI0017,PROD0006,VEN012,SUC007,Presencial,11,282100,178200
VTA009417,2026-03-23,CLI0066,PROD0035,VEN007,SUC006,Telefónico,6,679600,448900
VTA009418,2025-02-11,CLI0038,PROD0047,VEN007,SUC004,Presencial,9,456400,349400
VTA009419,2025-08-04,CLI0048,PROD0002,VEN003,SUC002,Presencial,2,433700,239700
VTA009420,2026-05-23,CLI0001,PROD0021,VEN007,SUC004,Presencial,2,802900,672200
VTA009421,2025-03-15,CLI0086,PROD0041,VEN004,SUC006,Web,5,198400,140700
VTA009422,2026-02-03,CLI0021,PROD0047,VEN019,SUC006,Presencial,2,402000,355500
VTA009423,2025-09-06,CLI0045,PROD0015,VEN005,SUC009,Web,11,177200,107200
VTA009424,2026-06-15,CLI0064,PROD0013,VEN010,SUC008,Web,2,470600,390200
VTA009425,2025-10-22,CLI0062,PROD0026,VEN005,SUC001,Presencial,1,547500,383300
VTA009426,2025-10-08,CLI0069,PROD0032,VEN002,SUC001,Presencial,1,298400,181600
VTA009427,2026-03-01,CLI0001,PROD0044,VEN005,SUC004,Web,10,806300,599200
VTA009428,2025-04-08,CLI0055,PROD0028,VEN008,SUC010,Web,10,438500,278900
VTA009429,2025-05-03,CLI0037,PROD0031,VEN020,SUC001,Web,4,282100,204500
VTA009430,2025-02-24,CLI0071,PROD0020,VEN006,SUC003,Web,9,537900,416000
VTA009431,2026-06-24,CLI0041,PROD0041,VEN003,SUC009,Telefónico,3,205200,143300
VTA009432,2026-04-22,CLI0052,PROD0007,VEN015,SUC009,Web,7,574900,463700
VTA009433,2026-06-26,CLI0089,PROD0007,VEN017,SUC006,Web,3,608900,447200
VTA009434,2025-04-19,CLI0078,PROD0014,VEN016,SUC005,Web,7,55400,42600
VTA009435,2025-12-10,CLI0028,PROD0016,VEN003,SUC009,Presencial,10,150800,111600
VTA009436,2025-08-25,CLI0094,PROD0018,VEN014,SUC009,Presencial,7,200900,146900
VTA009437,2025-01-10,CLI0097,PROD0027,VEN006,SUC005,Presencial,10,101900,75100
VTA009438,2025-06-28,CLI0076,PROD0027,VEN015,SUC004,Presencial,10,108100,77800
VTA009439,2026-01-25,CLI0097,PROD0031,VEN007,SUC005,Presencial,10,281900,203600
VTA009440,2025-11-04,CLI0044,PROD0042,VEN009,SUC003,Presencial,4,416300,274100
VTA009441,2025-02-06,CLI0027,PROD0018,VEN003,SUC003,Web,12,195400,148600
VTA009442,2025-06-11,CLI0005,PROD0050,VEN002,SUC002,Presencial,3,274500,207800
VTA009443,2025-06-29,CLI0015,PROD0024,VEN003,SUC005,Presencial,6,695300,578000
VTA009444,2025-10-28,CLI0099,PROD0019,VEN020,SUC006,Web,8,641400,472900
VTA009445,2025-02-05,CLI0032,PROD0029,VEN009,SUC010,Web,4,672900,424700
VTA009446,2026-04-12,CLI0038,PROD0023,VEN012,SUC007,Web,11,646400,405300
VTA009447,2026-06-20,CLI0062,PROD0027,VEN014,SUC004,Web,3,111300,74900
VTA009448,2026-02-15,CLI0020,PROD0022,VEN015,SUC005,Presencial,9,527800,313000
VTA009449,2025-06-24,CLI0074,PROD0033,VEN004,SUC002,Presencial,6,250200,176500
VTA009450,2025-06-29,CLI0073,PROD0036,VEN005,SUC002,Presencial,10,531900,321700
VTA009451,2025-01-06,CLI0063,PROD0016,VEN017,SUC007,Telefónico,10,132800,109200
VTA009452,2025-07-27,CLI0089,PROD0050,VEN016,SUC003,Presencial,10,248100,208600
VTA009453,2025-05-09,CLI0039,PROD0032,VEN009,SUC004,Web,2,324700,182100
VTA009454,2025-04-13,CLI0014,PROD0037,VEN007,SUC006,Web,5,260600,164800
VTA009455,2026-03-19,CLI0056,PROD0050,VEN003,SUC005,Telefónico,7,248200,206700
VTA009456,2025-06-30,CLI0005,PROD0039,VEN006,SUC001,Presencial,4,307900,213300
VTA009457,2025-11-04,CLI0060,PROD0041,VEN016,SUC008,Presencial,5,222600,140000
VTA009458,2025-04-05,CLI0096,PROD0007,VEN016,SUC002,Presencial,10,592100,464800
VTA009459,2026-02-24,CLI0054,PROD0038,VEN008,SUC003,Web,4,99600,59500
VTA009460,2025-11-30,CLI0079,PROD0045,VEN002,SUC010,Web,4,129600,94000
VTA009461,2026-01-23,CLI0067,PROD0047,VEN001,SUC002,Web,12,450000,364100
VTA009462,2025-04-18,CLI0027,PROD0040,VEN018,SUC007,Presencial,3,228000,147300
VTA009463,2026-05-02,CLI0024,PROD0002,VEN002,SUC003,Presencial,6,421700,245400
VTA009464,2025-03-26,CLI0013,PROD0036,VEN015,SUC002,Web,10,482300,327600
VTA009465,2026-02-10,CLI0079,PROD0001,VEN006,SUC007,Web,6,376500,253000
VTA009466,2025-09-23,CLI0050,PROD0042,VEN016,SUC002,Presencial,2,358700,281400
VTA009467,2025-08-08,CLI0073,PROD0009,VEN016,SUC010,Telefónico,10,820600,471500
VTA009468,2025-04-13,CLI0040,PROD0042,VEN010,SUC001,Web,5,388700,280600
VTA009469,2026-05-21,CLI0082,PROD0011,VEN013,SUC007,Web,5,898600,680200
VTA009470,2025-10-13,CLI0047,PROD0007,VEN006,SUC009,Web,7,578100,466600
VTA009471,2025-09-22,CLI0061,PROD0049,VEN011,SUC003,Telefónico,9,363300,248600
VTA009472,2026-07-19,CLI0011,PROD0034,VEN006,SUC008,Presencial,7,523000,418100
VTA009473,2025-06-23,CLI0097,PROD0013,VEN001,SUC002,Presencial,6,512500,407000
VTA009474,2025-09-15,CLI0044,PROD0034,VEN017,SUC010,Presencial,9,540300,412700
VTA009475,2026-03-12,CLI0025,PROD0022,VEN009,SUC005,Web,11,516500,311200
VTA009476,2025-02-27,CLI0030,PROD0007,VEN002,SUC009,Presencial,1,618400,447700
VTA009477,2025-03-12,CLI0031,PROD0031,VEN016,SUC002,Web,2,278900,205100
VTA009478,2025-08-29,CLI0069,PROD0004,VEN009,SUC001,Web,9,349400,289200
VTA009479,2026-07-14,CLI0057,PROD0009,VEN017,SUC010,Presencial,1,857000,469900
VTA009480,2025-09-22,CLI0089,PROD0034,VEN009,SUC002,Presencial,8,546400,422000
VTA009481,2026-01-22,CLI0066,PROD0006,VEN018,SUC008,Telefónico,1,254000,179700
VTA009482,2025-07-01,CLI0060,PROD0014,VEN001,SUC010,Presencial,6,62200,43500
VTA009483,2026-01-20,CLI0097,PROD0023,VEN016,SUC005,Web,3,609600,400100
VTA009484,2026-07-31,CLI0011,PROD0046,VEN002,SUC010,Telefónico,8,608600,358700
VTA009485,2026-01-21,CLI0046,PROD0022,VEN005,SUC004,Telefónico,1,493000,311100
VTA009486,2025-08-01,CLI0049,PROD0032,VEN018,SUC001,Web,5,289500,184200
VTA009487,2025-04-29,CLI0092,PROD0050,VEN013,SUC008,Web,9,259600,205400
VTA009488,2026-04-20,CLI0027,PROD0011,VEN019,SUC005,Telefónico,2,847000,684100
VTA009489,2026-06-06,CLI0026,PROD0031,VEN006,SUC007,Telefónico,8,265100,206000
VTA009490,2025-02-06,CLI0098,PROD0029,VEN015,SUC008,Presencial,12,713000,420100
VTA009491,2025-09-26,CLI0071,PROD0020,VEN015,SUC007,Web,12,497100,409200
VTA009492,2026-07-23,CLI0049,PROD0048,VEN005,SUC001,Telefónico,2,21500,12700
VTA009493,2025-01-11,CLI0069,PROD0002,VEN011,SUC010,Web,8,449400,240300
VTA009494,2026-04-08,CLI0047,PROD0048,VEN002,SUC006,Web,9,19300,12700
VTA009495,2026-06-08,CLI0076,PROD0011,VEN012,SUC008,Web,10,779100,681200
VTA009496,2025-01-05,CLI0035,PROD0030,VEN009,SUC006,Web,1,634700,454700
VTA009497,2025-07-17,CLI0051,PROD0050,VEN012,SUC010,Presencial,10,285200,209400
VTA009498,2025-11-03,CLI0054,PROD0006,VEN020,SUC006,Presencial,4,295100,181200
VTA009499,2026-06-26,CLI0012,PROD0028,VEN005,SUC010,Presencial,2,486200,272300
VTA009500,2025-07-28,CLI0014,PROD0017,VEN017,SUC004,Presencial,2,203100,146500
VTA009501,2026-04-11,CLI0070,PROD0021,VEN004,SUC006,Web,12,852600,660900
VTA009502,2025-01-31,CLI0056,PROD0026,VEN008,SUC002,Presencial,7,511000,381300
VTA009503,2025-11-27,CLI0055,PROD0006,VEN005,SUC009,Presencial,4,278200,178700
VTA009504,2026-02-04,CLI0097,PROD0043,VEN003,SUC009,Telefónico,1,440000,354800
VTA009505,2026-01-25,CLI0004,PROD0040,VEN001,SUC007,Web,5,212400,147600
VTA009506,2026-02-24,CLI0082,PROD0044,VEN012,SUC002,Telefónico,3,773400,605500
VTA009507,2025-09-23,CLI0021,PROD0036,VEN004,SUC006,Web,6,497700,319900
VTA009508,2025-03-30,CLI0058,PROD0024,VEN008,SUC004,Presencial,12,711600,598600
VTA009509,2025-06-25,CLI0021,PROD0049,VEN006,SUC010,Presencial,5,345700,242000
VTA009510,2025-10-27,CLI0076,PROD0001,VEN002,SUC001,Presencial,11,393300,243900
VTA009511,2025-10-06,CLI0072,PROD0020,VEN016,SUC002,Web,12,485000,405300
VTA009512,2025-02-28,CLI0064,PROD0040,VEN020,SUC002,Presencial,7,236400,154000
VTA009513,2026-05-06,CLI0033,PROD0012,VEN001,SUC001,Presencial,7,422400,276500
VTA009514,2025-12-13,CLI0071,PROD0046,VEN003,SUC007,Telefónico,1,539600,360400
VTA009515,2025-12-18,CLI0081,PROD0038,VEN004,SUC005,Presencial,8,88800,59100
VTA009516,2026-01-27,CLI0048,PROD0038,VEN006,SUC006,Telefónico,10,101800,58800
VTA009517,2025-01-11,CLI0059,PROD0003,VEN006,SUC009,Web,2,85700,59600
VTA009518,2025-05-15,CLI0041,PROD0046,VEN020,SUC010,Web,5,589100,359900
VTA009519,2025-01-24,CLI0007,PROD0046,VEN004,SUC005,Telefónico,12,575900,363300
VTA009520,2025-08-31,CLI0016,PROD0003,VEN008,SUC009,Web,10,86900,60200
VTA009521,2025-09-26,CLI0073,PROD0043,VEN016,SUC010,Presencial,5,471400,362100
VTA009522,2026-03-26,CLI0008,PROD0019,VEN020,SUC009,Web,3,697900,459300
VTA009523,2025-11-25,CLI0090,PROD0009,VEN011,SUC009,Web,1,798700,464400
VTA009524,2026-02-20,CLI0027,PROD0042,VEN007,SUC004,Web,10,369700,284800
VTA009525,2025-03-03,CLI0023,PROD0006,VEN013,SUC010,Presencial,9,277200,180100
VTA009526,2026-03-13,CLI0063,PROD0011,VEN017,SUC004,Web,10,889700,674500
VTA009527,2026-01-23,CLI0069,PROD0045,VEN012,SUC009,Telefónico,10,130200,94700
VTA009528,2026-04-25,CLI0087,PROD0048,VEN001,SUC008,Presencial,10,18600,12700
VTA009529,2025-10-20,CLI0018,PROD0001,VEN005,SUC008,Presencial,10,439800,246400
VTA009530,2025-05-30,CLI0029,PROD0005,VEN012,SUC007,Web,5,445100,303300
VTA009531,2026-04-23,CLI0073,PROD0039,VEN013,SUC005,Web,8,316500,217700
VTA009532,2025-03-24,CLI0011,PROD0040,VEN003,SUC003,Presencial,2,236800,153800
VTA009533,2025-10-29,CLI0065,PROD0036,VEN013,SUC010,Web,9,550400,325100
VTA009534,2026-03-23,CLI0014,PROD0031,VEN019,SUC005,Web,9,266100,205900
VTA009535,2026-06-22,CLI0010,PROD0045,VEN019,SUC006,Web,9,128400,90700
VTA009536,2026-06-11,CLI0065,PROD0036,VEN003,SUC008,Web,9,507800,320600
VTA009537,2025-03-03,CLI0076,PROD0046,VEN016,SUC004,Presencial,12,591800,351800
VTA009538,2026-06-08,CLI0028,PROD0018,VEN005,SUC007,Telefónico,8,213100,146400
VTA009539,2025-11-20,CLI0023,PROD0027,VEN013,SUC009,Web,12,109000,78300
VTA009540,2026-05-05,CLI0066,PROD0014,VEN019,SUC002,Presencial,7,57200,43700
VTA009541,2025-06-21,CLI0044,PROD0024,VEN015,SUC001,Presencial,6,743600,592100
VTA009542,2025-01-20,CLI0003,PROD0037,VEN005,SUC003,Telefónico,6,234400,166900
VTA009543,2025-01-20,CLI0071,PROD0002,VEN020,SUC010,Web,7,424600,245400
VTA009544,2025-03-31,CLI0043,PROD0021,VEN017,SUC005,Web,8,822300,658000
VTA009545,2025-02-02,CLI0059,PROD0047,VEN012,SUC006,Web,7,423000,359200
VTA009546,2025-02-13,CLI0084,PROD0026,VEN010,SUC009,Web,3,562000,379000
VTA009547,2025-02-13,CLI0037,PROD0038,VEN007,SUC007,Web,2,97900,57700
VTA009548,2025-12-11,CLI0016,PROD0005,VEN008,SUC010,Web,10,428600,301400
VTA009549,2025-07-08,CLI0051,PROD0048,VEN005,SUC010,Presencial,10,18800,13000
VTA009550,2025-12-15,CLI0037,PROD0006,VEN017,SUC001,Web,11,275200,183700
VTA009551,2025-03-22,CLI0088,PROD0034,VEN006,SUC010,Web,9,567500,414200
VTA009552,2026-01-28,CLI0011,PROD0002,VEN011,SUC006,Web,2,461100,236900
VTA009553,2026-02-05,CLI0091,PROD0013,VEN019,SUC004,Web,10,480200,398100
VTA009554,2025-03-28,CLI0070,PROD0039,VEN018,SUC004,Telefónico,1,343900,219200
VTA009555,2025-02-20,CLI0090,PROD0011,VEN013,SUC005,Presencial,8,884300,672900
VTA009556,2026-01-12,CLI0029,PROD0036,VEN018,SUC006,Web,1,559400,319700
VTA009557,2025-11-30,CLI0004,PROD0001,VEN020,SUC002,Web,10,386800,251000
VTA009558,2026-04-18,CLI0034,PROD0002,VEN013,SUC001,Presencial,9,401300,246900
VTA009559,2025-06-25,CLI0058,PROD0006,VEN019,SUC007,Telefónico,1,289600,178800
VTA009560,2025-10-11,CLI0077,PROD0013,VEN005,SUC003,Presencial,5,492700,404300
VTA009561,2025-05-20,CLI0064,PROD0022,VEN005,SUC001,Presencial,10,525600,312300
VTA009562,2025-04-01,CLI0056,PROD0017,VEN008,SUC003,Telefónico,8,210800,147900
VTA009563,2025-11-15,CLI0084,PROD0042,VEN015,SUC008,Web,7,373300,285900
VTA009564,2025-08-03,CLI0013,PROD0042,VEN012,SUC010,Presencial,6,397100,274400
VTA009565,2026-07-23,CLI0067,PROD0009,VEN004,SUC010,Presencial,3,765700,461600
VTA009566,2026-05-31,CLI0089,PROD0024,VEN013,SUC010,Presencial,10,772700,572100
VTA009567,2025-03-28,CLI0042,PROD0049,VEN019,SUC002,Web,12,345800,250800
VTA009568,2025-09-27,CLI0028,PROD0008,VEN002,SUC003,Presencial,1,602100,388500
VTA009569,2025-04-12,CLI0083,PROD0017,VEN015,SUC008,Presencial,9,198900,152200
VTA009570,2025-12-03,CLI0063,PROD0020,VEN001,SUC006,Presencial,12,480800,417700
VTA009571,2026-07-07,CLI0056,PROD0002,VEN007,SUC001,Presencial,12,399900,238500
VTA009572,2025-06-16,CLI0030,PROD0014,VEN017,SUC008,Presencial,6,55500,44300
VTA009573,2025-02-26,CLI0031,PROD0050,VEN011,SUC009,Web,5,281400,210100
VTA009574,2025-04-25,CLI0065,PROD0014,VEN001,SUC009,Presencial,11,60400,43000
VTA009575,2025-07-27,CLI0046,PROD0006,VEN020,SUC006,Telefónico,6,295900,182300
VTA009576,2025-03-18,CLI0074,PROD0039,VEN011,SUC005,Web,7,329200,209300
VTA009577,2025-09-03,CLI0014,PROD0036,VEN001,SUC010,Web,6,484000,313000
VTA009578,2025-03-09,CLI0047,PROD0009,VEN011,SUC009,Web,12,798000,467600
VTA009579,2025-08-11,CLI0057,PROD0033,VEN012,SUC005,Presencial,9,268100,172100
VTA009580,2025-12-08,CLI0019,PROD0011,VEN002,SUC010,Presencial,11,876100,673600
VTA009581,2026-01-15,CLI0073,PROD0015,VEN008,SUC004,Web,5,170700,110000
VTA009582,2025-07-03,CLI0029,PROD0018,VEN018,SUC001,Web,2,190700,152100
VTA009583,2025-09-12,CLI0026,PROD0044,VEN014,SUC005,Presencial,4,763600,593300
VTA009584,2025-11-22,CLI0092,PROD0006,VEN010,SUC002,Presencial,6,261100,185800
VTA009585,2025-08-05,CLI0075,PROD0026,VEN009,SUC003,Presencial,2,573500,388500
VTA009586,2025-05-05,CLI0030,PROD0049,VEN006,SUC007,Presencial,5,323600,251900
VTA009587,2025-07-31,CLI0093,PROD0004,VEN004,SUC005,Presencial,11,353500,300900
VTA009588,2026-02-12,CLI0041,PROD0005,VEN003,SUC010,Presencial,3,460100,305800
VTA009589,2025-01-24,CLI0012,PROD0020,VEN003,SUC003,Presencial,5,479700,410800
VTA009590,2025-09-23,CLI0039,PROD0031,VEN012,SUC009,Web,6,285900,204500
VTA009591,2025-06-12,CLI0055,PROD0002,VEN019,SUC007,Web,3,425700,235400
VTA009592,2025-08-02,CLI0021,PROD0036,VEN019,SUC001,Presencial,8,561800,320200
VTA009593,2026-06-25,CLI0081,PROD0026,VEN001,SUC003,Web,11,519600,387000
VTA009594,2025-09-02,CLI0100,PROD0004,VEN002,SUC005,Web,12,355000,291100
VTA009595,2025-11-25,CLI0032,PROD0001,VEN004,SUC006,Presencial,4,395700,242900
VTA009596,2026-03-15,CLI0085,PROD0039,VEN015,SUC005,Presencial,4,338800,216100
VTA009597,2025-08-19,CLI0098,PROD0009,VEN006,SUC001,Web,4,839000,456100
VTA009598,2025-10-04,CLI0030,PROD0038,VEN008,SUC006,Presencial,9,88900,59100
VTA009599,2026-07-11,CLI0059,PROD0018,VEN011,SUC004,Web,8,184100,151100
VTA009600,2025-07-14,CLI0017,PROD0032,VEN015,SUC004,Presencial,9,292400,187000
VTA009601,2025-03-21,CLI0083,PROD0020,VEN012,SUC002,Presencial,7,489300,415100
VTA009602,2026-01-10,CLI0039,PROD0010,VEN007,SUC010,Telefónico,9,325100,227800
VTA009603,2025-03-14,CLI0062,PROD0049,VEN007,SUC001,Presencial,1,360200,247200
VTA009604,2026-03-18,CLI0054,PROD0003,VEN002,SUC009,Telefónico,7,92500,61700
VTA009605,2025-09-18,CLI0095,PROD0002,VEN014,SUC001,Web,9,452500,246500
VTA009606,2025-08-10,CLI0071,PROD0047,VEN003,SUC008,Presencial,2,424000,354800
VTA009607,2025-07-08,CLI0022,PROD0039,VEN007,SUC006,Web,11,339900,213000
VTA009608,2026-01-16,CLI0016,PROD0008,VEN002,SUC004,Web,7,596700,378300
VTA009609,2026-01-06,CLI0070,PROD0043,VEN006,SUC003,Web,7,487200,365100
VTA009610,2025-04-06,CLI0053,PROD0045,VEN019,SUC001,Web,10,127700,93700
VTA009611,2026-04-23,CLI0054,PROD0019,VEN005,SUC008,Presencial,10,740100,465700
VTA009612,2025-10-02,CLI0009,PROD0024,VEN013,SUC008,Web,7,787200,582600
VTA009613,2025-12-03,CLI0032,PROD0016,VEN006,SUC007,Web,11,146400,111500
VTA009614,2026-06-12,CLI0040,PROD0050,VEN008,SUC009,Web,8,278400,206900
VTA009615,2025-01-09,CLI0086,PROD0009,VEN012,SUC010,Web,9,762100,473000
VTA009616,2025-01-13,CLI0047,PROD0031,VEN013,SUC010,Presencial,7,282800,199100
VTA009617,2025-04-18,CLI0041,PROD0010,VEN006,SUC005,Web,3,320300,232000
VTA009618,2025-11-08,CLI0081,PROD0019,VEN016,SUC006,Presencial,2,679600,459400
VTA009619,2025-09-25,CLI0049,PROD0031,VEN003,SUC006,Presencial,6,277000,202100
VTA009620,2025-03-20,CLI0076,PROD0001,VEN019,SUC010,Web,7,420200,254700
VTA009621,2025-03-07,CLI0065,PROD0033,VEN019,SUC008,Presencial,10,233300,169200
VTA009622,2025-02-23,CLI0093,PROD0006,VEN015,SUC005,Presencial,10,260200,182200
VTA009623,2026-03-04,CLI0073,PROD0031,VEN012,SUC010,Web,11,255600,198000
VTA009624,2026-07-25,CLI0088,PROD0033,VEN015,SUC002,Presencial,10,265200,172200
VTA009625,2025-12-19,CLI0043,PROD0003,VEN020,SUC008,Web,7,87500,60900
VTA009626,2025-02-15,CLI0056,PROD0044,VEN009,SUC006,Presencial,12,825000,579900
VTA009627,2026-05-31,CLI0097,PROD0031,VEN013,SUC002,Presencial,4,262600,203800
VTA009628,2025-06-23,CLI0007,PROD0034,VEN011,SUC008,Presencial,9,535500,413400
VTA009629,2026-02-13,CLI0075,PROD0041,VEN015,SUC006,Presencial,5,214400,137500
VTA009630,2025-06-15,CLI0089,PROD0036,VEN014,SUC002,Web,12,556200,313900
VTA009631,2025-09-18,CLI0023,PROD0045,VEN003,SUC003,Web,8,120600,92200
VTA009632,2026-01-03,CLI0014,PROD0043,VEN018,SUC005,Presencial,12,450400,355900
VTA009633,2025-08-21,CLI0061,PROD0010,VEN008,SUC009,Presencial,2,318600,234400
VTA009634,2025-11-02,CLI0095,PROD0016,VEN007,SUC007,Telefónico,4,136800,109100
VTA009635,2026-01-30,CLI0040,PROD0034,VEN004,SUC002,Web,1,568600,418000
VTA009636,2025-01-11,CLI0054,PROD0027,VEN015,SUC009,Web,10,108100,77400
VTA009637,2026-02-23,CLI0028,PROD0007,VEN007,SUC007,Presencial,2,587500,455000
VTA009638,2026-02-27,CLI0072,PROD0018,VEN009,SUC001,Web,9,208900,152100
VTA009639,2026-01-17,CLI0020,PROD0027,VEN006,SUC003,Presencial,9,99700,76000
VTA009640,2025-11-24,CLI0091,PROD0013,VEN016,SUC009,Presencial,8,536700,406600
VTA009641,2026-06-07,CLI0060,PROD0014,VEN005,SUC005,Telefónico,5,53900,42300
VTA009642,2025-12-24,CLI0047,PROD0025,VEN016,SUC010,Web,11,71500,59800
VTA009643,2026-06-26,CLI0083,PROD0042,VEN011,SUC004,Presencial,9,396900,273800
VTA009644,2026-05-09,CLI0012,PROD0017,VEN017,SUC007,Web,1,219500,147000
VTA009645,2026-02-16,CLI0061,PROD0030,VEN006,SUC001,Telefónico,2,584400,453600
VTA009646,2025-01-31,CLI0087,PROD0005,VEN019,SUC008,Presencial,10,444300,306100
VTA009647,2025-01-11,CLI0066,PROD0024,VEN006,SUC004,Web,6,700900,584700
VTA009648,2026-07-01,CLI0056,PROD0047,VEN019,SUC009,Web,3,446400,364100
VTA009649,2025-03-24,CLI0095,PROD0047,VEN020,SUC009,Presencial,7,448200,351300
VTA009650,2026-02-15,CLI0071,PROD0045,VEN007,SUC008,Web,4,122100,94200
VTA009651,2026-07-01,CLI0086,PROD0038,VEN016,SUC003,Web,6,96800,60300
VTA009652,2025-07-14,CLI0027,PROD0014,VEN007,SUC010,Presencial,1,59500,42800
VTA009653,2025-04-29,CLI0032,PROD0027,VEN017,SUC005,Telefónico,4,99900,75900
VTA009654,2025-12-13,CLI0090,PROD0047,VEN013,SUC009,Presencial,6,447100,360300
VTA009655,2025-02-27,CLI0073,PROD0004,VEN005,SUC007,Web,4,367000,293100
VTA009656,2025-10-23,CLI0049,PROD0008,VEN002,SUC006,Presencial,3,594200,383100
VTA009657,2025-03-15,CLI0089,PROD0047,VEN012,SUC005,Web,9,454500,365200
VTA009658,2026-06-07,CLI0099,PROD0015,VEN012,SUC001,Presencial,2,173800,111500
VTA009659,2025-06-17,CLI0029,PROD0050,VEN010,SUC008,Presencial,3,272700,208900
VTA009660,2025-04-03,CLI0061,PROD0003,VEN010,SUC007,Web,7,81400,61700
VTA009661,2025-04-03,CLI0014,PROD0009,VEN013,SUC005,Presencial,3,780700,472500
VTA009662,2026-01-14,CLI0054,PROD0041,VEN017,SUC010,Presencial,10,198200,142800
VTA009663,2026-06-14,CLI0074,PROD0027,VEN020,SUC008,Web,6,99900,75900
VTA009664,2025-11-25,CLI0006,PROD0039,VEN009,SUC009,Web,4,341000,216500
VTA009665,2025-07-23,CLI0075,PROD0026,VEN015,SUC002,Web,8,562700,388200
VTA009666,2026-06-04,CLI0100,PROD0005,VEN010,SUC001,Telefónico,5,442600,298200
VTA009667,2025-10-14,CLI0023,PROD0019,VEN016,SUC007,Telefónico,4,654600,468400
VTA009668,2025-03-17,CLI0087,PROD0038,VEN002,SUC009,Presencial,2,101600,58100
VTA009669,2026-04-24,CLI0099,PROD0041,VEN020,SUC006,Web,8,204900,138400
VTA009670,2026-06-07,CLI0076,PROD0001,VEN001,SUC004,Web,8,395600,251800
VTA009671,2025-02-27,CLI0066,PROD0022,VEN009,SUC001,Presencial,11,462000,322500
VTA009672,2026-07-03,CLI0072,PROD0023,VEN011,SUC002,Presencial,3,583500,411800
VTA009673,2026-06-16,CLI0036,PROD0004,VEN003,SUC005,Web,1,388500,295700
VTA009674,2026-04-18,CLI0044,PROD0044,VEN005,SUC004,Presencial,4,775800,580500
VTA009675,2025-05-06,CLI0094,PROD0009,VEN009,SUC003,Web,10,846200,468300
VTA009676,2025-08-25,CLI0036,PROD0015,VEN007,SUC010,Telefónico,5,179500,110900
VTA009677,2025-05-24,CLI0063,PROD0014,VEN010,SUC004,Web,4,62100,44200
VTA009678,2025-09-11,CLI0016,PROD0027,VEN009,SUC007,Presencial,9,114800,75400
VTA009679,2026-06-30,CLI0080,PROD0050,VEN005,SUC009,Web,1,255400,204600
VTA009680,2026-07-20,CLI0060,PROD0045,VEN004,SUC006,Web,7,115800,90700
VTA009681,2025-08-03,CLI0062,PROD0009,VEN018,SUC004,Web,4,876500,461200
VTA009682,2025-04-18,CLI0057,PROD0034,VEN017,SUC009,Presencial,3,575800,409900
VTA009683,2025-07-25,CLI0095,PROD0008,VEN002,SUC003,Presencial,8,671300,391200
VTA009684,2026-01-22,CLI0020,PROD0032,VEN014,SUC003,Web,5,284700,184800
VTA009685,2026-05-22,CLI0043,PROD0019,VEN007,SUC006,Presencial,1,725700,469900
VTA009686,2025-02-16,CLI0014,PROD0029,VEN009,SUC008,Web,2,704600,416300
VTA009687,2025-07-10,CLI0001,PROD0047,VEN002,SUC004,Presencial,7,439000,356500
VTA009688,2026-02-27,CLI0054,PROD0047,VEN009,SUC009,Web,1,412900,349500
VTA009689,2025-09-20,CLI0031,PROD0015,VEN016,SUC007,Web,4,165300,108900
VTA009690,2025-01-25,CLI0003,PROD0013,VEN002,SUC002,Presencial,7,465100,406700
VTA009691,2025-02-11,CLI0063,PROD0004,VEN004,SUC010,Presencial,7,396900,299700
VTA009692,2025-11-24,CLI0059,PROD0008,VEN011,SUC004,Presencial,1,598700,383000
VTA009693,2025-11-29,CLI0029,PROD0012,VEN003,SUC002,Presencial,2,404300,280200
VTA009694,2025-06-13,CLI0027,PROD0034,VEN017,SUC001,Presencial,12,544300,409900
VTA009695,2026-06-18,CLI0027,PROD0013,VEN005,SUC006,Presencial,5,499900,400000
VTA009696,2025-03-13,CLI0001,PROD0010,VEN014,SUC002,Web,3,333800,233000
VTA009697,2026-03-02,CLI0004,PROD0041,VEN015,SUC005,Presencial,1,197600,140700
VTA009698,2025-10-08,CLI0038,PROD0050,VEN012,SUC004,Telefónico,11,269000,207000
VTA009699,2026-05-02,CLI0072,PROD0043,VEN007,SUC006,Web,8,446000,355300
VTA009700,2025-11-17,CLI0087,PROD0045,VEN015,SUC006,Web,8,124200,93700
VTA009701,2026-03-29,CLI0042,PROD0024,VEN001,SUC001,Presencial,11,732700,583700
VTA009702,2025-12-27,CLI0008,PROD0048,VEN019,SUC003,Presencial,1,19600,12900
VTA009703,2025-07-09,CLI0038,PROD0032,VEN010,SUC005,Web,9,295000,182200
VTA009704,2026-07-22,CLI0063,PROD0024,VEN011,SUC010,Web,12,686400,589100
VTA009705,2026-02-21,CLI0030,PROD0025,VEN001,SUC007,Web,6,77400,60600
VTA009706,2025-02-07,CLI0043,PROD0028,VEN015,SUC001,Presencial,10,483100,270900
VTA009707,2025-05-19,CLI0025,PROD0037,VEN003,SUC001,Presencial,7,236800,162400
VTA009708,2026-02-28,CLI0035,PROD0015,VEN005,SUC003,Presencial,6,176100,111000
VTA009709,2025-11-03,CLI0034,PROD0027,VEN007,SUC007,Web,10,105200,75400
VTA009710,2025-04-15,CLI0077,PROD0035,VEN006,SUC007,Presencial,3,712100,453300
VTA009711,2026-05-03,CLI0005,PROD0018,VEN018,SUC004,Web,11,184100,152600
VTA009712,2026-02-17,CLI0010,PROD0026,VEN008,SUC008,Web,9,496900,385700
VTA009713,2025-08-13,CLI0039,PROD0044,VEN010,SUC001,Web,3,818500,585700
VTA009714,2025-03-09,CLI0084,PROD0024,VEN016,SUC003,Web,2,787000,596500
VTA009715,2026-03-19,CLI0022,PROD0001,VEN002,SUC010,Presencial,4,392400,252700
VTA009716,2025-06-02,CLI0026,PROD0017,VEN019,SUC010,Presencial,11,199500,149600
VTA009717,2026-05-31,CLI0034,PROD0037,VEN019,SUC002,Presencial,5,249800,165500
VTA009718,2026-03-16,CLI0093,PROD0039,VEN013,SUC001,Web,3,305800,210800
VTA009719,2025-02-23,CLI0058,PROD0020,VEN011,SUC010,Web,3,518400,409800
VTA009720,2026-04-12,CLI0047,PROD0005,VEN013,SUC009,Web,6,476200,299800
VTA009721,2025-07-28,CLI0080,PROD0005,VEN012,SUC005,Presencial,10,476500,303800
VTA009722,2026-06-30,CLI0031,PROD0006,VEN017,SUC002,Presencial,7,293900,184300
VTA009723,2025-01-18,CLI0086,PROD0046,VEN001,SUC003,Telefónico,9,552500,350700
VTA009724,2025-12-27,CLI0033,PROD0044,VEN011,SUC008,Web,10,759100,585100
VTA009725,2025-06-17,CLI0084,PROD0002,VEN009,SUC005,Web,5,452800,238100
VTA009726,2025-09-07,CLI0080,PROD0047,VEN016,SUC003,Presencial,6,452700,362300
VTA009727,2025-02-24,CLI0032,PROD0016,VEN005,SUC010,Web,8,152100,111700
VTA009728,2025-01-14,CLI0067,PROD0023,VEN005,SUC010,Web,12,588300,396400
VTA009729,2025-12-12,CLI0035,PROD0005,VEN002,SUC005,Web,7,429600,304000
VTA009730,2025-01-21,CLI0059,PROD0048,VEN016,SUC005,Web,6,19400,12800
VTA009731,2026-01-31,CLI0006,PROD0041,VEN010,SUC010,Presencial,2,208900,143000
VTA009732,2025-05-17,CLI0053,PROD0044,VEN009,SUC002,Web,6,791400,593300
VTA009733,2025-02-17,CLI0024,PROD0035,VEN015,SUC004,Web,1,716200,449900
VTA009734,2025-05-26,CLI0061,PROD0006,VEN011,SUC010,Web,1,283600,178100
VTA009735,2025-11-24,CLI0034,PROD0029,VEN007,SUC002,Presencial,10,707000,433100
VTA009736,2026-01-21,CLI0080,PROD0049,VEN009,SUC003,Telefónico,12,314000,241900
VTA009737,2025-03-16,CLI0051,PROD0028,VEN014,SUC009,Presencial,8,423600,269600
VTA009738,2025-08-15,CLI0087,PROD0050,VEN018,SUC007,Web,1,279000,208100
VTA009739,2025-09-12,CLI0081,PROD0013,VEN019,SUC006,Web,4,512800,394900
VTA009740,2025-04-28,CLI0053,PROD0006,VEN014,SUC007,Presencial,6,269000,180100
VTA009741,2026-02-27,CLI0018,PROD0045,VEN014,SUC009,Telefónico,8,117200,91900
VTA009742,2025-10-18,CLI0032,PROD0017,VEN006,SUC010,Presencial,2,214700,149200
VTA009743,2025-04-16,CLI0051,PROD0033,VEN015,SUC002,Web,4,261300,170600
VTA009744,2026-05-02,CLI0041,PROD0040,VEN015,SUC009,Presencial,5,224100,153600
VTA009745,2025-04-11,CLI0030,PROD0041,VEN008,SUC007,Presencial,2,198600,141600
VTA009746,2025-03-23,CLI0003,PROD0032,VEN012,SUC004,Telefónico,4,322500,180400
VTA009747,2025-05-30,CLI0011,PROD0023,VEN017,SUC001,Telefónico,4,606400,404500
VTA009748,2025-09-18,CLI0089,PROD0042,VEN008,SUC006,Web,1,379900,280500
VTA009749,2025-03-17,CLI0055,PROD0030,VEN008,SUC003,Web,10,641200,450300
VTA009750,2025-11-10,CLI0041,PROD0045,VEN001,SUC007,Web,12,113900,92000
VTA009751,2025-05-17,CLI0035,PROD0012,VEN017,SUC003,Presencial,5,400900,287100
VTA009752,2025-03-27,CLI0046,PROD0003,VEN005,SUC001,Presencial,4,91300,60300
VTA009753,2025-07-09,CLI0091,PROD0004,VEN003,SUC009,Presencial,9,403800,291800
VTA009754,2025-09-06,CLI0062,PROD0006,VEN004,SUC005,Web,12,269700,180100
VTA009755,2026-04-11,CLI0077,PROD0022,VEN010,SUC001,Web,9,464900,312900
VTA009756,2025-09-18,CLI0037,PROD0045,VEN001,SUC009,Presencial,9,115800,94000
VTA009757,2025-05-08,CLI0043,PROD0039,VEN013,SUC003,Presencial,2,321700,213600
VTA009758,2026-01-19,CLI0065,PROD0003,VEN009,SUC003,Presencial,7,80300,60600
VTA009759,2026-05-27,CLI0035,PROD0010,VEN017,SUC003,Presencial,5,350100,224200
VTA009760,2025-09-01,CLI0090,PROD0016,VEN004,SUC001,Presencial,3,134600,113700
VTA009761,2025-06-04,CLI0035,PROD0002,VEN005,SUC004,Presencial,7,423400,240700
VTA009762,2025-04-07,CLI0030,PROD0048,VEN001,SUC008,Web,6,19600,12900
VTA009763,2025-12-30,CLI0039,PROD0034,VEN018,SUC001,Presencial,2,513500,421100
VTA009764,2025-11-21,CLI0043,PROD0043,VEN003,SUC010,Web,6,444200,358800
VTA009765,2025-08-25,CLI0020,PROD0021,VEN016,SUC008,Presencial,3,892500,665200
VTA009766,2026-01-14,CLI0072,PROD0016,VEN004,SUC005,Web,2,145100,109900
VTA009767,2026-03-16,CLI0072,PROD0022,VEN002,SUC002,Presencial,12,517200,312900
VTA009768,2026-07-29,CLI0050,PROD0032,VEN001,SUC005,Web,12,308300,178400
VTA009769,2025-06-01,CLI0087,PROD0015,VEN013,SUC009,Presencial,10,170100,108600
VTA009770,2026-02-24,CLI0031,PROD0040,VEN016,SUC005,Web,9,226800,153000
VTA009771,2025-10-24,CLI0012,PROD0036,VEN018,SUC005,Web,11,534100,315800
VTA009772,2025-11-23,CLI0074,PROD0010,VEN005,SUC003,Web,6,325100,225300
VTA009773,2026-01-03,CLI0032,PROD0047,VEN017,SUC007,Web,8,449300,348000
VTA009774,2025-08-25,CLI0023,PROD0012,VEN007,SUC002,Presencial,6,442000,281700
VTA009775,2025-04-29,CLI0099,PROD0029,VEN010,SUC010,Web,9,643500,426800
VTA009776,2025-12-17,CLI0020,PROD0032,VEN012,SUC004,Web,4,306400,185600
VTA009777,2025-09-01,CLI0087,PROD0026,VEN005,SUC002,Web,3,493900,385100
VTA009778,2025-07-27,CLI0029,PROD0006,VEN020,SUC004,Web,5,288500,180300
VTA009779,2025-02-21,CLI0067,PROD0009,VEN014,SUC006,Web,5,858100,474200
VTA009780,2026-06-11,CLI0060,PROD0044,VEN002,SUC007,Web,2,750300,592900
VTA009781,2026-06-01,CLI0071,PROD0026,VEN002,SUC001,Web,1,534700,391900
VTA009782,2026-06-28,CLI0070,PROD0020,VEN001,SUC007,Web,9,502100,407000
VTA009783,2025-10-31,CLI0028,PROD0049,VEN008,SUC009,Web,1,352500,248800
VTA009784,2026-01-26,CLI0033,PROD0009,VEN013,SUC009,Presencial,4,813100,466600
VTA009785,2025-09-29,CLI0017,PROD0034,VEN018,SUC002,Web,11,560900,418200
VTA009786,2025-12-07,CLI0028,PROD0019,VEN006,SUC010,Presencial,12,734000,471000
VTA009787,2025-12-19,CLI0006,PROD0009,VEN001,SUC010,Web,8,845700,459100
VTA009788,2026-02-10,CLI0001,PROD0049,VEN003,SUC005,Presencial,12,356100,243500
VTA009789,2026-02-18,CLI0070,PROD0035,VEN020,SUC004,Web,6,736600,443900
VTA009790,2025-12-29,CLI0078,PROD0015,VEN008,SUC006,Web,6,183400,109500
VTA009791,2026-07-01,CLI0006,PROD0013,VEN011,SUC004,Telefónico,2,469400,402800
VTA009792,2026-04-13,CLI0006,PROD0007,VEN001,SUC003,Web,3,537500,464200
VTA009793,2025-02-05,CLI0012,PROD0003,VEN016,SUC007,Telefónico,3,80900,60300
VTA009794,2026-07-07,CLI0010,PROD0019,VEN008,SUC007,Web,9,729200,463700
VTA009795,2026-02-06,CLI0082,PROD0033,VEN010,SUC004,Presencial,6,252500,171500
VTA009796,2026-02-14,CLI0054,PROD0040,VEN016,SUC002,Presencial,2,209400,152500
VTA009797,2025-01-19,CLI0066,PROD0007,VEN005,SUC006,Web,9,540600,456800
VTA009798,2025-07-23,CLI0024,PROD0010,VEN004,SUC008,Telefónico,2,301600,230000
VTA009799,2025-12-29,CLI0031,PROD0011,VEN009,SUC004,Web,2,790400,682100
VTA009800,2025-10-14,CLI0059,PROD0041,VEN015,SUC002,Web,8,206100,141000
VTA009801,2025-01-24,CLI0098,PROD0008,VEN020,SUC010,Telefónico,4,584500,389000
VTA009802,2026-01-10,CLI0097,PROD0002,VEN013,SUC003,Presencial,1,418000,240900
VTA009803,2025-10-31,CLI0051,PROD0041,VEN017,SUC008,Web,1,202700,142400
VTA009804,2025-02-20,CLI0094,PROD0020,VEN016,SUC009,Presencial,6,550000,414900
VTA009805,2026-07-04,CLI0015,PROD0022,VEN003,SUC007,Web,4,492100,324000
VTA009806,2026-02-04,CLI0011,PROD0015,VEN001,SUC007,Web,2,171700,109900
VTA009807,2026-06-04,CLI0025,PROD0013,VEN006,SUC010,Telefónico,12,522000,391000
VTA009808,2026-04-14,CLI0032,PROD0005,VEN019,SUC003,Telefónico,9,415300,301400
VTA009809,2026-04-19,CLI0045,PROD0035,VEN003,SUC005,Web,2,697900,446500
VTA009810,2025-07-24,CLI0013,PROD0001,VEN002,SUC003,Telefónico,1,391400,249500
VTA009811,2025-06-03,CLI0091,PROD0005,VEN001,SUC002,Presencial,1,414600,311700
VTA009812,2026-06-21,CLI0082,PROD0008,VEN010,SUC007,Presencial,8,673100,389700
VTA009813,2026-05-19,CLI0078,PROD0012,VEN018,SUC010,Web,6,448800,280600
VTA009814,2025-12-22,CLI0089,PROD0004,VEN017,SUC004,Web,8,396300,291500
VTA009815,2025-10-13,CLI0034,PROD0034,VEN018,SUC009,Web,5,593600,412000
VTA009816,2025-06-30,CLI0079,PROD0010,VEN016,SUC001,Web,8,335300,224800
VTA009817,2026-06-04,CLI0015,PROD0027,VEN004,SUC002,Presencial,4,98600,75800
VTA009818,2025-11-02,CLI0043,PROD0008,VEN016,SUC004,Web,5,667500,381300
VTA009819,2025-05-26,CLI0016,PROD0049,VEN007,SUC007,Presencial,1,335700,249400
VTA009820,2025-06-22,CLI0067,PROD0048,VEN008,SUC009,Presencial,9,18800,12700
VTA009821,2025-04-12,CLI0057,PROD0025,VEN017,SUC010,Web,5,76400,60000
VTA009822,2025-01-23,CLI0008,PROD0042,VEN014,SUC001,Presencial,7,377500,278900
VTA009823,2025-03-28,CLI0085,PROD0018,VEN005,SUC004,Presencial,4,204800,152000
VTA009824,2025-07-20,CLI0042,PROD0035,VEN003,SUC007,Telefónico,12,737600,438700
VTA009825,2025-11-03,CLI0056,PROD0044,VEN008,SUC006,Web,10,750900,598500
VTA009826,2026-05-07,CLI0021,PROD0027,VEN012,SUC007,Web,11,114900,75100
VTA009827,2025-11-07,CLI0067,PROD0046,VEN005,SUC010,Presencial,3,562000,358500
VTA009828,2025-03-23,CLI0084,PROD0033,VEN011,SUC008,Web,11,261000,172800
VTA009829,2025-12-19,CLI0074,PROD0041,VEN014,SUC006,Web,7,217600,142200
VTA009830,2025-04-05,CLI0042,PROD0048,VEN008,SUC006,Web,7,20100,13200
VTA009831,2025-01-15,CLI0097,PROD0016,VEN003,SUC002,Telefónico,8,135100,111400
VTA009832,2025-03-06,CLI0014,PROD0046,VEN019,SUC005,Web,5,557500,363200
VTA009833,2025-03-29,CLI0055,PROD0049,VEN020,SUC010,Presencial,12,347200,254000
VTA009834,2025-01-06,CLI0027,PROD0018,VEN010,SUC002,Web,8,196300,148800
VTA009835,2025-10-11,CLI0013,PROD0011,VEN007,SUC007,Web,8,868100,678500
VTA009836,2025-12-20,CLI0015,PROD0024,VEN011,SUC005,Presencial,6,680400,581000
VTA009837,2025-02-22,CLI0063,PROD0008,VEN001,SUC002,Presencial,6,648400,378800
VTA009838,2025-11-23,CLI0073,PROD0016,VEN012,SUC002,Telefónico,1,148300,109400
VTA009839,2026-01-31,CLI0051,PROD0047,VEN004,SUC007,Web,6,438400,362500
VTA009840,2026-01-06,CLI0052,PROD0041,VEN016,SUC004,Web,4,199000,141000
VTA009841,2026-03-12,CLI0024,PROD0040,VEN019,SUC005,Presencial,5,240700,150400
VTA009842,2026-03-31,CLI0003,PROD0004,VEN005,SUC002,Web,12,364900,300700
VTA009843,2026-04-23,CLI0059,PROD0050,VEN018,SUC002,Presencial,12,258600,200300
VTA009844,2026-02-28,CLI0053,PROD0014,VEN004,SUC006,Telefónico,1,60900,42500
VTA009845,2026-02-19,CLI0093,PROD0025,VEN003,SUC009,Presencial,5,73800,59800
VTA009846,2025-02-04,CLI0044,PROD0006,VEN008,SUC006,Presencial,12,263500,187000
VTA009847,2025-07-08,CLI0099,PROD0006,VEN015,SUC004,Web,11,266800,182200
VTA009848,2025-08-20,CLI0074,PROD0041,VEN014,SUC005,Telefónico,12,199700,139600
VTA009849,2025-05-28,CLI0053,PROD0027,VEN013,SUC004,Presencial,7,109000,75500
VTA009850,2026-06-01,CLI0092,PROD0038,VEN014,SUC004,Telefónico,8,90300,59500
VTA009851,2026-05-30,CLI0010,PROD0012,VEN016,SUC004,Web,5,438100,276600
VTA009852,2025-02-20,CLI0044,PROD0035,VEN003,SUC002,Presencial,12,704200,456600
VTA009853,2025-06-08,CLI0009,PROD0012,VEN011,SUC001,Web,12,453800,278000
VTA009854,2025-02-13,CLI0039,PROD0004,VEN015,SUC009,Presencial,10,375900,292400
VTA009855,2026-06-18,CLI0029,PROD0022,VEN014,SUC006,Presencial,6,512700,312300
VTA009856,2025-06-14,CLI0019,PROD0005,VEN004,SUC010,Web,5,441200,300500
VTA009857,2026-04-14,CLI0038,PROD0034,VEN002,SUC008,Web,1,590100,413700
VTA009858,2025-01-20,CLI0026,PROD0015,VEN011,SUC006,Presencial,6,182800,110800
VTA009859,2026-07-07,CLI0015,PROD0016,VEN010,SUC010,Web,4,141400,111600
VTA009860,2025-07-05,CLI0029,PROD0044,VEN015,SUC010,Presencial,6,767800,583000
VTA009861,2025-02-02,CLI0062,PROD0012,VEN007,SUC006,Presencial,3,412100,278200
VTA009862,2025-09-11,CLI0032,PROD0021,VEN013,SUC004,Telefónico,8,873100,675900
VTA009863,2025-09-29,CLI0071,PROD0019,VEN018,SUC001,Presencial,4,683500,465900
VTA009864,2026-07-08,CLI0031,PROD0043,VEN002,SUC003,Telefónico,4,447500,357300
VTA009865,2026-03-05,CLI0062,PROD0033,VEN009,SUC003,Presencial,10,265500,168600
VTA009866,2025-08-07,CLI0009,PROD0045,VEN010,SUC003,Presencial,6,118900,94900
VTA009867,2025-10-12,CLI0020,PROD0012,VEN003,SUC002,Presencial,12,425200,277000
VTA009868,2025-04-26,CLI0080,PROD0019,VEN014,SUC002,Presencial,1,663400,473700
VTA009869,2025-04-16,CLI0086,PROD0027,VEN009,SUC002,Telefónico,12,112400,78100
VTA009870,2025-02-06,CLI0060,PROD0010,VEN016,SUC008,Presencial,6,319200,225700
VTA009871,2025-05-22,CLI0011,PROD0010,VEN011,SUC002,Web,2,314600,226900
VTA009872,2026-06-08,CLI0063,PROD0017,VEN020,SUC008,Presencial,9,213000,150500
VTA009873,2025-02-01,CLI0088,PROD0045,VEN018,SUC005,Web,1,116900,91800
VTA009874,2025-02-21,CLI0013,PROD0044,VEN016,SUC009,Web,12,829400,588100
VTA009875,2026-07-01,CLI0054,PROD0028,VEN002,SUC004,Presencial,12,449200,270800
VTA009876,2025-11-27,CLI0033,PROD0039,VEN007,SUC009,Telefónico,3,326500,211600
VTA009877,2025-03-31,CLI0005,PROD0036,VEN008,SUC001,Presencial,7,484200,321500
VTA009878,2025-11-09,CLI0044,PROD0039,VEN012,SUC007,Presencial,1,323200,209500
VTA009879,2025-09-16,CLI0054,PROD0007,VEN009,SUC010,Web,2,565400,450500
VTA009880,2025-06-01,CLI0057,PROD0026,VEN002,SUC007,Presencial,9,498400,378200
VTA009881,2026-07-17,CLI0065,PROD0022,VEN020,SUC010,Presencial,1,504200,314300
VTA009882,2026-03-19,CLI0029,PROD0050,VEN010,SUC008,Presencial,1,286600,202100
VTA009883,2025-03-12,CLI0065,PROD0001,VEN014,SUC008,Web,8,378600,244800
VTA009884,2026-04-10,CLI0050,PROD0004,VEN007,SUC009,Presencial,3,382200,292600
VTA009885,2025-07-08,CLI0020,PROD0023,VEN015,SUC005,Presencial,10,632100,412700
VTA009886,2025-12-13,CLI0078,PROD0031,VEN005,SUC002,Presencial,10,278300,206000
VTA009887,2026-01-29,CLI0090,PROD0031,VEN002,SUC009,Web,5,272100,204200
VTA009888,2025-10-21,CLI0011,PROD0033,VEN018,SUC003,Presencial,8,241500,175200
VTA009889,2025-01-04,CLI0034,PROD0037,VEN017,SUC007,Web,1,232700,161000
VTA009890,2025-11-03,CLI0036,PROD0030,VEN019,SUC005,Web,6,603400,442000
VTA009891,2025-12-17,CLI0028,PROD0011,VEN002,SUC007,Presencial,7,828800,673900
VTA009892,2025-01-25,CLI0011,PROD0032,VEN017,SUC005,Presencial,10,284200,180400
VTA009893,2026-01-04,CLI0057,PROD0009,VEN007,SUC003,Web,2,817200,460400
VTA009894,2025-12-16,CLI0052,PROD0010,VEN002,SUC004,Web,3,335900,223600
VTA009895,2025-03-07,CLI0008,PROD0014,VEN004,SUC001,Web,2,58400,43600
VTA009896,2025-08-02,CLI0012,PROD0040,VEN017,SUC007,Web,3,240100,152300
VTA009897,2025-04-08,CLI0083,PROD0045,VEN009,SUC003,Web,3,126300,92100
VTA009898,2025-04-20,CLI0032,PROD0023,VEN005,SUC003,Web,1,561600,397300
VTA009899,2025-02-12,CLI0077,PROD0046,VEN011,SUC010,Presencial,4,539600,360100
VTA009900,2025-11-06,CLI0009,PROD0045,VEN018,SUC010,Presencial,7,127600,91500
VTA009901,2025-10-15,CLI0061,PROD0036,VEN005,SUC007,Web,1,523200,322200
VTA009902,2026-01-11,CLI0069,PROD0004,VEN016,SUC001,Web,11,371200,290600
VTA009903,2025-12-20,CLI0099,PROD0029,VEN013,SUC005,Web,1,645500,418300
VTA009904,2025-07-29,CLI0100,PROD0028,VEN009,SUC004,Telefónico,2,427500,276200
VTA009905,2025-11-30,CLI0039,PROD0025,VEN001,SUC003,Presencial,5,79200,59000
VTA009906,2025-10-10,CLI0027,PROD0013,VEN019,SUC009,Web,6,515100,409400
VTA009907,2025-01-10,CLI0027,PROD0018,VEN011,SUC007,Web,10,212100,149600
VTA009908,2026-01-07,CLI0075,PROD0042,VEN010,SUC001,Presencial,6,401500,286100
VTA009909,2025-04-20,CLI0047,PROD0007,VEN008,SUC005,Web,5,559100,458900
VTA009910,2025-02-14,CLI0023,PROD0001,VEN018,SUC002,Presencial,6,432000,253200
VTA009911,2026-05-14,CLI0011,PROD0032,VEN019,SUC008,Presencial,1,284000,186600
VTA009912,2025-03-27,CLI0048,PROD0031,VEN010,SUC008,Web,4,262800,206300
VTA009913,2026-03-15,CLI0092,PROD0045,VEN017,SUC009,Presencial,9,113300,94700
VTA009914,2025-07-15,CLI0098,PROD0021,VEN008,SUC009,Web,5,809200,673100
VTA009915,2025-10-14,CLI0004,PROD0013,VEN005,SUC009,Presencial,3,529700,393100
VTA009916,2025-06-04,CLI0100,PROD0019,VEN013,SUC007,Web,10,655700,480200
VTA009917,2025-12-20,CLI0023,PROD0022,VEN016,SUC004,Presencial,10,495400,317000
VTA009918,2025-12-15,CLI0060,PROD0040,VEN004,SUC003,Web,11,226400,153100
VTA009919,2026-02-22,CLI0050,PROD0046,VEN010,SUC006,Presencial,3,523800,357800
VTA009920,2025-10-23,CLI0056,PROD0016,VEN005,SUC007,Web,3,140100,113500
VTA009921,2025-05-28,CLI0030,PROD0008,VEN015,SUC002,Web,3,677700,389000
VTA009922,2026-03-18,CLI0096,PROD0008,VEN014,SUC001,Presencial,12,655900,391300
VTA009923,2025-10-13,CLI0004,PROD0011,VEN016,SUC006,Presencial,3,814200,689900
VTA009924,2026-01-03,CLI0050,PROD0001,VEN003,SUC007,Telefónico,10,414500,248600
VTA009925,2025-12-04,CLI0055,PROD0033,VEN002,SUC005,Presencial,7,249000,173600
VTA009926,2025-12-11,CLI0057,PROD0044,VEN007,SUC003,Web,7,831000,579800
VTA009927,2026-01-07,CLI0061,PROD0014,VEN008,SUC008,Presencial,6,57500,42300
VTA009928,2025-07-23,CLI0074,PROD0017,VEN020,SUC003,Telefónico,4,195600,146200
VTA009929,2025-08-08,CLI0075,PROD0015,VEN013,SUC004,Web,7,171300,110000
VTA009930,2025-04-26,CLI0008,PROD0018,VEN006,SUC008,Web,1,211200,147800
VTA009931,2026-05-02,CLI0094,PROD0013,VEN012,SUC003,Presencial,1,462700,399000
VTA009932,2025-11-18,CLI0078,PROD0017,VEN010,SUC006,Presencial,7,208700,146100
VTA009933,2025-09-06,CLI0006,PROD0031,VEN003,SUC008,Presencial,9,254600,200600
VTA009934,2025-07-09,CLI0068,PROD0048,VEN006,SUC001,Presencial,10,20500,13300
VTA009935,2025-04-22,CLI0072,PROD0009,VEN008,SUC010,Presencial,1,786700,468900
VTA009936,2026-03-21,CLI0019,PROD0047,VEN007,SUC003,Web,2,411000,354700
VTA009937,2025-10-11,CLI0022,PROD0008,VEN018,SUC008,Presencial,12,616700,378500
VTA009938,2025-09-12,CLI0035,PROD0015,VEN002,SUC005,Telefónico,12,164600,108600
VTA009939,2025-08-29,CLI0010,PROD0004,VEN004,SUC008,Presencial,7,353700,301400
VTA009940,2025-09-22,CLI0033,PROD0042,VEN001,SUC005,Presencial,9,359900,282500
VTA009941,2025-05-28,CLI0051,PROD0039,VEN010,SUC002,Web,3,343700,210100
VTA009942,2026-06-08,CLI0065,PROD0035,VEN006,SUC008,Web,5,735000,446000
VTA009943,2025-05-10,CLI0008,PROD0019,VEN010,SUC001,Web,11,639500,461900
VTA009944,2026-06-23,CLI0036,PROD0040,VEN018,SUC009,Presencial,12,227000,149100
VTA009945,2026-06-15,CLI0097,PROD0048,VEN017,SUC010,Web,8,19500,13000
VTA009946,2025-01-22,CLI0089,PROD0037,VEN016,SUC007,Presencial,10,248400,164900
VTA009947,2026-05-28,CLI0037,PROD0012,VEN016,SUC009,Presencial,1,455000,280900
VTA009948,2025-09-11,CLI0095,PROD0020,VEN001,SUC006,Web,5,524900,404100
VTA009949,2025-11-11,CLI0035,PROD0011,VEN011,SUC002,Telefónico,11,910400,699600
VTA009950,2026-05-26,CLI0091,PROD0006,VEN005,SUC007,Web,12,292100,182100
VTA009951,2026-03-29,CLI0024,PROD0016,VEN001,SUC005,Presencial,6,144500,111300
VTA009952,2025-05-22,CLI0071,PROD0046,VEN013,SUC001,Presencial,9,528600,356000
VTA009953,2025-01-13,CLI0004,PROD0025,VEN006,SUC001,Web,6,79700,59400
VTA009954,2026-05-15,CLI0031,PROD0006,VEN012,SUC006,Telefónico,1,289300,179000
VTA009955,2026-05-23,CLI0049,PROD0040,VEN006,SUC007,Presencial,11,227500,153400
VTA009956,2025-02-03,CLI0087,PROD0025,VEN005,SUC005,Telefónico,9,68500,58900
VTA009957,2026-02-01,CLI0054,PROD0023,VEN005,SUC004,Web,3,591600,397900
VTA009958,2025-01-02,CLI0071,PROD0050,VEN017,SUC007,Web,9,276000,208400
VTA009959,2026-03-22,CLI0069,PROD0004,VEN015,SUC009,Telefónico,5,377800,299500
VTA009960,2026-02-19,CLI0045,PROD0012,VEN008,SUC001,Web,8,407400,286500
VTA009961,2025-12-24,CLI0075,PROD0033,VEN019,SUC009,Presencial,9,245600,176200
VTA009962,2026-02-28,CLI0075,PROD0012,VEN019,SUC004,Presencial,10,399000,280400
VTA009963,2026-07-12,CLI0016,PROD0037,VEN015,SUC008,Telefónico,10,257300,163900
VTA009964,2026-02-27,CLI0031,PROD0011,VEN020,SUC003,Telefónico,9,809200,672900
VTA009965,2026-07-21,CLI0024,PROD0033,VEN001,SUC004,Presencial,1,270100,176400
VTA009966,2026-01-13,CLI0074,PROD0032,VEN006,SUC004,Presencial,10,331200,182300
VTA009967,2025-07-12,CLI0017,PROD0005,VEN011,SUC002,Web,4,469200,302600
VTA009968,2026-04-23,CLI0096,PROD0045,VEN019,SUC004,Telefónico,1,123900,92100
VTA009969,2026-07-02,CLI0091,PROD0044,VEN019,SUC005,Web,10,752800,593600
VTA009970,2025-02-20,CLI0033,PROD0021,VEN001,SUC009,Web,7,828800,670200
VTA009971,2025-10-15,CLI0006,PROD0005,VEN005,SUC001,Web,2,411800,303100
VTA009972,2025-07-26,CLI0038,PROD0023,VEN003,SUC010,Web,8,652600,410700
VTA009973,2026-01-26,CLI0004,PROD0016,VEN020,SUC004,Presencial,10,133200,112000
VTA009974,2025-04-20,CLI0023,PROD0044,VEN019,SUC007,Presencial,7,816600,599600
VTA009975,2025-04-30,CLI0055,PROD0045,VEN018,SUC004,Presencial,10,121400,94400
VTA009976,2025-06-27,CLI0093,PROD0044,VEN017,SUC008,Presencial,2,747200,595900
VTA009977,2026-04-01,CLI0025,PROD0036,VEN002,SUC006,Presencial,5,527700,317200
VTA009978,2026-05-01,CLI0069,PROD0030,VEN009,SUC010,Presencial,12,607700,449900
VTA009979,2026-03-31,CLI0031,PROD0038,VEN013,SUC005,Presencial,2,103200,60100
VTA009980,2025-10-01,CLI0001,PROD0004,VEN014,SUC009,Web,4,376800,291300
VTA009981,2025-11-18,CLI0006,PROD0003,VEN011,SUC001,Web,6,91500,60600
VTA009982,2025-04-24,CLI0022,PROD0004,VEN007,SUC005,Web,1,384100,294200
VTA009983,2025-10-19,CLI0047,PROD0042,VEN011,SUC005,Telefónico,10,415400,276500
VTA009984,2025-04-03,CLI0013,PROD0043,VEN009,SUC003,Presencial,10,490600,352600
VTA009985,2025-04-06,CLI0073,PROD0043,VEN005,SUC002,Presencial,12,489100,357600
VTA009986,2025-06-22,CLI0098,PROD0011,VEN016,SUC009,Web,10,890800,669600
VTA009987,2025-10-16,CLI0057,PROD0016,VEN016,SUC001,Presencial,6,140700,110200
VTA009988,2025-05-06,CLI0007,PROD0027,VEN008,SUC007,Presencial,2,105600,78200
VTA009989,2025-06-27,CLI0087,PROD0025,VEN012,SUC007,Telefónico,4,79800,60000
VTA009990,2025-10-13,CLI0033,PROD0015,VEN009,SUC009,Web,4,180600,108100
VTA009991,2025-02-24,CLI0071,PROD0013,VEN008,SUC008,Web,10,537500,401200
VTA009992,2025-07-10,CLI0072,PROD0050,VEN020,SUC008,Telefónico,1,268200,204100
VTA009993,2026-04-02,CLI0025,PROD0016,VEN002,SUC005,Web,9,140800,111800
VTA009994,2025-07-08,CLI0064,PROD0002,VEN016,SUC005,Telefónico,10,418400,239000
VTA009995,2026-07-11,CLI0041,PROD0017,VEN017,SUC007,Web,9,198200,151400
VTA009996,2025-07-25,CLI0034,PROD0028,VEN010,SUC004,Presencial,12,420800,277700
VTA009997,2025-11-22,CLI0039,PROD0005,VEN002,SUC007,Presencial,4,467200,299200
VTA009998,2026-01-21,CLI0003,PROD0045,VEN010,SUC003,Presencial,3,124300,94200
VTA009999,2025-04-30,CLI0052,PROD0017,VEN003,SUC004,Presencial,10,197700,151600
VTA010000,2025-02-26,CLI0084,PROD0036,VEN015,SUC010,Telefónico,2,554400,315000
